INSERT INTO `users` (`id`, `firstname`, `lastname`, `email`, `password_hash`, `phone`) VALUES ('1', 'laudantium', 'maxime', 'voluptatibus@gmail.com', 'e6c3853dbb3ec449d6693874840ea1c6', '79115073967');
INSERT INTO `users` (`id`, `firstname`, `lastname`, `email`, `password_hash`, `phone`) VALUES ('2', 'a', 'iure', 'repellat@gmail.com', '0cc175b9c0f1b6a831c399e269772661', '79977545409');
INSERT INTO `users` (`id`, `firstname`, `lastname`, `email`, `password_hash`, `phone`) VALUES ('3', 'quisquam', 'nesciunt', 'obcaecati@gmail.com', 'a6e7a20961d8d922db0c5abd4b61feef', '79094409280');
INSERT INTO `users` (`id`, `firstname`, `lastname`, `email`, `password_hash`, `phone`) VALUES ('4', 'neque', 'id', 'maxime@gmail.com', '88d2b69e23a67329d84d6c0104cdd6d6', '79506259416');
INSERT INTO `users` (`id`, `firstname`, `lastname`, `email`, `password_hash`, `phone`) VALUES ('5', 'aliquid', 'non', 'vitae@gmail.com', 'df67afa4013d871726cc382f0e2d74c0', '79951383369');
INSERT INTO `users` (`id`, `firstname`, `lastname`, `email`, `password_hash`, `phone`) VALUES ('6', 'alias', 'eos', 'aliquid@gmail.com', '724874d1be77f450a09b305fc1534afb', '79250730011');
INSERT INTO `users` (`id`, `firstname`, `lastname`, `email`, `password_hash`, `phone`) VALUES ('7', 'impedit', 'natus', 'at@gmail.com', '584d42bd1e9b475ad4626a1b96bc7d01', '79126388142');
INSERT INTO `users` (`id`, `firstname`, `lastname`, `email`, `password_hash`, `phone`) VALUES ('8', 'distinctio', 'nemo', 'quo@gmail.com', 'ede561f6c2cc76edca5449fe3b974fb7', '79633673711');
INSERT INTO `users` (`id`, `firstname`, `lastname`, `email`, `password_hash`, `phone`) VALUES ('9', 'molestias', 'dolores', 'aspernatur@gmail.com', 'af9fc18b1c93dbc5925a6b06f9515337', '79577051312');
INSERT INTO `users` (`id`, `firstname`, `lastname`, `email`, `password_hash`, `phone`) VALUES ('10', 'eligendi', 'nesciunt', 'rem@gmail.com', '64df34d8893f5a0a0b76e5383d002be7', '79782160488');
INSERT INTO `users` (`id`, `firstname`, `lastname`, `email`, `password_hash`, `phone`) VALUES ('11', 'totam', 'distinctio', 'iste@gmail.com', '0b04d0606d206325ae08e854269a5253', '79142522662');
INSERT INTO `users` (`id`, `firstname`, `lastname`, `email`, `password_hash`, `phone`) VALUES ('12', 'nam', 'similique', 'eius@gmail.com', '22c78aadb8d25a53ca407fae265a7154', '79531218654');
INSERT INTO `users` (`id`, `firstname`, `lastname`, `email`, `password_hash`, `phone`) VALUES ('13', 'doloribus', 'dicta', 'nostrum@gmail.com', 'bc4e7404a7f5b5babffbeac00de2adee', '79461964770');
INSERT INTO `users` (`id`, `firstname`, `lastname`, `email`, `password_hash`, `phone`) VALUES ('14', 'rerum', 'saepe', 'dolorum@gmail.com', 'f86fdc90d5212be54b248041d44194f5', '79227396657');
INSERT INTO `users` (`id`, `firstname`, `lastname`, `email`, `password_hash`, `phone`) VALUES ('15', 'molestias', 'porro', 'saepe@gmail.com', 'af9fc18b1c93dbc5925a6b06f9515337', '79715577246');
INSERT INTO `users` (`id`, `firstname`, `lastname`, `email`, `password_hash`, `phone`) VALUES ('16', 'tenetur', 'perspiciatis', 'itaque@gmail.com', 'f57681ae94508b7af8555bdb2d5b1567', '79582821909');
INSERT INTO `users` (`id`, `firstname`, `lastname`, `email`, `password_hash`, `phone`) VALUES ('17', 'explicabo', 'praesentium', 'autem@gmail.com', '7ec62894245fc092a4ba65706b397180', '79567228818');
INSERT INTO `users` (`id`, `firstname`, `lastname`, `email`, `password_hash`, `phone`) VALUES ('18', 'modi', 'unde', 'quibusdam@gmail.com', 'caacd35a900b68a8c4347d5c8564cc3d', '79637365755');
INSERT INTO `users` (`id`, `firstname`, `lastname`, `email`, `password_hash`, `phone`) VALUES ('19', 'dolor', 'dignissimos', 'ratione@gmail.com', 'a98931d104a7fb8f30450547d97e7ca5', '79483006704');
INSERT INTO `users` (`id`, `firstname`, `lastname`, `email`, `password_hash`, `phone`) VALUES ('20', 'dolor', 'aliquid', 'fuga@gmail.com', 'a98931d104a7fb8f30450547d97e7ca5', '79531616580');
INSERT INTO `users` (`id`, `firstname`, `lastname`, `email`, `password_hash`, `phone`) VALUES ('21', 'ratione', 'minus', 'iure@gmail.com', '24edfcd998740efe8292b68d24ce1413', '79455677536');
INSERT INTO `users` (`id`, `firstname`, `lastname`, `email`, `password_hash`, `phone`) VALUES ('22', 'omnis', 'quam', 'sint@gmail.com', 'd2d1eed584cdc97774319f9c74d1ab59', '79337485649');
INSERT INTO `users` (`id`, `firstname`, `lastname`, `email`, `password_hash`, `phone`) VALUES ('23', 'praesentium', 'deserunt', 'ipsam@gmail.com', '839abd617be9f459cba76b491cd2eec7', '79295548662');
INSERT INTO `users` (`id`, `firstname`, `lastname`, `email`, `password_hash`, `phone`) VALUES ('24', 'accusamus', 'deleniti', 'illo@gmail.com', 'aa2965cb20e750952d45469ec5a6ed94', '79849233571');
INSERT INTO `users` (`id`, `firstname`, `lastname`, `email`, `password_hash`, `phone`) VALUES ('25', 'nam', 'ut', 'cupiditate@gmail.com', '22c78aadb8d25a53ca407fae265a7154', '79302867610');
INSERT INTO `users` (`id`, `firstname`, `lastname`, `email`, `password_hash`, `phone`) VALUES ('26', 'iusto', 'aliquid', 'atque@gmail.com', '4ed5bb266ded3068c5ba0a01e78b21b9', '79708652626');
INSERT INTO `users` (`id`, `firstname`, `lastname`, `email`, `password_hash`, `phone`) VALUES ('27', 'quod', 'magnam', 'necessitatibus@gmail.com', '9d0b1714518907192490ce56247c01cf', '79122973595');
INSERT INTO `users` (`id`, `firstname`, `lastname`, `email`, `password_hash`, `phone`) VALUES ('28', 'commodi', 'rerum', 'repudiandae@gmail.com', 'dcc90f3ec4a4da15b1ec6583560215cf', '79372137858');
INSERT INTO `users` (`id`, `firstname`, `lastname`, `email`, `password_hash`, `phone`) VALUES ('29', 'vero', 'iusto', 'odit@gmail.com', 'cc491de401e5dbcde41ef91090975f42', '79836808822');
INSERT INTO `users` (`id`, `firstname`, `lastname`, `email`, `password_hash`, `phone`) VALUES ('30', 'odio', 'eos', 'et@gmail.com', '81defa8f7aec3af6ec8392bf4594be48', '79725420085');
INSERT INTO `users` (`id`, `firstname`, `lastname`, `email`, `password_hash`, `phone`) VALUES ('31', 'quisquam', 'odit', 'alias@gmail.com', 'a6e7a20961d8d922db0c5abd4b61feef', '79471331069');
INSERT INTO `users` (`id`, `firstname`, `lastname`, `email`, `password_hash`, `phone`) VALUES ('32', 'beatae', 'veniam', 'exercitationem@gmail.com', '9db01da74e0242193f0693b067fdc5eb', '79214821958');
INSERT INTO `users` (`id`, `firstname`, `lastname`, `email`, `password_hash`, `phone`) VALUES ('33', 'modi', 'mollitia', 'sunt@gmail.com', 'caacd35a900b68a8c4347d5c8564cc3d', '79100904495');
INSERT INTO `users` (`id`, `firstname`, `lastname`, `email`, `password_hash`, `phone`) VALUES ('34', 'assumenda', 'sed', 'adipisci@gmail.com', '51167f194aef1839dd06b27278184c7b', '79493381258');
INSERT INTO `users` (`id`, `firstname`, `lastname`, `email`, `password_hash`, `phone`) VALUES ('35', 'suscipit', 'voluptatum', 'error@gmail.com', 'af03af10d57b7b17f26a0130562d6b6e', '79219214944');
INSERT INTO `users` (`id`, `firstname`, `lastname`, `email`, `password_hash`, `phone`) VALUES ('36', 'voluptate', 'aperiam', 'libero@gmail.com', 'bb1d19ba36e69b90dd79ece06829c7d5', '79954539346');
INSERT INTO `users` (`id`, `firstname`, `lastname`, `email`, `password_hash`, `phone`) VALUES ('37', 'id', 'atque', 'quam@gmail.com', 'b80bb7740288fda1f201890375a60c8f', '79112576238');
INSERT INTO `users` (`id`, `firstname`, `lastname`, `email`, `password_hash`, `phone`) VALUES ('38', 'enim', 'ipsam', 'reprehenderit@gmail.com', 'a6ac54ff17ca90704e5d89a8e0d545bc', '79624865644');
INSERT INTO `users` (`id`, `firstname`, `lastname`, `email`, `password_hash`, `phone`) VALUES ('39', 'officiis', 'animi', 'nobis@gmail.com', '3218f9e8ebd930a0e4736928257ef9c5', '79048185087');
INSERT INTO `users` (`id`, `firstname`, `lastname`, `email`, `password_hash`, `phone`) VALUES ('40', 'rem', 'alias', 'facilis@gmail.com', '5cadb523cb6909f92350f70f124adfb8', '79429901041');
INSERT INTO `users` (`id`, `firstname`, `lastname`, `email`, `password_hash`, `phone`) VALUES ('41', 'obcaecati', 'facere', 'suscipit@gmail.com', '070e941debd8710a7a72b3fa093ca942', '79644441520');
INSERT INTO `users` (`id`, `firstname`, `lastname`, `email`, `password_hash`, `phone`) VALUES ('42', 'nihil', 'nam', 'harum@gmail.com', '5a74f9bbb93ada84e7794406c86010a5', '79194378745');
INSERT INTO `users` (`id`, `firstname`, `lastname`, `email`, `password_hash`, `phone`) VALUES ('43', 'officia', 'eveniet', 'neque@gmail.com', '5ef9f2e53bc7736c35216f12f4e0c935', '79477977015');
INSERT INTO `users` (`id`, `firstname`, `lastname`, `email`, `password_hash`, `phone`) VALUES ('44', 'inventore', 'asperiores', 'porro@gmail.com', 'efe99ac1896cfa5885f2ce1468e9ffb5', '79620930251');
INSERT INTO `users` (`id`, `firstname`, `lastname`, `email`, `password_hash`, `phone`) VALUES ('45', 'fuga', 'ab', 'minus@gmail.com', 'c32ec965db3295bad074d2afa907b1c3', '79303856614');
INSERT INTO `users` (`id`, `firstname`, `lastname`, `email`, `password_hash`, `phone`) VALUES ('46', 'veritatis', 'impedit', 'ipsa@gmail.com', '700581cd049e4776564a120dd09f7cae', '79596470165');
INSERT INTO `users` (`id`, `firstname`, `lastname`, `email`, `password_hash`, `phone`) VALUES ('47', 'nam', 'quis', 'labore@gmail.com', '22c78aadb8d25a53ca407fae265a7154', '79711290476');
INSERT INTO `users` (`id`, `firstname`, `lastname`, `email`, `password_hash`, `phone`) VALUES ('48', 'ad', 'expedita', 'natus@gmail.com', '523af537946b79c4f8369ed39ba78605', '79662679406');
INSERT INTO `users` (`id`, `firstname`, `lastname`, `email`, `password_hash`, `phone`) VALUES ('49', 'praesentium', 'fugiat', 'unde@gmail.com', '839abd617be9f459cba76b491cd2eec7', '79493432327');
INSERT INTO `users` (`id`, `firstname`, `lastname`, `email`, `password_hash`, `phone`) VALUES ('50', 'odio', 'hic', 'mollitia@gmail.com', '81defa8f7aec3af6ec8392bf4594be48', '79597076794');
INSERT INTO `users` (`id`, `firstname`, `lastname`, `email`, `password_hash`, `phone`) VALUES ('51', 'provident', 'dolorem', 'quos@gmail.com', '7d0e8be0594b542aaa75f730fb13da4e', '79095317050');
INSERT INTO `users` (`id`, `firstname`, `lastname`, `email`, `password_hash`, `phone`) VALUES ('52', 'quas', 'porro', 'fugiat@gmail.com', 'e0d7b90f82f055e8ba87a3864b4bdff5', '79355267066');
INSERT INTO `users` (`id`, `firstname`, `lastname`, `email`, `password_hash`, `phone`) VALUES ('53', 'eum', 'iste', 'esse@gmail.com', 'dd73e86c9fe114b320f834d644efdc97', '79233714227');
INSERT INTO `users` (`id`, `firstname`, `lastname`, `email`, `password_hash`, `phone`) VALUES ('54', 'reprehenderit', 'repellendus', 'sed@gmail.com', '7182e4e2d53c642b50abaf01832df2f6', '79825173207');
INSERT INTO `users` (`id`, `firstname`, `lastname`, `email`, `password_hash`, `phone`) VALUES ('55', 'distinctio', 'deleniti', 'rerum@gmail.com', 'ede561f6c2cc76edca5449fe3b974fb7', '79667141714');
INSERT INTO `users` (`id`, `firstname`, `lastname`, `email`, `password_hash`, `phone`) VALUES ('56', 'nihil', 'mollitia', 'assumenda@gmail.com', '5a74f9bbb93ada84e7794406c86010a5', '79668572138');
INSERT INTO `users` (`id`, `firstname`, `lastname`, `email`, `password_hash`, `phone`) VALUES ('57', 'incidunt', 'sapiente', 'asperiores@gmail.com', 'd7149a81509495164a116502fcbd8346', '79721352131');
INSERT INTO `users` (`id`, `firstname`, `lastname`, `email`, `password_hash`, `phone`) VALUES ('58', 'eos', 'magnam', 'nesciunt@gmail.com', '21db4a5fea0f4dedb0aa90007de5c3c3', '79662096916');
INSERT INTO `users` (`id`, `firstname`, `lastname`, `email`, `password_hash`, `phone`) VALUES ('59', 'aliquam', 'esse', 'nisi@gmail.com', '6ccb6c0b0d7845edf67759d85e49257d', '79231007708');
INSERT INTO `users` (`id`, `firstname`, `lastname`, `email`, `password_hash`, `phone`) VALUES ('60', 'fugit', 'rem', 'eligendi@gmail.com', '16369276cb69dd3020ec33bcb889321b', '79394116518');
INSERT INTO `users` (`id`, `firstname`, `lastname`, `email`, `password_hash`, `phone`) VALUES ('61', 'necessitatibus', 'minima', 'quae@gmail.com', '4969c8746c5aaf0f37d8c9a35654aec8', '79882674367');
INSERT INTO `users` (`id`, `firstname`, `lastname`, `email`, `password_hash`, `phone`) VALUES ('62', 'quis', 'saepe', 'numquam@gmail.com', 'bb98d4e9c281b175ea84c517b59308ea', '79538071532');
INSERT INTO `users` (`id`, `firstname`, `lastname`, `email`, `password_hash`, `phone`) VALUES ('63', 'tenetur', 'deleniti', 'perferendis@gmail.com', 'f57681ae94508b7af8555bdb2d5b1567', '79726309078');
INSERT INTO `users` (`id`, `firstname`, `lastname`, `email`, `password_hash`, `phone`) VALUES ('64', 'rerum', 'nesciunt', 'ex@gmail.com', 'f86fdc90d5212be54b248041d44194f5', '79714373725');
INSERT INTO `users` (`id`, `firstname`, `lastname`, `email`, `password_hash`, `phone`) VALUES ('65', 'architecto', 'corrupti', 'explicabo@gmail.com', '64ef4c85c7bef4e77e371c5398acc546', '79540607186');
INSERT INTO `users` (`id`, `firstname`, `lastname`, `email`, `password_hash`, `phone`) VALUES ('66', 'reiciendis', 'consequatur', 'temporibus@gmail.com', 'a018968c20b44803b9eeadf69ec557bd', '79690081233');
INSERT INTO `users` (`id`, `firstname`, `lastname`, `email`, `password_hash`, `phone`) VALUES ('67', 'quisquam', 'unde', 'laudantium@gmail.com', 'a6e7a20961d8d922db0c5abd4b61feef', '79687279906');
INSERT INTO `users` (`id`, `firstname`, `lastname`, `email`, `password_hash`, `phone`) VALUES ('68', 'beatae', 'tenetur', 'dicta@gmail.com', '9db01da74e0242193f0693b067fdc5eb', '79137781593');
INSERT INTO `users` (`id`, `firstname`, `lastname`, `email`, `password_hash`, `phone`) VALUES ('69', 'ut', 'minima', 'commodi@gmail.com', 'b1a5d251fa4fe598cb947ffc42b9cbed', '79968534229');
INSERT INTO `users` (`id`, `firstname`, `lastname`, `email`, `password_hash`, `phone`) VALUES ('70', 'porro', 'sint', 'consequuntur@gmail.com', '500ffc3c211541f727cfdf2eabfc00a4', '79688901807');
INSERT INTO `users` (`id`, `firstname`, `lastname`, `email`, `password_hash`, `phone`) VALUES ('71', 'doloremque', 'aut', 'consequatur@gmail.com', '4baf0adbf149ef2a7d76add21db7dd36', '79273201998');
INSERT INTO `users` (`id`, `firstname`, `lastname`, `email`, `password_hash`, `phone`) VALUES ('72', 'eaque', 'totam', 'quod@gmail.com', '6cad96ddd00296f5f132039f4179d3ec', '79429102016');
INSERT INTO `users` (`id`, `firstname`, `lastname`, `email`, `password_hash`, `phone`) VALUES ('73', 'quas', 'odit', 'voluptates@gmail.com', 'e0d7b90f82f055e8ba87a3864b4bdff5', '79869117790');
INSERT INTO `users` (`id`, `firstname`, `lastname`, `email`, `password_hash`, `phone`) VALUES ('74', 'consequuntur', 'doloremque', 'dolor@gmail.com', 'b4c834dbdd357e9ed7fa5da7a22f36a4', '79565127902');
INSERT INTO `users` (`id`, `firstname`, `lastname`, `email`, `password_hash`, `phone`) VALUES ('75', 'quasi', 'id', 'recusandae@gmail.com', '27bec4fedb5a399af4c5b7ad031d1127', '79777988824');
INSERT INTO `users` (`id`, `firstname`, `lastname`, `email`, `password_hash`, `phone`) VALUES ('76', 'voluptates', 'quibusdam', 'eveniet@gmail.com', '304a34fe3a430eef78261a75af9ef26e', '79050244546');
INSERT INTO `users` (`id`, `firstname`, `lastname`, `email`, `password_hash`, `phone`) VALUES ('77', 'saepe', 'asperiores', 'qui@gmail.com', '9b7b65bdff69ed96f0d749baec07c54a', '79480565212');
INSERT INTO `users` (`id`, `firstname`, `lastname`, `email`, `password_hash`, `phone`) VALUES ('78', 'cumque', 'libero', 'expedita@gmail.com', '5fa521c4b0b84cbb690cec5a81e02c73', '79085144166');
INSERT INTO `users` (`id`, `firstname`, `lastname`, `email`, `password_hash`, `phone`) VALUES ('79', 'corrupti', 'ab', 'hic@gmail.com', 'be654e72de8b09950783f874b8373d70', '79082912863');
INSERT INTO `users` (`id`, `firstname`, `lastname`, `email`, `password_hash`, `phone`) VALUES ('80', 'dolorum', 'obcaecati', 'maiores@gmail.com', '549d4486bd50ac79d59e3e888be5496d', '79265866183');
INSERT INTO `users` (`id`, `firstname`, `lastname`, `email`, `password_hash`, `phone`) VALUES ('81', 'laboriosam', 'corporis', 'dolorem@gmail.com', '384d3e7018bfd59c639adaed47134997', '79218278423');
INSERT INTO `users` (`id`, `firstname`, `lastname`, `email`, `password_hash`, `phone`) VALUES ('82', 'eaque', 'repudiandae', 'doloribus@gmail.com', '6cad96ddd00296f5f132039f4179d3ec', '79723571167');
INSERT INTO `users` (`id`, `firstname`, `lastname`, `email`, `password_hash`, `phone`) VALUES ('83', 'explicabo', 'voluptas', 'doloremque@gmail.com', '7ec62894245fc092a4ba65706b397180', '79306030001');
INSERT INTO `users` (`id`, `firstname`, `lastname`, `email`, `password_hash`, `phone`) VALUES ('84', 'vel', 'rem', 'quisquam@gmail.com', '5e68ca8a651d80d2a005ac825ede6b8c', '79858148650');
INSERT INTO `users` (`id`, `firstname`, `lastname`, `email`, `password_hash`, `phone`) VALUES ('85', 'enim', 'voluptate', 'inventore@gmail.com', 'a6ac54ff17ca90704e5d89a8e0d545bc', '79611828607');
INSERT INTO `users` (`id`, `firstname`, `lastname`, `email`, `password_hash`, `phone`) VALUES ('86', 'autem', 'ab', 'corporis@gmail.com', 'cd49a1455ff422a5540f5e13f5edb75a', '79509023462');
INSERT INTO `users` (`id`, `firstname`, `lastname`, `email`, `password_hash`, `phone`) VALUES ('87', 'explicabo', 'pariatur', 'quidem@gmail.com', '7ec62894245fc092a4ba65706b397180', '79518594327');
INSERT INTO `users` (`id`, `firstname`, `lastname`, `email`, `password_hash`, `phone`) VALUES ('88', 'a', 'quidem', 'soluta@gmail.com', '0cc175b9c0f1b6a831c399e269772661', '79218897308');
INSERT INTO `users` (`id`, `firstname`, `lastname`, `email`, `password_hash`, `phone`) VALUES ('89', 'ex', 'optio', 'culpa@gmail.com', '54d54a126a783bc9cba8c06137136943', '79059961255');
INSERT INTO `users` (`id`, `firstname`, `lastname`, `email`, `password_hash`, `phone`) VALUES ('90', 'esse', 'itaque', 'illum@gmail.com', '4587c4183c312dd82309be6cdae7bbd6', '79922960609');
INSERT INTO `users` (`id`, `firstname`, `lastname`, `email`, `password_hash`, `phone`) VALUES ('91', 'illum', 'assumenda', 'animi@gmail.com', '0e76c9c8d1407bbf1690121eb72ab4aa', '79019873598');
INSERT INTO `users` (`id`, `firstname`, `lastname`, `email`, `password_hash`, `phone`) VALUES ('92', 'maxime', 'ut', 'dolores@gmail.com', 'b238c13e822536cad3ac57a2280fbf45', '79466904850');
INSERT INTO `users` (`id`, `firstname`, `lastname`, `email`, `password_hash`, `phone`) VALUES ('93', 'rem', 'unde', 'magnam@gmail.com', '5cadb523cb6909f92350f70f124adfb8', '79139840263');
INSERT INTO `users` (`id`, `firstname`, `lastname`, `email`, `password_hash`, `phone`) VALUES ('94', 'repudiandae', 'doloremque', 'in@gmail.com', '0ff55a12550f46024f1c74a8810566ea', '79178673209');
INSERT INTO `users` (`id`, `firstname`, `lastname`, `email`, `password_hash`, `phone`) VALUES ('95', 'fugiat', 'possimus', 'nulla@gmail.com', '8cbec81ea01f562f9ce3485846a5330f', '79014974026');
INSERT INTO `users` (`id`, `firstname`, `lastname`, `email`, `password_hash`, `phone`) VALUES ('96', 'amet', 'doloremque', 'tempora@gmail.com', '7f9a983a540e00931a69382161bdd265', '79981513199');
INSERT INTO `users` (`id`, `firstname`, `lastname`, `email`, `password_hash`, `phone`) VALUES ('97', 'similique', 'perferendis', 'officia@gmail.com', '47b4b10070c9ab7029f28fb46ea33600', '79268136328');
INSERT INTO `users` (`id`, `firstname`, `lastname`, `email`, `password_hash`, `phone`) VALUES ('98', 'accusantium', 'asperiores', 'molestiae@gmail.com', '39696e841eeab38d442fefcb72d2cbd8', '79630125712');
INSERT INTO `users` (`id`, `firstname`, `lastname`, `email`, `password_hash`, `phone`) VALUES ('99', 'quasi', 'nostrum', 'enim@gmail.com', '27bec4fedb5a399af4c5b7ad031d1127', '79948713517');
INSERT INTO `users` (`id`, `firstname`, `lastname`, `email`, `password_hash`, `phone`) VALUES ('100', 'neque', 'quia', 'officiis@gmail.com', '88d2b69e23a67329d84d6c0104cdd6d6', '79420426367');
INSERT INTO `users` (`id`, `firstname`, `lastname`, `email`, `password_hash`, `phone`) VALUES ('101', 'eveniet', 'fugiat', 'repellendus@gmail.com', '403d9c9c22442e35f0058ecffab3f374', '79104074472');
INSERT INTO `users` (`id`, `firstname`, `lastname`, `email`, `password_hash`, `phone`) VALUES ('102', 'ut', 'natus', 'ad@gmail.com', 'b1a5d251fa4fe598cb947ffc42b9cbed', '79181316018');
INSERT INTO `users` (`id`, `firstname`, `lastname`, `email`, `password_hash`, `phone`) VALUES ('103', 'minima', 'id', 'ullam@gmail.com', '4d41a8e6c17499984d21fae8b9ba8cc1', '79918818135');
INSERT INTO `users` (`id`, `firstname`, `lastname`, `email`, `password_hash`, `phone`) VALUES ('104', 'optio', 'quibusdam', 'corrupti@gmail.com', 'bd9b33622ad6bdb58e63af18937f2629', '79666339537');
INSERT INTO `users` (`id`, `firstname`, `lastname`, `email`, `password_hash`, `phone`) VALUES ('105', 'animi', 'odio', 'sequi@gmail.com', 'feb8cc23ea968a83d397a2623509b594', '79583484469');
INSERT INTO `users` (`id`, `firstname`, `lastname`, `email`, `password_hash`, `phone`) VALUES ('106', 'ex', 'ipsa', 'quaerat@gmail.com', '54d54a126a783bc9cba8c06137136943', '79161881915');
INSERT INTO `users` (`id`, `firstname`, `lastname`, `email`, `password_hash`, `phone`) VALUES ('107', 'molestias', 'et', 'ipsum@gmail.com', 'af9fc18b1c93dbc5925a6b06f9515337', '79534631881');
INSERT INTO `users` (`id`, `firstname`, `lastname`, `email`, `password_hash`, `phone`) VALUES ('108', 'nostrum', 'nesciunt', 'impedit@gmail.com', 'a4c4c6c87a51b22c25a133922849e168', '79763520085');
INSERT INTO `users` (`id`, `firstname`, `lastname`, `email`, `password_hash`, `phone`) VALUES ('109', 'officia', 'inventore', 'ut@gmail.com', '5ef9f2e53bc7736c35216f12f4e0c935', '79675689999');
INSERT INTO `users` (`id`, `firstname`, `lastname`, `email`, `password_hash`, `phone`) VALUES ('110', 'exercitationem', 'nemo', 'amet@gmail.com', '72afc654e544498a290dfdaa5db30e99', '79073372219');
INSERT INTO `users` (`id`, `firstname`, `lastname`, `email`, `password_hash`, `phone`) VALUES ('111', 'voluptas', 'incidunt', 'ab@gmail.com', '26b46a3a5668c8eddce27f2982463fb4', '79505964550');
INSERT INTO `users` (`id`, `firstname`, `lastname`, `email`, `password_hash`, `phone`) VALUES ('112', 'omnis', 'praesentium', 'tempore@gmail.com', 'd2d1eed584cdc97774319f9c74d1ab59', '79405357055');
INSERT INTO `users` (`id`, `firstname`, `lastname`, `email`, `password_hash`, `phone`) VALUES ('113', 'dolor', 'explicabo', 'vero@gmail.com', 'a98931d104a7fb8f30450547d97e7ca5', '79474345786');
INSERT INTO `users` (`id`, `firstname`, `lastname`, `email`, `password_hash`, `phone`) VALUES ('114', 'deserunt', 'sequi', 'quis@gmail.com', 'b4fee160a98399ec13eea59859e64555', '79673509538');
INSERT INTO `users` (`id`, `firstname`, `lastname`, `email`, `password_hash`, `phone`) VALUES ('115', 'at', 'consequatur', 'praesentium@gmail.com', '7d0db380a5b95a8ba1da0bca241abda1', '79285068914');
INSERT INTO `users` (`id`, `firstname`, `lastname`, `email`, `password_hash`, `phone`) VALUES ('116', 'temporibus', 'aliquam', 'iusto@gmail.com', '47c2b699fcb60530b0080cef6ae6d700', '79617618740');
INSERT INTO `users` (`id`, `firstname`, `lastname`, `email`, `password_hash`, `phone`) VALUES ('117', 'impedit', 'provident', 'aliquam@gmail.com', '584d42bd1e9b475ad4626a1b96bc7d01', '79174490237');
INSERT INTO `users` (`id`, `firstname`, `lastname`, `email`, `password_hash`, `phone`) VALUES ('118', 'provident', 'excepturi', 'distinctio@gmail.com', '7d0e8be0594b542aaa75f730fb13da4e', '79816541517');
INSERT INTO `users` (`id`, `firstname`, `lastname`, `email`, `password_hash`, `phone`) VALUES ('119', 'perspiciatis', 'ea', 'accusantium@gmail.com', '685d971356ab9724b447e8bd797c9607', '79257894446');
INSERT INTO `users` (`id`, `firstname`, `lastname`, `email`, `password_hash`, `phone`) VALUES ('120', 'inventore', 'facilis', 'nihil@gmail.com', 'efe99ac1896cfa5885f2ce1468e9ffb5', '79944680271');
INSERT INTO `users` (`id`, `firstname`, `lastname`, `email`, `password_hash`, `phone`) VALUES ('121', 'animi', 'cumque', 'provident@gmail.com', 'feb8cc23ea968a83d397a2623509b594', '79152699840');
INSERT INTO `users` (`id`, `firstname`, `lastname`, `email`, `password_hash`, `phone`) VALUES ('122', 'aliquam', 'nemo', 'non@gmail.com', '6ccb6c0b0d7845edf67759d85e49257d', '79871236871');
INSERT INTO `users` (`id`, `firstname`, `lastname`, `email`, `password_hash`, `phone`) VALUES ('123', 'sit', 'quibusdam', 'minima@gmail.com', '87d4eeb7dec7686410748d174c0e0a11', '79137867757');
INSERT INTO `users` (`id`, `firstname`, `lastname`, `email`, `password_hash`, `phone`) VALUES ('124', 'error', 'reiciendis', 'debitis@gmail.com', 'cb5e100e5a9a3e7f6d1fd97512215282', '79184246269');
INSERT INTO `users` (`id`, `firstname`, `lastname`, `email`, `password_hash`, `phone`) VALUES ('125', 'eos', 'culpa', 'aperiam@gmail.com', '21db4a5fea0f4dedb0aa90007de5c3c3', '79234475353');
INSERT INTO `users` (`id`, `firstname`, `lastname`, `email`, `password_hash`, `phone`) VALUES ('126', 'itaque', 'hic', 'cum@gmail.com', '0bb9a3851005acac21ad75c4dc7a400c', '79808822547');
INSERT INTO `users` (`id`, `firstname`, `lastname`, `email`, `password_hash`, `phone`) VALUES ('127', 'consequuntur', 'natus', 'omnis@gmail.com', 'b4c834dbdd357e9ed7fa5da7a22f36a4', '79364940127');
INSERT INTO `users` (`id`, `firstname`, `lastname`, `email`, `password_hash`, `phone`) VALUES ('128', 'reiciendis', 'provident', 'deleniti@gmail.com', 'a018968c20b44803b9eeadf69ec557bd', '79849816753');
INSERT INTO `users` (`id`, `firstname`, `lastname`, `email`, `password_hash`, `phone`) VALUES ('129', 'eius', 'ratione', 'ea@gmail.com', 'c45f721e9589983c7eb1e6e0660b3406', '79245739298');
INSERT INTO `users` (`id`, `firstname`, `lastname`, `email`, `password_hash`, `phone`) VALUES ('130', 'id', 'harum', 'a@gmail.com', 'b80bb7740288fda1f201890375a60c8f', '79838213957');
INSERT INTO `users` (`id`, `firstname`, `lastname`, `email`, `password_hash`, `phone`) VALUES ('131', 'laboriosam', 'veniam', 'dolore@gmail.com', '384d3e7018bfd59c639adaed47134997', '79373709915');
INSERT INTO `users` (`id`, `firstname`, `lastname`, `email`, `password_hash`, `phone`) VALUES ('132', 'dolore', 'praesentium', 'voluptas@gmail.com', 'f180623caa42379bc4518d06c9c9be05', '79205934766');
INSERT INTO `users` (`id`, `firstname`, `lastname`, `email`, `password_hash`, `phone`) VALUES ('133', 'sed', 'cupiditate', 'fugit@gmail.com', '177544aa797af6f322f8caa5e80e7f24', '79518501084');
INSERT INTO `users` (`id`, `firstname`, `lastname`, `email`, `password_hash`, `phone`) VALUES ('134', 'fuga', 'soluta', 'nam@gmail.com', 'c32ec965db3295bad074d2afa907b1c3', '79239387249');
INSERT INTO `users` (`id`, `firstname`, `lastname`, `email`, `password_hash`, `phone`) VALUES ('135', 'dicta', 'impedit', 'laboriosam@gmail.com', '72999c6ba36276da539e25926de7360a', '79788125643');
INSERT INTO `users` (`id`, `firstname`, `lastname`, `email`, `password_hash`, `phone`) VALUES ('136', 'vero', 'rerum', 'sapiente@gmail.com', 'cc491de401e5dbcde41ef91090975f42', '79932822779');
INSERT INTO `users` (`id`, `firstname`, `lastname`, `email`, `password_hash`, `phone`) VALUES ('137', 'blanditiis', 'at', 'voluptate@gmail.com', '94fc61eee3c0d01abace7a2feb84bc4c', '79137085356');
INSERT INTO `users` (`id`, `firstname`, `lastname`, `email`, `password_hash`, `phone`) VALUES ('138', 'recusandae', 'est', 'laborum@gmail.com', '7eef3bafd4451e3dbe14ef5d86d86faf', '79593420936');
INSERT INTO `users` (`id`, `firstname`, `lastname`, `email`, `password_hash`, `phone`) VALUES ('139', 'nihil', 'quod', 'optio@gmail.com', '5a74f9bbb93ada84e7794406c86010a5', '79780561539');
INSERT INTO `users` (`id`, `firstname`, `lastname`, `email`, `password_hash`, `phone`) VALUES ('140', 'dolor', 'est', 'magni@gmail.com', 'a98931d104a7fb8f30450547d97e7ca5', '79742833365');
INSERT INTO `users` (`id`, `firstname`, `lastname`, `email`, `password_hash`, `phone`) VALUES ('141', 'consectetur', 'cumque', 'veritatis@gmail.com', '4c480b2170d066b2af6f98af80902ce0', '79627599934');
INSERT INTO `users` (`id`, `firstname`, `lastname`, `email`, `password_hash`, `phone`) VALUES ('142', 'laudantium', 'atque', 'cumque@gmail.com', 'e6c3853dbb3ec449d6693874840ea1c6', '79182477064');
INSERT INTO `users` (`id`, `firstname`, `lastname`, `email`, `password_hash`, `phone`) VALUES ('143', 'ut', 'laudantium', 'placeat@gmail.com', 'b1a5d251fa4fe598cb947ffc42b9cbed', '79891735778');
INSERT INTO `users` (`id`, `firstname`, `lastname`, `email`, `password_hash`, `phone`) VALUES ('144', 'odit', 'reiciendis', 'eos@gmail.com', '59d29a06a8832da4eee4db3131f3b76c', '79370629250');
INSERT INTO `users` (`id`, `firstname`, `lastname`, `email`, `password_hash`, `phone`) VALUES ('145', 'nam', 'culpa', 'perspiciatis@gmail.com', '22c78aadb8d25a53ca407fae265a7154', '79945934894');
INSERT INTO `users` (`id`, `firstname`, `lastname`, `email`, `password_hash`, `phone`) VALUES ('146', 'quos', 'vel', 'blanditiis@gmail.com', 'd50862b758b6640d6cb9975740aad80b', '79481068674');
INSERT INTO `users` (`id`, `firstname`, `lastname`, `email`, `password_hash`, `phone`) VALUES ('147', 'placeat', 'incidunt', 'reiciendis@gmail.com', 'c23520a6e19758da52c18c690a05937a', '79856069588');
INSERT INTO `users` (`id`, `firstname`, `lastname`, `email`, `password_hash`, `phone`) VALUES ('148', 'nobis', 'autem', 'earum@gmail.com', '7ae8efb349409c73a8eddb47cc303331', '79370872214');
INSERT INTO `users` (`id`, `firstname`, `lastname`, `email`, `password_hash`, `phone`) VALUES ('149', 'maxime', 'commodi', 'aut@gmail.com', 'b238c13e822536cad3ac57a2280fbf45', '79805709346');
INSERT INTO `users` (`id`, `firstname`, `lastname`, `email`, `password_hash`, `phone`) VALUES ('150', 'reiciendis', 'perferendis', 'incidunt@gmail.com', 'a018968c20b44803b9eeadf69ec557bd', '79854401605');
INSERT INTO `messages` (`id`, `from_user_id`, `to_user_id`, `body`, `created_at`) VALUES (NULL, '58', '12', 'A odit vel pariatur at natus, accusantium voluptates sint mollitia reprehenderit minus est quia numquam quibusdam aliquid deleniti, repellendus repudiandae voluptates pariatur eum vitae sequi ad sit?', '2021-06-07 01:28:42');
INSERT INTO `messages` (`id`, `from_user_id`, `to_user_id`, `body`, `created_at`) VALUES (NULL, '139', '23', 'Dolorem quos enim possimus cupiditate vitae quia fuga fugiat ad cum eaque, in dolores totam id quo quis aperiam minima ad magni.', '2020-09-19 00:42:27');
INSERT INTO `messages` (`id`, `from_user_id`, `to_user_id`, `body`, `created_at`) VALUES (NULL, '89', '118', 'Aut vitae voluptate ea, quae eos in asperiores similique itaque dolorum culpa sint, velit explicabo et quo quaerat odio, commodi fuga iste architecto rerum deleniti pariatur animi similique, error commodi ratione quasi cupiditate tenetur eum deleniti ut?', '2021-10-18 08:09:27');
INSERT INTO `messages` (`id`, `from_user_id`, `to_user_id`, `body`, `created_at`) VALUES (NULL, '122', '29', 'Deleniti provident sit perspiciatis sunt, delectus labore iste sit dolor accusamus doloribus optio aperiam similique at alias, libero id provident sint dolor excepturi explicabo minima facilis.', '2021-08-14 20:30:02');
INSERT INTO `messages` (`id`, `from_user_id`, `to_user_id`, `body`, `created_at`) VALUES (NULL, '27', '124', 'Soluta laboriosam enim corrupti saepe, explicabo dolore labore ea eius laudantium temporibus, hic error itaque aliquam laboriosam cum?', '2020-10-07 19:55:31');
INSERT INTO `messages` (`id`, `from_user_id`, `to_user_id`, `body`, `created_at`) VALUES (NULL, '81', '70', 'Repudiandae eius dolore eum expedita omnis, vitae vel illum, est labore voluptatem tenetur ipsam reiciendis nesciunt unde odio, molestiae doloremque facere consectetur maxime voluptatem enim.', '2020-01-07 00:28:12');
INSERT INTO `messages` (`id`, `from_user_id`, `to_user_id`, `body`, `created_at`) VALUES (NULL, '67', '120', 'Laborum exercitationem neque saepe quaerat laboriosam, laborum aperiam corporis repellat praesentium magni modi iure, odit maiores repudiandae blanditiis.', '2020-06-01 19:11:12');
INSERT INTO `messages` (`id`, `from_user_id`, `to_user_id`, `body`, `created_at`) VALUES (NULL, '66', '41', 'Libero sapiente et vero earum dolorem error eos, facere distinctio voluptate rerum facilis maiores reprehenderit unde, eligendi ipsum dolor cumque distinctio, quis alias suscipit illo eligendi maiores possimus reiciendis explicabo aut ullam, nesciunt optio nisi eaque asperiores ex sit impedit nulla repellat.', '2020-03-16 07:47:03');
INSERT INTO `messages` (`id`, `from_user_id`, `to_user_id`, `body`, `created_at`) VALUES (NULL, '112', '115', 'Voluptate voluptates atque voluptas odio dolor placeat, incidunt architecto sapiente vitae minima perspiciatis, dolores eius temporibus officiis.', '2020-01-19 21:03:21');
INSERT INTO `messages` (`id`, `from_user_id`, `to_user_id`, `body`, `created_at`) VALUES (NULL, '126', '92', 'Explicabo quae reprehenderit architecto ea pariatur maiores, quod libero accusamus eum ipsam labore ut atque ipsa veritatis repellendus?', '2020-02-22 06:15:57');
INSERT INTO `messages` (`id`, `from_user_id`, `to_user_id`, `body`, `created_at`) VALUES (NULL, '98', '45', 'Molestiae ad veritatis deleniti animi eos reprehenderit eligendi vitae, ducimus recusandae vitae velit inventore ut eveniet quia quae tempora animi debitis, blanditiis illo veniam?', '2020-10-16 07:44:07');
INSERT INTO `messages` (`id`, `from_user_id`, `to_user_id`, `body`, `created_at`) VALUES (NULL, '128', '119', 'Praesentium exercitationem beatae id, laborum ad dolorum fuga, ut accusamus repellat, quia tenetur voluptas exercitationem ipsam dolore debitis delectus iste quidem minima adipisci, et eveniet soluta?', '2020-06-12 20:23:41');
INSERT INTO `messages` (`id`, `from_user_id`, `to_user_id`, `body`, `created_at`) VALUES (NULL, '114', '113', 'Dolore nulla maiores eum maxime, quo minus facere voluptatibus consectetur atque quis veniam.', '2021-01-27 16:55:03');
INSERT INTO `messages` (`id`, `from_user_id`, `to_user_id`, `body`, `created_at`) VALUES (NULL, '14', '61', 'Quo ratione neque molestias nostrum placeat et laborum hic soluta, numquam voluptatem rem dolores cumque corrupti incidunt nostrum?', '2020-02-17 09:25:29');
INSERT INTO `messages` (`id`, `from_user_id`, `to_user_id`, `body`, `created_at`) VALUES (NULL, '42', '14', 'Necessitatibus repudiandae fugit, repudiandae harum cum temporibus perspiciatis excepturi repellendus consequuntur ipsa.', '2020-02-09 04:43:35');
INSERT INTO `messages` (`id`, `from_user_id`, `to_user_id`, `body`, `created_at`) VALUES (NULL, '89', '91', 'Laboriosam at possimus eligendi qui, totam eveniet quas cumque magnam, in quibusdam obcaecati ducimus corporis placeat sunt sequi non, ex ratione vero.', '2021-11-21 03:32:52');
INSERT INTO `messages` (`id`, `from_user_id`, `to_user_id`, `body`, `created_at`) VALUES (NULL, '38', '148', 'Harum optio deleniti ducimus aperiam sit sed explicabo iure enim, accusantium maxime praesentium eaque optio officia nemo deleniti et quidem ipsum, ipsam consequuntur tempore labore inventore aspernatur suscipit, eum architecto tenetur autem in neque placeat debitis quas ullam fuga, adipisci aperiam totam quae cum debitis expedita illum incidunt ex repudiandae?', '2020-03-20 21:21:46');
INSERT INTO `messages` (`id`, `from_user_id`, `to_user_id`, `body`, `created_at`) VALUES (NULL, '87', '21', 'Error perferendis ut nisi molestiae eveniet, minima ipsam explicabo veniam autem deleniti accusantium unde.', '2020-10-11 20:10:36');
INSERT INTO `messages` (`id`, `from_user_id`, `to_user_id`, `body`, `created_at`) VALUES (NULL, '119', '149', 'Dignissimos repudiandae sequi corrupti explicabo in mollitia voluptate, aperiam corporis et quod amet animi sint, molestiae fugit exercitationem quibusdam rerum expedita sint veniam debitis?', '2021-03-23 14:24:27');
INSERT INTO `messages` (`id`, `from_user_id`, `to_user_id`, `body`, `created_at`) VALUES (NULL, '20', '11', 'Nemo soluta ipsa quaerat officiis doloremque tempora, rerum distinctio nesciunt sequi explicabo exercitationem recusandae voluptatem quaerat.', '2021-03-25 12:18:41');
INSERT INTO `messages` (`id`, `from_user_id`, `to_user_id`, `body`, `created_at`) VALUES (NULL, '69', '107', 'Incidunt in quaerat soluta minus id reiciendis nulla, ut minima nostrum, odio labore aperiam nihil.', '2020-11-22 12:35:16');
INSERT INTO `messages` (`id`, `from_user_id`, `to_user_id`, `body`, `created_at`) VALUES (NULL, '139', '57', 'Ipsam ut natus cupiditate vero quos debitis quas modi magni alias ipsa, eligendi voluptas quis, beatae quaerat dolores incidunt.', '2020-12-16 04:57:39');
INSERT INTO `messages` (`id`, `from_user_id`, `to_user_id`, `body`, `created_at`) VALUES (NULL, '13', '135', 'Dolore accusantium consequuntur quidem iure esse aliquam magnam libero aperiam, eum amet cumque fuga itaque aperiam voluptatem, repellat pariatur voluptate cupiditate alias hic illum dignissimos praesentium omnis quae, libero modi cumque totam.', '2020-05-05 09:54:03');
INSERT INTO `messages` (`id`, `from_user_id`, `to_user_id`, `body`, `created_at`) VALUES (NULL, '130', '131', 'Itaque ab nisi, et voluptatum laboriosam ut, repudiandae accusamus labore voluptatibus omnis fugiat provident harum minus placeat deleniti.', '2020-10-21 19:57:11');
INSERT INTO `messages` (`id`, `from_user_id`, `to_user_id`, `body`, `created_at`) VALUES (NULL, '149', '3', 'Eveniet facilis totam vero dolore repellendus temporibus, optio illo corporis earum.', '2020-05-05 04:56:42');
INSERT INTO `messages` (`id`, `from_user_id`, `to_user_id`, `body`, `created_at`) VALUES (NULL, '75', '140', 'Porro culpa a libero reprehenderit laudantium consectetur deleniti, dicta consectetur quae sed ipsum doloremque assumenda necessitatibus repudiandae, ex necessitatibus sit odit delectus repellat hic porro a sed?', '2021-04-11 10:35:48');
INSERT INTO `messages` (`id`, `from_user_id`, `to_user_id`, `body`, `created_at`) VALUES (NULL, '114', '124', 'Tenetur facere natus tempora vitae voluptatibus sint fugit, iure labore unde eum ducimus deserunt aut fugit officiis eaque recusandae, corrupti recusandae dolorum est dolor a molestias quidem natus architecto, nemo amet quisquam nisi, deserunt non aperiam odit at excepturi ducimus dolores officiis quas atque sunt.', '2020-10-03 19:50:06');
INSERT INTO `messages` (`id`, `from_user_id`, `to_user_id`, `body`, `created_at`) VALUES (NULL, '122', '135', 'Alias animi aperiam autem rem ad eveniet modi nobis eum molestias repellat, aliquid repellat iste et accusamus atque vitae perferendis illum voluptas aliquam, dignissimos at optio dolor eveniet.', '2020-09-25 23:19:16');
INSERT INTO `messages` (`id`, `from_user_id`, `to_user_id`, `body`, `created_at`) VALUES (NULL, '100', '41', 'Quae libero enim facere nostrum, ab esse labore praesentium dicta?', '2020-03-05 15:19:50');
INSERT INTO `messages` (`id`, `from_user_id`, `to_user_id`, `body`, `created_at`) VALUES (NULL, '84', '77', 'Quidem atque beatae architecto possimus ratione at voluptas nobis fugit veritatis tempore, velit in eos provident molestias cumque maiores, possimus similique molestiae sint aspernatur neque obcaecati qui, quaerat iste explicabo?', '2021-04-12 09:49:37');
INSERT INTO `messages` (`id`, `from_user_id`, `to_user_id`, `body`, `created_at`) VALUES (NULL, '40', '102', 'Vero quod quos a tempore perferendis libero voluptas eveniet atque repellat impedit, dolorem iure odit ut qui esse mollitia error aperiam obcaecati.', '2020-08-27 10:20:38');
INSERT INTO `messages` (`id`, `from_user_id`, `to_user_id`, `body`, `created_at`) VALUES (NULL, '119', '20', 'Soluta distinctio ratione nam laboriosam, corporis rerum assumenda quaerat blanditiis cumque sint explicabo, porro fugiat at dolorum a, deserunt quae esse laboriosam dolore libero laborum assumenda, voluptas possimus sapiente nulla omnis eveniet minus nesciunt animi pariatur debitis illo?', '2020-01-18 00:58:35');
INSERT INTO `messages` (`id`, `from_user_id`, `to_user_id`, `body`, `created_at`) VALUES (NULL, '120', '132', 'Eligendi vitae id dolorem omnis necessitatibus, ipsam in sed laborum officiis ratione necessitatibus at nisi doloribus temporibus, voluptas ab architecto qui velit error, ab amet ipsa a facilis illum dignissimos blanditiis totam, deleniti tempora temporibus voluptatum veritatis mollitia reiciendis quasi esse necessitatibus cupiditate?', '2020-01-07 13:01:32');
INSERT INTO `messages` (`id`, `from_user_id`, `to_user_id`, `body`, `created_at`) VALUES (NULL, '44', '50', 'Repellat quibusdam tenetur qui cumque architecto, dolorem magnam pariatur illo perspiciatis ullam qui dolor, totam maxime blanditiis minima adipisci ratione atque at.', '2021-08-27 00:07:44');
INSERT INTO `messages` (`id`, `from_user_id`, `to_user_id`, `body`, `created_at`) VALUES (NULL, '34', '31', 'Labore maiores voluptas sit quidem fugiat commodi obcaecati inventore, explicabo adipisci magni ab laudantium ipsa fugit, eum blanditiis asperiores ipsum tempore dolores, eaque corporis distinctio placeat odio hic libero veritatis eveniet omnis nam?', '2020-10-19 06:38:37');
INSERT INTO `messages` (`id`, `from_user_id`, `to_user_id`, `body`, `created_at`) VALUES (NULL, '76', '101', 'Eaque esse dicta, optio possimus error praesentium quia, ad dolore quibusdam atque fugiat repellat aperiam, voluptatibus ab iste cum nesciunt sapiente dolorum optio dolores.', '2020-01-14 12:37:24');
INSERT INTO `messages` (`id`, `from_user_id`, `to_user_id`, `body`, `created_at`) VALUES (NULL, '6', '19', 'Nostrum cumque recusandae mollitia magnam similique, expedita error repudiandae hic, ipsum nostrum facere sed animi, esse laboriosam eius perspiciatis ipsa dolorum quisquam odit ipsum, suscipit esse laudantium eius ratione consequuntur assumenda quam possimus recusandae?', '2021-07-20 22:25:20');
INSERT INTO `messages` (`id`, `from_user_id`, `to_user_id`, `body`, `created_at`) VALUES (NULL, '20', '25', 'Omnis laboriosam asperiores quis fugiat necessitatibus vel, quae odio perspiciatis asperiores similique placeat aliquam rerum illo a explicabo dolorum, accusantium ipsam repudiandae aut deleniti, quos quod sunt ab consectetur consequatur eligendi, odit ab praesentium atque?', '2021-07-20 22:06:26');
INSERT INTO `messages` (`id`, `from_user_id`, `to_user_id`, `body`, `created_at`) VALUES (NULL, '84', '133', 'Qui eum consequuntur maxime assumenda, ipsam maxime consectetur possimus reiciendis?', '2020-11-06 06:35:57');
INSERT INTO `messages` (`id`, `from_user_id`, `to_user_id`, `body`, `created_at`) VALUES (NULL, '129', '36', 'Sequi voluptatum ratione cum totam eos, fugit deserunt asperiores minima soluta quidem animi, ex voluptatum ullam ad quasi, quia optio aut mollitia, voluptas enim aperiam quis.', '2020-06-05 17:10:45');
INSERT INTO `messages` (`id`, `from_user_id`, `to_user_id`, `body`, `created_at`) VALUES (NULL, '44', '135', 'Sequi omnis doloribus recusandae molestiae sunt doloremque nam, aperiam porro asperiores sunt temporibus soluta odio laboriosam tenetur impedit voluptatibus, maiores dicta sequi placeat, molestiae voluptatem soluta dolorum esse reprehenderit corrupti provident, recusandae voluptatem quas architecto beatae earum deleniti libero quidem accusamus quasi?', '2020-08-19 15:50:48');
INSERT INTO `messages` (`id`, `from_user_id`, `to_user_id`, `body`, `created_at`) VALUES (NULL, '9', '89', 'Itaque minima maiores inventore possimus, nisi harum aperiam modi quod veniam optio aliquid voluptates deserunt, reiciendis quidem adipisci accusamus ducimus officiis qui molestiae sequi odio deleniti, facere distinctio eveniet modi, nostrum amet debitis magnam.', '2021-12-16 09:01:46');
INSERT INTO `messages` (`id`, `from_user_id`, `to_user_id`, `body`, `created_at`) VALUES (NULL, '74', '11', 'Ratione suscipit dignissimos molestiae, temporibus inventore quisquam hic minus adipisci, sequi nam fugit consequatur dignissimos.', '2021-04-24 11:30:50');
INSERT INTO `messages` (`id`, `from_user_id`, `to_user_id`, `body`, `created_at`) VALUES (NULL, '101', '138', 'Porro architecto cumque itaque mollitia repudiandae aut, provident assumenda impedit deleniti expedita a ab sunt beatae alias eos adipisci?', '2020-08-27 23:45:23');
INSERT INTO `messages` (`id`, `from_user_id`, `to_user_id`, `body`, `created_at`) VALUES (NULL, '23', '12', 'Totam asperiores illum ipsa corporis similique sit, cumque suscipit architecto fugit vero, autem ipsam nostrum optio aliquam praesentium iusto incidunt adipisci omnis rerum provident, dolores libero beatae aperiam necessitatibus repudiandae eum, quisquam porro incidunt pariatur cumque sapiente dignissimos?', '2020-07-10 08:03:14');
INSERT INTO `messages` (`id`, `from_user_id`, `to_user_id`, `body`, `created_at`) VALUES (NULL, '45', '52', 'Deserunt earum repellat saepe, molestiae sunt omnis dolorem sit eveniet error adipisci distinctio molestias quasi?', '2020-12-20 16:07:14');
INSERT INTO `messages` (`id`, `from_user_id`, `to_user_id`, `body`, `created_at`) VALUES (NULL, '79', '39', 'Illum voluptates saepe blanditiis eum repellendus deserunt tempora ducimus, doloribus fugiat nisi omnis veritatis repudiandae voluptate dolorem placeat ex temporibus voluptatibus, facilis voluptates maxime tempore hic voluptatum fuga maiores molestias aspernatur deleniti delectus, beatae nostrum suscipit, ipsum possimus minima.', '2021-01-19 17:50:56');
INSERT INTO `messages` (`id`, `from_user_id`, `to_user_id`, `body`, `created_at`) VALUES (NULL, '79', '13', 'Itaque autem commodi accusamus esse exercitationem mollitia deserunt eveniet animi, sit sint harum obcaecati provident in architecto, odio iste omnis repellat, obcaecati nulla cum nemo sunt officiis.', '2021-05-02 18:00:38');
INSERT INTO `messages` (`id`, `from_user_id`, `to_user_id`, `body`, `created_at`) VALUES (NULL, '9', '7', 'Cum dolores quod obcaecati sed, fugit ducimus earum explicabo error deserunt dolores mollitia, earum qui nobis quibusdam architecto sunt rem explicabo harum, fugit in dolorum reprehenderit quod qui, recusandae rem laboriosam optio officia?', '2020-09-21 12:34:23');
INSERT INTO `messages` (`id`, `from_user_id`, `to_user_id`, `body`, `created_at`) VALUES (NULL, '13', '96', 'Quidem eveniet delectus ea doloremque numquam deleniti accusantium consequuntur, quia eaque aliquid voluptatibus?', '2021-05-11 00:45:57');
INSERT INTO `messages` (`id`, `from_user_id`, `to_user_id`, `body`, `created_at`) VALUES (NULL, '11', '147', 'Laborum tempore reprehenderit eligendi, harum tempore cum minus labore consectetur dolores id explicabo iste enim, ab facilis vel quisquam, qui unde sunt quaerat ipsa quos, illum quo sequi ratione?', '2020-05-24 02:42:24');
INSERT INTO `messages` (`id`, `from_user_id`, `to_user_id`, `body`, `created_at`) VALUES (NULL, '146', '129', 'Doloremque consectetur laborum deserunt, expedita at quas omnis minus voluptate possimus dignissimos iure, cumque molestiae minus.', '2020-06-17 14:23:13');
INSERT INTO `messages` (`id`, `from_user_id`, `to_user_id`, `body`, `created_at`) VALUES (NULL, '148', '114', 'Voluptatem debitis hic, esse laborum vero, numquam ab soluta placeat est consequuntur earum reprehenderit nam, dolorem inventore blanditiis obcaecati soluta eius culpa illum rem ipsa?', '2021-07-01 23:21:47');
INSERT INTO `messages` (`id`, `from_user_id`, `to_user_id`, `body`, `created_at`) VALUES (NULL, '58', '149', 'Dolorem non dicta molestias sapiente eligendi ducimus dolores dignissimos atque, inventore praesentium consectetur beatae ad cum nam modi, molestias nobis est non culpa adipisci?', '2020-01-07 02:13:56');
INSERT INTO `messages` (`id`, `from_user_id`, `to_user_id`, `body`, `created_at`) VALUES (NULL, '73', '91', 'Impedit officia illum debitis nisi quis quia temporibus excepturi, officia obcaecati exercitationem pariatur ipsa quod dolores laboriosam temporibus voluptatum saepe eum, iure consequatur vero.', '2020-11-11 15:34:19');
INSERT INTO `messages` (`id`, `from_user_id`, `to_user_id`, `body`, `created_at`) VALUES (NULL, '129', '16', 'Perferendis incidunt eius quo error aut doloribus iure voluptate necessitatibus praesentium, consequuntur perferendis nam obcaecati sit exercitationem totam, perspiciatis dolores atque vel enim.', '2021-10-06 18:42:23');
INSERT INTO `messages` (`id`, `from_user_id`, `to_user_id`, `body`, `created_at`) VALUES (NULL, '58', '60', 'Ad tenetur quis consectetur sunt iure provident fuga aperiam dolor sint, quam amet ipsa nisi consequatur aliquam error, mollitia voluptatem sed itaque, rem quidem excepturi explicabo quas quibusdam dolorem eos modi.', '2021-10-11 21:07:21');
INSERT INTO `messages` (`id`, `from_user_id`, `to_user_id`, `body`, `created_at`) VALUES (NULL, '29', '1', 'Nihil inventore adipisci, pariatur repellendus ipsa expedita atque dicta placeat accusantium, sunt sed placeat aliquam praesentium doloremque sit ad quisquam iure ipsam, ex eligendi eius aut possimus vitae totam animi in natus incidunt, delectus sunt eos quis?', '2021-09-24 03:47:22');
INSERT INTO `messages` (`id`, `from_user_id`, `to_user_id`, `body`, `created_at`) VALUES (NULL, '139', '61', 'Soluta cumque blanditiis esse corporis odit, suscipit optio placeat esse, ducimus fuga ipsum esse molestias nulla ea cupiditate vitae cumque laboriosam, cupiditate similique consectetur vel minima repudiandae illum corrupti, deserunt labore blanditiis praesentium suscipit?', '2021-09-14 21:06:23');
INSERT INTO `messages` (`id`, `from_user_id`, `to_user_id`, `body`, `created_at`) VALUES (NULL, '132', '43', 'Harum repudiandae corrupti, optio earum obcaecati ea odio sed totam suscipit neque ullam libero, mollitia vitae nesciunt distinctio blanditiis temporibus, quisquam amet in animi dolores ipsum reprehenderit assumenda quae neque quasi, repudiandae magni eos.', '2020-10-09 21:27:40');
INSERT INTO `messages` (`id`, `from_user_id`, `to_user_id`, `body`, `created_at`) VALUES (NULL, '110', '37', 'Ipsum deserunt pariatur dolorem explicabo modi sapiente laudantium autem, praesentium possimus atque ipsa error recusandae ab officia amet officiis, quod aliquid possimus fugit optio tenetur eum rem veritatis veniam nostrum?', '2021-09-07 20:06:10');
INSERT INTO `messages` (`id`, `from_user_id`, `to_user_id`, `body`, `created_at`) VALUES (NULL, '50', '121', 'Quaerat ratione laudantium magni repellat molestiae, quae quibusdam labore rerum ex a id, autem sunt repudiandae iusto dolor reiciendis rerum explicabo sint, ex deleniti corporis quas doloribus consequuntur ab accusamus minus?', '2020-07-23 22:57:22');
INSERT INTO `messages` (`id`, `from_user_id`, `to_user_id`, `body`, `created_at`) VALUES (NULL, '14', '44', 'Dolore autem necessitatibus placeat expedita velit explicabo omnis, quas animi voluptatum delectus numquam veritatis consequuntur nisi reiciendis aspernatur, possimus amet ipsum unde corporis iste est excepturi, minus distinctio dolorum quam, reprehenderit rerum deleniti adipisci illum unde nulla nam?', '2020-04-15 07:53:15');
INSERT INTO `messages` (`id`, `from_user_id`, `to_user_id`, `body`, `created_at`) VALUES (NULL, '110', '82', 'Atque repellat non nihil, dicta eos voluptatum veniam?', '2020-11-13 12:15:48');
INSERT INTO `messages` (`id`, `from_user_id`, `to_user_id`, `body`, `created_at`) VALUES (NULL, '92', '60', 'Id doloremque cupiditate, dolorem atque nam iusto perferendis magni ullam quae.', '2021-03-04 02:04:32');
INSERT INTO `messages` (`id`, `from_user_id`, `to_user_id`, `body`, `created_at`) VALUES (NULL, '120', '93', 'Vitae maxime dolor totam nisi laudantium dolorum nemo corporis consequatur nulla, accusantium a porro maiores necessitatibus blanditiis eum et veniam odit minima non, consequuntur eaque voluptatum itaque suscipit saepe ipsum maiores fugiat ducimus, tempore quos facilis, odio quidem tempora.', '2020-11-03 14:58:08');
INSERT INTO `messages` (`id`, `from_user_id`, `to_user_id`, `body`, `created_at`) VALUES (NULL, '149', '143', 'Esse tempore atque alias debitis, nam quaerat quis atque iste numquam inventore ipsum, tempora libero eius maxime voluptatibus eveniet neque earum corporis optio, consectetur impedit vitae quia alias aut, harum aperiam assumenda neque explicabo alias deserunt corrupti omnis pariatur voluptatum veniam.', '2020-04-19 22:17:31');
INSERT INTO `messages` (`id`, `from_user_id`, `to_user_id`, `body`, `created_at`) VALUES (NULL, '51', '22', 'Sit vero deleniti quo repellendus reiciendis minima necessitatibus quasi veritatis minus vitae, quia excepturi veniam?', '2020-12-23 19:04:31');
INSERT INTO `messages` (`id`, `from_user_id`, `to_user_id`, `body`, `created_at`) VALUES (NULL, '102', '40', 'Similique delectus ipsam ab excepturi eum necessitatibus aspernatur assumenda alias corrupti, dolorem voluptas qui eum omnis possimus?', '2021-09-05 16:43:46');
INSERT INTO `messages` (`id`, `from_user_id`, `to_user_id`, `body`, `created_at`) VALUES (NULL, '1', '60', 'Quidem quibusdam officia, quos odit similique temporibus maxime quisquam ab iste ad pariatur aliquam, debitis soluta a autem, porro quisquam doloremque quasi a?', '2020-05-07 18:05:37');
INSERT INTO `messages` (`id`, `from_user_id`, `to_user_id`, `body`, `created_at`) VALUES (NULL, '145', '22', 'Reprehenderit beatae maxime suscipit quidem eligendi at inventore tempora ullam harum mollitia, cumque quia quod necessitatibus aut atque, modi quis quisquam tenetur, molestias suscipit saepe nostrum facilis accusantium aliquam id eos, nisi hic fugiat enim vero nihil molestiae itaque nulla voluptatibus corporis?', '2020-10-08 04:45:12');
INSERT INTO `messages` (`id`, `from_user_id`, `to_user_id`, `body`, `created_at`) VALUES (NULL, '63', '100', 'Nulla natus deleniti necessitatibus iste tenetur fugiat quo sint, doloribus eaque fugit totam expedita commodi reprehenderit ipsam ipsum velit eos quidem.', '2021-10-01 03:54:56');
INSERT INTO `messages` (`id`, `from_user_id`, `to_user_id`, `body`, `created_at`) VALUES (NULL, '50', '107', 'Facere et asperiores iure odit consectetur laudantium eius, dolorem quos quidem eos laudantium illum accusantium est hic, iure illo fugiat cum, minima necessitatibus neque rem voluptate, quia aperiam expedita?', '2020-12-28 14:35:35');
INSERT INTO `messages` (`id`, `from_user_id`, `to_user_id`, `body`, `created_at`) VALUES (NULL, '89', '90', 'Nam omnis fuga eos, cumque odit reprehenderit et sed dolores aperiam enim alias atque minus, excepturi voluptatibus expedita aut veritatis nesciunt totam.', '2021-07-22 14:41:34');
INSERT INTO `messages` (`id`, `from_user_id`, `to_user_id`, `body`, `created_at`) VALUES (NULL, '149', '136', 'Mollitia distinctio vero quae soluta exercitationem doloremque, dicta soluta repellat voluptatem quam culpa, vitae voluptas porro aut quas minus?', '2020-12-26 13:31:58');
INSERT INTO `messages` (`id`, `from_user_id`, `to_user_id`, `body`, `created_at`) VALUES (NULL, '96', '14', 'Asperiores optio natus corrupti placeat beatae eos tenetur suscipit molestias exercitationem, quod dolorem dolore quia beatae aspernatur error inventore non.', '2020-10-27 21:49:13');
INSERT INTO `messages` (`id`, `from_user_id`, `to_user_id`, `body`, `created_at`) VALUES (NULL, '43', '68', 'Ex sapiente voluptatum aspernatur, exercitationem autem iusto aliquam architecto aperiam ducimus laborum saepe aut veniam, molestias laudantium optio totam expedita amet assumenda modi.', '2021-06-08 22:41:25');
INSERT INTO `messages` (`id`, `from_user_id`, `to_user_id`, `body`, `created_at`) VALUES (NULL, '98', '77', 'Quas officia quo reiciendis modi doloribus possimus harum soluta sapiente, quas a fugit voluptatibus natus esse dolor inventore eaque itaque nemo doloremque, dolorem veritatis repellat culpa possimus blanditiis dolores in nisi perferendis?', '2021-05-19 08:06:49');
INSERT INTO `messages` (`id`, `from_user_id`, `to_user_id`, `body`, `created_at`) VALUES (NULL, '77', '35', 'Dicta est hic, vel ducimus tenetur ipsum suscipit voluptates hic doloremque quia voluptatum maxime.', '2021-08-13 23:00:58');
INSERT INTO `messages` (`id`, `from_user_id`, `to_user_id`, `body`, `created_at`) VALUES (NULL, '68', '69', 'Reprehenderit neque vero nemo, vel magni culpa mollitia fuga, quo esse officia minima laudantium possimus?', '2020-03-02 03:47:48');
INSERT INTO `messages` (`id`, `from_user_id`, `to_user_id`, `body`, `created_at`) VALUES (NULL, '137', '132', 'At fuga molestias, ipsam officia ad laborum ullam, distinctio hic quibusdam obcaecati ducimus expedita nemo odit nam sapiente, ipsam iste veritatis, rerum dolores est distinctio voluptas soluta maiores temporibus?', '2020-07-06 09:24:05');
INSERT INTO `messages` (`id`, `from_user_id`, `to_user_id`, `body`, `created_at`) VALUES (NULL, '61', '18', 'Quaerat culpa minima, saepe nostrum voluptatem sint rerum perspiciatis laboriosam autem quo corrupti reiciendis totam?', '2020-05-05 19:42:01');
INSERT INTO `messages` (`id`, `from_user_id`, `to_user_id`, `body`, `created_at`) VALUES (NULL, '23', '141', 'Aspernatur et officiis, sint aliquam iusto esse, esse necessitatibus rerum dicta adipisci quis fuga corrupti sed voluptas, et neque eaque unde facere autem?', '2020-06-10 15:21:08');
INSERT INTO `messages` (`id`, `from_user_id`, `to_user_id`, `body`, `created_at`) VALUES (NULL, '79', '125', 'Quae nesciunt explicabo illo deleniti, perferendis earum inventore, repellat cum pariatur eos possimus dolorem suscipit dolor.', '2020-05-16 15:41:57');
INSERT INTO `messages` (`id`, `from_user_id`, `to_user_id`, `body`, `created_at`) VALUES (NULL, '139', '128', 'Sunt explicabo itaque exercitationem sapiente, nemo fugiat alias at temporibus iure voluptatum culpa quisquam cupiditate illum repellendus, repellat aliquid dolores, aspernatur unde perspiciatis deserunt voluptatum numquam dolorem quaerat asperiores inventore labore.', '2020-07-18 11:52:09');
INSERT INTO `messages` (`id`, `from_user_id`, `to_user_id`, `body`, `created_at`) VALUES (NULL, '96', '111', 'In voluptas reiciendis sit temporibus minus nemo, odio natus assumenda earum blanditiis architecto corrupti dicta reiciendis, quaerat ea incidunt molestias tempora inventore, ex dolorum obcaecati officia recusandae quam reiciendis quae magni consectetur voluptatum?', '2021-04-18 09:20:53');
INSERT INTO `messages` (`id`, `from_user_id`, `to_user_id`, `body`, `created_at`) VALUES (NULL, '120', '7', 'A maxime nemo facere tempora repellat explicabo beatae, sapiente vero rerum suscipit praesentium earum accusantium consectetur magnam sunt, similique ipsa optio enim magnam fuga voluptate reiciendis fugiat quis cupiditate, libero ipsam numquam harum quisquam quasi porro vero a velit dolorem.', '2021-03-27 17:23:48');
INSERT INTO `messages` (`id`, `from_user_id`, `to_user_id`, `body`, `created_at`) VALUES (NULL, '52', '123', 'Cum quam facere ratione dolorem saepe, sed quas voluptatem et.', '2021-12-05 15:02:33');
INSERT INTO `messages` (`id`, `from_user_id`, `to_user_id`, `body`, `created_at`) VALUES (NULL, '22', '149', 'Vitae voluptatibus amet odio veniam explicabo est quasi doloremque porro eum, debitis consequatur veritatis aliquam temporibus dicta odit ipsam obcaecati quisquam, sunt amet magni dolores repudiandae minima distinctio, ipsum quos deserunt commodi.', '2021-08-28 01:19:04');
INSERT INTO `messages` (`id`, `from_user_id`, `to_user_id`, `body`, `created_at`) VALUES (NULL, '94', '89', 'Obcaecati dignissimos perferendis similique nobis quis architecto tempora explicabo, distinctio illo architecto, eos ullam ipsa, dolorum animi nam quibusdam facilis quas pariatur quidem incidunt reiciendis, beatae veniam ex hic perferendis similique consectetur blanditiis vero?', '2020-05-25 12:28:30');
INSERT INTO `messages` (`id`, `from_user_id`, `to_user_id`, `body`, `created_at`) VALUES (NULL, '106', '123', 'Fugiat impedit cum consequatur, laudantium voluptas ipsam ipsum enim quaerat?', '2021-11-22 22:45:32');
INSERT INTO `messages` (`id`, `from_user_id`, `to_user_id`, `body`, `created_at`) VALUES (NULL, '125', '149', 'Ipsam aperiam accusantium atque non architecto modi, minima iste inventore nesciunt vero repudiandae quod qui excepturi?', '2021-05-19 12:31:01');
INSERT INTO `messages` (`id`, `from_user_id`, `to_user_id`, `body`, `created_at`) VALUES (NULL, '51', '81', 'Voluptatibus hic iure quae qui quis ratione blanditiis officia, magnam non quia, pariatur cumque vel, sint adipisci ipsum consequuntur veritatis atque voluptas facilis consequatur.', '2021-09-22 21:18:09');
INSERT INTO `messages` (`id`, `from_user_id`, `to_user_id`, `body`, `created_at`) VALUES (NULL, '54', '147', 'Nihil quaerat nam sunt delectus corporis, facere eveniet nihil dolores non quae modi, facere optio qui molestiae magni, voluptas rerum porro beatae ullam eum laborum repudiandae ad?', '2020-10-11 09:33:02');
INSERT INTO `messages` (`id`, `from_user_id`, `to_user_id`, `body`, `created_at`) VALUES (NULL, '142', '11', 'Sit autem assumenda, deserunt excepturi explicabo ipsam inventore ea nemo doloribus eveniet debitis, eligendi perferendis atque nulla corrupti soluta excepturi vero accusamus nihil, quisquam sed dolorum eaque voluptatibus architecto?', '2020-11-27 19:28:31');
INSERT INTO `messages` (`id`, `from_user_id`, `to_user_id`, `body`, `created_at`) VALUES (NULL, '78', '71', 'Quibusdam harum modi explicabo eaque quod hic, dicta iure incidunt, quasi deleniti ipsa inventore alias doloremque perferendis laboriosam a tempore, numquam eius eaque deleniti nisi nesciunt, exercitationem accusamus nemo similique possimus quaerat aliquid et ipsa quidem vel ullam?', '2021-06-14 01:42:30');
INSERT INTO `messages` (`id`, `from_user_id`, `to_user_id`, `body`, `created_at`) VALUES (NULL, '139', '90', 'Sit repellendus enim quod provident quasi, voluptatem eum quam magnam quaerat accusamus voluptas sit laudantium corrupti cupiditate, incidunt dolorum error quia.', '2020-06-13 16:30:31');
INSERT INTO `messages` (`id`, `from_user_id`, `to_user_id`, `body`, `created_at`) VALUES (NULL, '45', '53', 'Dolore aliquid aut iure explicabo saepe aspernatur suscipit voluptatibus, consequuntur modi laudantium facere a quos omnis, magnam consequatur excepturi temporibus saepe ab hic nemo tempore?', '2020-10-25 04:27:55');
INSERT INTO `messages` (`id`, `from_user_id`, `to_user_id`, `body`, `created_at`) VALUES (NULL, '130', '66', 'Eveniet placeat totam in impedit magnam nesciunt dignissimos eligendi, ipsum ex est debitis perferendis sunt quis totam odio officia, saepe pariatur iure delectus voluptates, ex impedit quo ut mollitia asperiores.', '2020-08-25 10:10:54');
INSERT INTO `messages` (`id`, `from_user_id`, `to_user_id`, `body`, `created_at`) VALUES (NULL, '136', '110', 'Rem tempore rerum tenetur magnam accusantium aliquam sint expedita repellat iusto ad, quibusdam recusandae reiciendis quas fugiat?', '2021-03-03 04:04:55');
INSERT INTO `messages` (`id`, `from_user_id`, `to_user_id`, `body`, `created_at`) VALUES (NULL, '138', '111', 'Aperiam eos dignissimos architecto vel, earum provident quia aliquid dolore temporibus, voluptatibus minus libero ipsum ad aliquid doloremque quasi illo eum?', '2020-07-23 09:13:12');
INSERT INTO `messages` (`id`, `from_user_id`, `to_user_id`, `body`, `created_at`) VALUES (NULL, '34', '94', 'Dolorum illum alias doloribus quod quae, corporis itaque sapiente, et eaque dolorem voluptas repellat facilis beatae blanditiis consequuntur adipisci totam, eveniet voluptatem ex alias eum tempore blanditiis?', '2020-05-22 13:26:45');
INSERT INTO `messages` (`id`, `from_user_id`, `to_user_id`, `body`, `created_at`) VALUES (NULL, '149', '145', 'Rem repellendus nobis molestiae quidem quis iure, sed alias distinctio dolorem libero tempore eum quia amet corrupti, culpa voluptas fuga modi quae facere distinctio sunt maiores nulla?', '2021-12-11 11:32:41');
INSERT INTO `messages` (`id`, `from_user_id`, `to_user_id`, `body`, `created_at`) VALUES (NULL, '60', '90', 'Quo atque hic veniam voluptate incidunt cupiditate, nihil consequatur reiciendis natus quam earum ipsum, natus est delectus nihil assumenda et animi tempore ducimus labore, voluptate assumenda molestiae voluptatibus suscipit fuga ipsum voluptatum obcaecati, quia adipisci officiis porro fugit ipsam voluptas?', '2020-05-16 21:01:51');
INSERT INTO `messages` (`id`, `from_user_id`, `to_user_id`, `body`, `created_at`) VALUES (NULL, '78', '23', 'Veniam autem temporibus dolor deserunt, accusamus iste quam sed nemo deserunt doloribus rem facere.', '2020-08-08 23:03:09');
INSERT INTO `messages` (`id`, `from_user_id`, `to_user_id`, `body`, `created_at`) VALUES (NULL, '116', '43', 'Illum quaerat expedita exercitationem modi odio aperiam sit quos veniam, ab modi voluptatem alias error fugiat vero tenetur?', '2020-08-24 13:43:25');
INSERT INTO `messages` (`id`, `from_user_id`, `to_user_id`, `body`, `created_at`) VALUES (NULL, '149', '150', 'Natus odio sint veritatis similique, odit odio corrupti dolorum mollitia esse quo, minima sed ut cumque quia velit pariatur possimus officia totam dicta, ipsa quo saepe voluptatibus ex temporibus, possimus necessitatibus fugiat tempora aliquam adipisci?', '2020-10-22 04:38:09');
INSERT INTO `messages` (`id`, `from_user_id`, `to_user_id`, `body`, `created_at`) VALUES (NULL, '94', '76', 'Maiores quae dolore perspiciatis et vel cumque ipsam error ratione minus nihil, odit nihil reprehenderit illo saepe voluptatum autem beatae necessitatibus architecto atque sit, labore sit nesciunt doloremque unde amet saepe obcaecati, natus eius eligendi odio velit, tempora ab provident excepturi unde quam accusantium magnam doloremque error nisi.', '2020-09-07 22:53:19');
INSERT INTO `messages` (`id`, `from_user_id`, `to_user_id`, `body`, `created_at`) VALUES (NULL, '111', '31', 'Dolore et a provident vel aperiam non doloribus iusto dignissimos quod, cum ullam architecto soluta ut vero quasi veritatis voluptatum, qui id aliquam praesentium odit veniam fugit nobis voluptate et deleniti?', '2020-07-19 16:49:09');
INSERT INTO `messages` (`id`, `from_user_id`, `to_user_id`, `body`, `created_at`) VALUES (NULL, '41', '114', 'Ea sunt tempora fugiat incidunt ipsam minus eius nemo perferendis, quo error non magni, possimus nam voluptatibus atque quos, expedita obcaecati sit vero, eveniet optio error perferendis sequi nobis deserunt iusto quasi nostrum labore?', '2021-09-15 09:32:51');
INSERT INTO `messages` (`id`, `from_user_id`, `to_user_id`, `body`, `created_at`) VALUES (NULL, '125', '15', 'Facilis cupiditate hic, sequi laborum tenetur doloribus perferendis libero a suscipit, deleniti minima suscipit totam, error omnis velit quibusdam voluptate quidem cupiditate, eaque soluta fugit vitae at provident omnis sequi voluptatem molestiae debitis voluptates?', '2021-01-01 22:58:08');
INSERT INTO `messages` (`id`, `from_user_id`, `to_user_id`, `body`, `created_at`) VALUES (NULL, '121', '79', 'Cupiditate soluta corrupti optio perspiciatis repellat quae consequuntur repudiandae, assumenda vitae nihil hic atque aspernatur repudiandae, fuga consequatur similique numquam, commodi perferendis a voluptatum harum et adipisci ipsam, repellat aut quos harum aperiam praesentium.', '2021-09-26 16:36:56');
INSERT INTO `messages` (`id`, `from_user_id`, `to_user_id`, `body`, `created_at`) VALUES (NULL, '135', '19', 'Deleniti praesentium tempore repellendus itaque at, aut excepturi neque consectetur in cupiditate, repellat laudantium culpa.', '2020-08-24 04:59:16');
INSERT INTO `messages` (`id`, `from_user_id`, `to_user_id`, `body`, `created_at`) VALUES (NULL, '59', '83', 'Placeat iure consectetur officia at omnis itaque accusantium vel debitis dolor voluptates, similique non quam molestias libero quisquam veniam atque aliquid consectetur natus ut, non ullam veniam culpa soluta repudiandae officia alias cupiditate fugit quae enim?', '2020-07-07 16:03:14');
INSERT INTO `messages` (`id`, `from_user_id`, `to_user_id`, `body`, `created_at`) VALUES (NULL, '13', '3', 'In laudantium nisi quas ea voluptates iusto, doloremque nobis quod doloribus quae necessitatibus ipsam natus accusantium deleniti, iure consectetur ipsum illum voluptatum nemo molestias iste corrupti, amet soluta dolor eligendi similique?', '2020-08-03 18:35:22');
INSERT INTO `messages` (`id`, `from_user_id`, `to_user_id`, `body`, `created_at`) VALUES (NULL, '150', '104', 'Quibusdam doloribus possimus architecto dolorem dolore vero sit, quia veritatis quibusdam magni praesentium ipsa nemo, exercitationem voluptas commodi esse vitae accusamus porro et iusto labore quae, neque eius enim iusto magnam accusamus quibusdam maxime exercitationem porro corporis soluta.', '2021-05-06 11:43:19');
INSERT INTO `messages` (`id`, `from_user_id`, `to_user_id`, `body`, `created_at`) VALUES (NULL, '105', '33', 'Recusandae cum eveniet dolore amet porro, ea est voluptas aperiam nihil nemo inventore voluptate vero ratione ipsa.', '2020-11-08 13:16:46');
INSERT INTO `messages` (`id`, `from_user_id`, `to_user_id`, `body`, `created_at`) VALUES (NULL, '25', '113', 'Iure quisquam possimus vel perspiciatis itaque, voluptates dolorum earum laboriosam beatae officia debitis in aliquam corporis, ab minima fugit voluptatum blanditiis, dolorum totam inventore at consectetur hic doloremque quas non numquam delectus aut?', '2020-01-02 17:48:28');
INSERT INTO `messages` (`id`, `from_user_id`, `to_user_id`, `body`, `created_at`) VALUES (NULL, '121', '23', 'Facilis labore iste qui quidem molestiae architecto repellendus voluptatum necessitatibus reprehenderit, blanditiis in culpa explicabo necessitatibus excepturi earum recusandae, dicta illo illum, possimus dolor ullam blanditiis.', '2021-04-06 16:51:59');
INSERT INTO `messages` (`id`, `from_user_id`, `to_user_id`, `body`, `created_at`) VALUES (NULL, '24', '107', 'Ipsum assumenda ipsa animi explicabo ut laudantium, hic ipsam a ullam tempora, ad quidem exercitationem laborum beatae alias magnam doloremque?', '2021-12-28 22:34:22');
INSERT INTO `messages` (`id`, `from_user_id`, `to_user_id`, `body`, `created_at`) VALUES (NULL, '11', '127', 'Sunt non tempora temporibus eum quisquam earum adipisci quo, fugiat in sapiente aspernatur.', '2021-02-14 12:51:38');
INSERT INTO `messages` (`id`, `from_user_id`, `to_user_id`, `body`, `created_at`) VALUES (NULL, '24', '42', 'Cum laudantium quod ipsam delectus error rem expedita quisquam possimus vero mollitia, veritatis porro optio provident, quam aperiam dolore.', '2020-08-22 21:47:15');
INSERT INTO `messages` (`id`, `from_user_id`, `to_user_id`, `body`, `created_at`) VALUES (NULL, '123', '118', 'Consequuntur aliquam in velit sequi quia corporis aut culpa, pariatur voluptatibus quia laborum voluptatem dolore est blanditiis nobis repellendus, voluptate nobis a rerum accusantium molestiae animi qui cupiditate ea, cum itaque quasi dolor ratione doloribus.', '2021-09-06 01:39:06');
INSERT INTO `messages` (`id`, `from_user_id`, `to_user_id`, `body`, `created_at`) VALUES (NULL, '130', '48', 'Soluta ad debitis eligendi quo quisquam adipisci iure incidunt, et voluptates error fugiat quis?', '2021-08-26 09:32:01');
INSERT INTO `messages` (`id`, `from_user_id`, `to_user_id`, `body`, `created_at`) VALUES (NULL, '72', '124', 'Accusantium hic velit fugiat blanditiis illo minima harum architecto deserunt molestias nulla, a laudantium ullam nam possimus voluptas, sint tenetur doloribus mollitia totam voluptatem illum harum dolores quam soluta, minima nisi accusantium dolores modi, ex reiciendis nihil obcaecati et facilis asperiores quod facere.', '2021-01-16 09:04:43');
INSERT INTO `messages` (`id`, `from_user_id`, `to_user_id`, `body`, `created_at`) VALUES (NULL, '134', '50', 'Ratione eos necessitatibus inventore voluptate sapiente nemo sed voluptatem ab, ex sed corporis dicta omnis tempora, quo commodi repudiandae illo dicta nisi ipsam dolores porro ut saepe fuga?', '2021-10-21 14:25:32');
INSERT INTO `messages` (`id`, `from_user_id`, `to_user_id`, `body`, `created_at`) VALUES (NULL, '123', '102', 'Nesciunt quidem ea nemo, aliquam asperiores id reiciendis eos voluptatum earum.', '2021-09-19 22:01:56');
INSERT INTO `messages` (`id`, `from_user_id`, `to_user_id`, `body`, `created_at`) VALUES (NULL, '136', '65', 'Reiciendis atque obcaecati deserunt provident cumque maiores ipsa, maxime voluptas perferendis aspernatur, ipsum earum molestias quae dolores ullam vitae.', '2020-05-24 21:11:07');
INSERT INTO `messages` (`id`, `from_user_id`, `to_user_id`, `body`, `created_at`) VALUES (NULL, '57', '143', 'Voluptatibus sint tenetur sapiente illo voluptatum magnam quae eaque, sunt odio ut voluptatibus reprehenderit magnam.', '2021-03-25 22:16:56');
INSERT INTO `messages` (`id`, `from_user_id`, `to_user_id`, `body`, `created_at`) VALUES (NULL, '39', '16', 'Nobis magnam illum eius deserunt sapiente quos debitis hic, nihil molestias at vel quo libero quis similique ratione deleniti aliquam, tenetur ducimus cupiditate beatae fugit, ad est minima pariatur nostrum ab dicta corporis ducimus saepe ipsum, sunt nemo saepe.', '2020-11-04 21:43:10');
INSERT INTO `messages` (`id`, `from_user_id`, `to_user_id`, `body`, `created_at`) VALUES (NULL, '131', '52', 'Aliquam incidunt commodi mollitia fugiat veniam autem rerum cumque unde accusantium deserunt, sapiente sed quas numquam rerum, labore explicabo at enim error, nobis quos a et.', '2021-06-21 13:50:29');
INSERT INTO `messages` (`id`, `from_user_id`, `to_user_id`, `body`, `created_at`) VALUES (NULL, '105', '77', 'Molestiae libero incidunt autem natus tempore suscipit, ipsum voluptate nesciunt, quia eos delectus alias incidunt deserunt ducimus voluptatem animi pariatur nihil.', '2020-03-10 01:24:44');
INSERT INTO `messages` (`id`, `from_user_id`, `to_user_id`, `body`, `created_at`) VALUES (NULL, '117', '53', 'Accusantium quod autem saepe perferendis voluptatibus esse ipsam iure at recusandae, inventore provident molestias cupiditate quidem ipsa hic quod optio numquam nisi, ad accusamus porro architecto maxime expedita possimus dolor, vel ullam tempore at dolore dolor.', '2021-09-26 05:21:09');
INSERT INTO `messages` (`id`, `from_user_id`, `to_user_id`, `body`, `created_at`) VALUES (NULL, '127', '34', 'Laboriosam suscipit corporis error voluptate consequuntur quasi natus, tempora nemo asperiores impedit quia, consequuntur cupiditate perspiciatis cum magni deleniti soluta beatae.', '2021-02-27 11:12:00');
INSERT INTO `messages` (`id`, `from_user_id`, `to_user_id`, `body`, `created_at`) VALUES (NULL, '107', '101', 'Veritatis suscipit ipsum, ab facilis ducimus dolorum modi aliquam, culpa consequatur qui, vitae distinctio quisquam vero quis expedita eius aut veritatis, numquam in aperiam voluptatum veniam iusto dolores dolor quos id?', '2020-03-12 16:22:06');
INSERT INTO `messages` (`id`, `from_user_id`, `to_user_id`, `body`, `created_at`) VALUES (NULL, '27', '117', 'Incidunt adipisci iste eos deserunt obcaecati distinctio cum libero hic in, explicabo dolore dolorum inventore suscipit voluptatem vel id similique pariatur nulla, modi repellendus dicta odio ratione perspiciatis nobis non ad cumque minus.', '2020-04-22 19:34:14');
INSERT INTO `messages` (`id`, `from_user_id`, `to_user_id`, `body`, `created_at`) VALUES (NULL, '92', '82', 'Deserunt optio nobis modi obcaecati dolorem illum architecto, ut ipsam dolor qui fugiat, voluptate explicabo eum nulla corrupti accusamus rerum earum voluptatibus natus, et quas eius accusamus.', '2020-12-07 11:48:47');
INSERT INTO `messages` (`id`, `from_user_id`, `to_user_id`, `body`, `created_at`) VALUES (NULL, '120', '131', 'Asperiores mollitia error nisi quidem commodi nihil corrupti aperiam accusamus deleniti labore, dolores molestiae molestias vel quaerat in nisi obcaecati fugit est quod, velit impedit explicabo nam, mollitia asperiores cupiditate suscipit vitae sapiente quia voluptate.', '2021-03-22 10:43:42');
INSERT INTO `messages` (`id`, `from_user_id`, `to_user_id`, `body`, `created_at`) VALUES (NULL, '42', '14', 'Sapiente ut magnam temporibus eius voluptates repellat incidunt voluptatibus cumque quidem, at tempore ea veniam quaerat illo iste officia tenetur quae molestiae, tenetur cupiditate nostrum doloribus reiciendis voluptatem, facilis consequatur sit aliquid.', '2021-12-25 20:58:04');
INSERT INTO `messages` (`id`, `from_user_id`, `to_user_id`, `body`, `created_at`) VALUES (NULL, '97', '145', 'Voluptas ad repudiandae deserunt cumque exercitationem accusantium, saepe dicta et officiis minima veniam voluptas dolores alias sequi, ut excepturi repudiandae maxime dignissimos magni est quidem dolore minima culpa?', '2020-12-02 01:12:09');
INSERT INTO `messages` (`id`, `from_user_id`, `to_user_id`, `body`, `created_at`) VALUES (NULL, '139', '103', 'Architecto magnam illo fuga rerum autem sapiente numquam fugiat maxime id, vel voluptatum qui, ullam quidem suscipit laborum necessitatibus rerum officiis, aspernatur saepe officiis.', '2020-05-14 00:04:26');
INSERT INTO `messages` (`id`, `from_user_id`, `to_user_id`, `body`, `created_at`) VALUES (NULL, '62', '83', 'Fuga quia similique minima tempora sapiente aperiam omnis, exercitationem atque dolor quisquam nesciunt eveniet quidem inventore expedita sit porro ducimus, maiores doloremque eum similique sint voluptatibus laborum?', '2021-12-18 20:37:31');
INSERT INTO `messages` (`id`, `from_user_id`, `to_user_id`, `body`, `created_at`) VALUES (NULL, '54', '68', 'Autem consequuntur corporis animi incidunt possimus exercitationem, quod illo quasi porro obcaecati illum laudantium commodi sed voluptates fugit.', '2020-10-28 07:16:39');
INSERT INTO `messages` (`id`, `from_user_id`, `to_user_id`, `body`, `created_at`) VALUES (NULL, '19', '103', 'Illum dolores dignissimos sapiente, neque inventore odit beatae?', '2021-11-05 04:38:21');
INSERT INTO `messages` (`id`, `from_user_id`, `to_user_id`, `body`, `created_at`) VALUES (NULL, '53', '57', 'Alias vero pariatur ipsam quisquam voluptates sequi, fugit dicta labore minus numquam voluptates provident molestiae neque dolorem voluptas, cum aperiam odio aspernatur neque dignissimos unde omnis, architecto facere magnam eius aperiam nostrum sit dignissimos ratione tempora?', '2020-01-08 12:20:53');
INSERT INTO `messages` (`id`, `from_user_id`, `to_user_id`, `body`, `created_at`) VALUES (NULL, '40', '76', 'Assumenda quia id illum voluptas repellat nesciunt blanditiis, molestiae corporis maiores, iste accusamus sint tenetur illo, veniam magni laborum distinctio, rem iusto asperiores earum suscipit quasi corrupti porro repellat est.', '2021-02-16 03:59:06');
INSERT INTO `messages` (`id`, `from_user_id`, `to_user_id`, `body`, `created_at`) VALUES (NULL, '32', '17', 'Nisi commodi iure, facere ad sed molestias vitae id, laborum expedita quam veniam eaque repellat.', '2020-09-02 19:42:38');
INSERT INTO `messages` (`id`, `from_user_id`, `to_user_id`, `body`, `created_at`) VALUES (NULL, '121', '105', 'Autem delectus voluptatum quaerat tempora neque modi, modi nobis fugit at quod unde sed ipsam corrupti ut, eveniet enim architecto eum vero omnis veritatis nemo?', '2020-09-07 23:18:52');
INSERT INTO `messages` (`id`, `from_user_id`, `to_user_id`, `body`, `created_at`) VALUES (NULL, '126', '147', 'Consequuntur et neque provident, laboriosam a aut, iusto cumque consequatur quia mollitia libero pariatur, ex eum corporis error, excepturi beatae similique odit.', '2021-08-05 13:58:52');
INSERT INTO `messages` (`id`, `from_user_id`, `to_user_id`, `body`, `created_at`) VALUES (NULL, '34', '28', 'Doloribus ducimus voluptatem soluta id ullam non ea reprehenderit qui ut laborum, dolorum placeat quo eos, explicabo magnam voluptas eius accusantium ut cupiditate?', '2021-03-25 12:15:48');
INSERT INTO `messages` (`id`, `from_user_id`, `to_user_id`, `body`, `created_at`) VALUES (NULL, '93', '65', 'Ratione blanditiis atque ab eligendi nihil, nisi excepturi necessitatibus explicabo quasi, hic assumenda sed, aspernatur labore fuga officiis nulla enim libero pariatur?', '2020-09-02 16:01:54');
INSERT INTO `messages` (`id`, `from_user_id`, `to_user_id`, `body`, `created_at`) VALUES (NULL, '42', '29', 'Perferendis nisi eveniet ducimus quae, soluta iusto officia vero explicabo natus repellat aliquam adipisci.', '2020-05-18 23:54:34');
INSERT INTO `messages` (`id`, `from_user_id`, `to_user_id`, `body`, `created_at`) VALUES (NULL, '63', '92', 'Earum labore ullam commodi exercitationem, iste non quas cumque itaque?', '2021-02-27 12:31:03');
INSERT INTO `messages` (`id`, `from_user_id`, `to_user_id`, `body`, `created_at`) VALUES (NULL, '121', '55', 'Ratione aspernatur in magni sint fuga, excepturi dolore sunt maxime saepe tempore quia, temporibus illum libero dignissimos veniam id iure sed.', '2021-01-28 15:15:36');
INSERT INTO `messages` (`id`, `from_user_id`, `to_user_id`, `body`, `created_at`) VALUES (NULL, '97', '31', 'Quo voluptates accusamus totam necessitatibus nesciunt, harum libero ut vel aut porro illo modi.', '2020-08-12 15:45:39');
INSERT INTO `messages` (`id`, `from_user_id`, `to_user_id`, `body`, `created_at`) VALUES (NULL, '54', '63', 'Beatae consectetur tenetur perspiciatis exercitationem asperiores iure quos voluptates, temporibus quo impedit fuga velit error sequi quas eveniet cum mollitia modi?', '2021-11-11 03:57:45');
INSERT INTO `messages` (`id`, `from_user_id`, `to_user_id`, `body`, `created_at`) VALUES (NULL, '132', '115', 'Explicabo dolorem impedit culpa nulla necessitatibus consequatur, optio aliquid necessitatibus, deserunt dolor incidunt perspiciatis labore culpa totam iste, reiciendis tempore magnam ex aut aliquid illum inventore ullam voluptatum aspernatur perspiciatis.', '2020-02-28 10:27:38');
INSERT INTO `messages` (`id`, `from_user_id`, `to_user_id`, `body`, `created_at`) VALUES (NULL, '104', '35', 'Minus odit aut explicabo at accusantium itaque deserunt nihil ut quis velit, facilis nostrum facere rem aliquam deserunt, cupiditate accusamus quae sint reiciendis?', '2020-09-05 10:20:03');
INSERT INTO `messages` (`id`, `from_user_id`, `to_user_id`, `body`, `created_at`) VALUES (NULL, '5', '120', 'Fugit dolore reiciendis ab ipsam, accusamus dicta distinctio ratione ab magnam, dignissimos atque quidem perferendis odit quibusdam labore iure facere eius excepturi, minima a ullam corporis esse reprehenderit facere quas assumenda dignissimos placeat, ipsum ex veniam hic ipsam ducimus quis.', '2020-02-25 19:14:54');
INSERT INTO `messages` (`id`, `from_user_id`, `to_user_id`, `body`, `created_at`) VALUES (NULL, '43', '98', 'Culpa iure voluptatibus qui sed eos veritatis doloremque voluptate sit, illum qui recusandae reprehenderit voluptatibus explicabo nobis doloremque debitis repellendus?', '2020-10-16 19:03:39');
INSERT INTO `messages` (`id`, `from_user_id`, `to_user_id`, `body`, `created_at`) VALUES (NULL, '80', '36', 'Recusandae corrupti reiciendis autem architecto modi aut, impedit dolor illum, culpa neque in quo sit at officiis soluta, harum quidem a quam corrupti provident quaerat adipisci impedit amet similique ut?', '2021-09-22 21:23:25');
INSERT INTO `messages` (`id`, `from_user_id`, `to_user_id`, `body`, `created_at`) VALUES (NULL, '7', '36', 'Eveniet saepe a quod exercitationem reiciendis, labore assumenda deleniti est adipisci delectus sunt, aperiam ratione eaque praesentium, voluptatem autem quo impedit perferendis sit cumque repellat exercitationem, in illo quis repellendus non nemo commodi nesciunt.', '2021-04-10 17:24:29');
INSERT INTO `messages` (`id`, `from_user_id`, `to_user_id`, `body`, `created_at`) VALUES (NULL, '58', '125', 'Dignissimos fugiat sequi vel obcaecati beatae voluptatum, quidem modi repellendus aspernatur doloribus quo at ex eaque, eos iusto corporis reprehenderit dolorem voluptatum esse architecto soluta, ipsum temporibus dicta voluptatum.', '2021-06-16 04:36:07');
INSERT INTO `messages` (`id`, `from_user_id`, `to_user_id`, `body`, `created_at`) VALUES (NULL, '4', '19', 'Dolore expedita nisi, modi totam architecto molestiae obcaecati sed corrupti temporibus officia expedita magnam itaque, quod maiores eveniet vero consectetur animi perferendis obcaecati voluptates officia?', '2020-10-16 12:21:22');
INSERT INTO `messages` (`id`, `from_user_id`, `to_user_id`, `body`, `created_at`) VALUES (NULL, '71', '113', 'Fugiat nobis eum hic amet ab molestias, possimus magnam vero cupiditate ex eius, laudantium magni fugit labore excepturi porro vel earum illo consequatur eligendi, dicta dolorum dolore, sit distinctio cum nihil hic amet?', '2020-11-23 07:53:17');
INSERT INTO `messages` (`id`, `from_user_id`, `to_user_id`, `body`, `created_at`) VALUES (NULL, '41', '12', 'Consectetur iure quam, corrupti nulla tenetur porro perferendis voluptate nam dolorum.', '2020-05-23 11:03:04');
INSERT INTO `messages` (`id`, `from_user_id`, `to_user_id`, `body`, `created_at`) VALUES (NULL, '22', '147', 'Itaque debitis perferendis vel quam et cumque quasi, distinctio accusantium mollitia expedita natus aliquam excepturi accusamus modi dolore eum at.', '2021-04-28 10:57:30');
INSERT INTO `messages` (`id`, `from_user_id`, `to_user_id`, `body`, `created_at`) VALUES (NULL, '27', '126', 'Nihil ratione aliquam quod cupiditate adipisci iste dignissimos impedit praesentium, porro reiciendis in alias magnam earum obcaecati error aperiam soluta mollitia, similique corrupti odit accusamus laborum.', '2021-08-18 12:33:04');
INSERT INTO `messages` (`id`, `from_user_id`, `to_user_id`, `body`, `created_at`) VALUES (NULL, '102', '5', 'Quam dolorem dolorum tempora dicta eligendi recusandae atque cumque natus, doloribus unde neque iusto deleniti, veniam dolorem placeat minima autem ipsum similique voluptatum tempore omnis, alias ipsam corrupti aperiam neque.', '2020-07-15 04:29:00');
INSERT INTO `messages` (`id`, `from_user_id`, `to_user_id`, `body`, `created_at`) VALUES (NULL, '31', '110', 'Cupiditate quas inventore sapiente eum quam earum delectus itaque minus, doloremque eos ex quam dolores officiis numquam, deleniti facere eaque recusandae unde voluptatum vitae fuga officia, fuga aut voluptatum voluptatem delectus?', '2020-04-28 20:44:24');
INSERT INTO `messages` (`id`, `from_user_id`, `to_user_id`, `body`, `created_at`) VALUES (NULL, '109', '100', 'Numquam unde aspernatur, reiciendis placeat voluptate id dolorem doloribus veniam rem voluptates provident, molestiae id hic distinctio laborum commodi saepe quaerat velit sit, dolore nam non assumenda iusto ut voluptates possimus cum?', '2021-08-28 20:10:36');
INSERT INTO `messages` (`id`, `from_user_id`, `to_user_id`, `body`, `created_at`) VALUES (NULL, '112', '95', 'Tenetur nisi sint doloribus quaerat sed omnis quasi deleniti culpa reprehenderit, corrupti dolores eveniet similique assumenda magni quas nostrum dolor sunt, accusantium eius in vel et odit minima similique repudiandae libero.', '2021-01-05 00:00:36');
INSERT INTO `messages` (`id`, `from_user_id`, `to_user_id`, `body`, `created_at`) VALUES (NULL, '114', '48', 'Quo minima eligendi optio qui libero nulla sed odit, enim est molestiae molestias nemo temporibus, est quae quo excepturi officia commodi esse, ratione itaque culpa, molestias unde obcaecati neque consequatur distinctio repellendus magnam.', '2021-05-11 04:55:03');
INSERT INTO `messages` (`id`, `from_user_id`, `to_user_id`, `body`, `created_at`) VALUES (NULL, '144', '14', 'Corrupti animi minus illum modi sunt, vero totam quae ducimus esse, eius reiciendis magni harum impedit sit laborum exercitationem et non, earum aspernatur consectetur molestias pariatur vel nihil quaerat quia fugiat quasi magni.', '2020-08-24 12:20:08');
INSERT INTO `messages` (`id`, `from_user_id`, `to_user_id`, `body`, `created_at`) VALUES (NULL, '88', '115', 'Alias eum vitae magnam incidunt quos nostrum temporibus illum dicta quia tempora, nesciunt sapiente adipisci optio eos fuga molestias porro nulla molestiae aut voluptatibus, consequuntur cum hic fugit quibusdam odit harum maiores, soluta eligendi atque velit perspiciatis, soluta voluptas quae eius quo et earum eos maiores laborum reiciendis?', '2020-04-21 07:14:06');
INSERT INTO `messages` (`id`, `from_user_id`, `to_user_id`, `body`, `created_at`) VALUES (NULL, '63', '47', 'Rerum saepe molestiae accusantium voluptates voluptate et praesentium, alias recusandae debitis ratione ipsa tempore ad ut, aliquam at assumenda consectetur excepturi sed dolorem, perferendis exercitationem nihil.', '2021-05-12 10:32:29');
INSERT INTO `messages` (`id`, `from_user_id`, `to_user_id`, `body`, `created_at`) VALUES (NULL, '124', '24', 'Pariatur quas vitae ad, distinctio fugiat quidem cupiditate atque suscipit dolor magni obcaecati ducimus porro, hic laboriosam porro quia aliquam est maxime omnis accusantium pariatur inventore, laborum architecto neque nihil dignissimos reprehenderit aperiam inventore sint et voluptate totam, necessitatibus odio eaque quod ducimus distinctio inventore nulla perferendis natus?', '2020-06-13 01:00:28');
INSERT INTO `messages` (`id`, `from_user_id`, `to_user_id`, `body`, `created_at`) VALUES (NULL, '92', '75', 'Tempore animi quis asperiores voluptatibus natus optio voluptatem adipisci repudiandae alias, doloribus hic temporibus laboriosam placeat cupiditate odio ipsum, enim quia fugiat numquam placeat illo mollitia dolorem recusandae natus aliquam, inventore ullam doloremque facilis quis architecto blanditiis, saepe possimus commodi adipisci fuga quos totam alias ipsum.', '2021-03-01 08:56:25');
INSERT INTO `messages` (`id`, `from_user_id`, `to_user_id`, `body`, `created_at`) VALUES (NULL, '113', '144', 'Dolore libero eveniet optio, corrupti neque vitae earum dolorem doloribus?', '2021-02-17 14:18:07');
INSERT INTO `messages` (`id`, `from_user_id`, `to_user_id`, `body`, `created_at`) VALUES (NULL, '20', '41', 'Dolorem cumque facere repellat, eius placeat consequatur aliquam quia, nostrum dolorum eius fuga.', '2021-01-18 09:12:08');
INSERT INTO `messages` (`id`, `from_user_id`, `to_user_id`, `body`, `created_at`) VALUES (NULL, '16', '117', 'Corporis iste id veritatis provident saepe velit cum, eius aspernatur nam repellat doloribus a minus?', '2020-05-07 11:33:14');
INSERT INTO `messages` (`id`, `from_user_id`, `to_user_id`, `body`, `created_at`) VALUES (NULL, '17', '81', 'Delectus incidunt vel repudiandae eligendi neque dolorum aut vitae similique numquam, impedit cupiditate recusandae quibusdam ratione earum accusantium, harum exercitationem quo eum qui tempora, cupiditate quo cum amet fugit repellat rem laudantium repellendus ad in nemo?', '2020-02-09 14:41:39');
INSERT INTO `messages` (`id`, `from_user_id`, `to_user_id`, `body`, `created_at`) VALUES (NULL, '35', '86', 'Iusto nemo maxime, laboriosam esse doloremque blanditiis deserunt accusantium et animi laborum, consequuntur id quia perspiciatis voluptate aliquid nostrum laborum?', '2021-05-26 08:12:22');
INSERT INTO `messages` (`id`, `from_user_id`, `to_user_id`, `body`, `created_at`) VALUES (NULL, '7', '62', 'Quis obcaecati eos in quibusdam dicta quae, maxime doloribus nobis quidem fugit suscipit recusandae voluptas dolore, nobis obcaecati cupiditate, tempora nobis cupiditate temporibus dolore quidem?', '2020-05-08 10:33:00');
INSERT INTO `messages` (`id`, `from_user_id`, `to_user_id`, `body`, `created_at`) VALUES (NULL, '31', '39', 'Magnam maxime similique minima distinctio, hic dolorem provident quos dignissimos eius beatae quibusdam at sequi blanditiis ipsum, at incidunt adipisci illum ducimus nesciunt iure totam natus accusantium explicabo quo?', '2020-04-09 21:00:14');
INSERT INTO `messages` (`id`, `from_user_id`, `to_user_id`, `body`, `created_at`) VALUES (NULL, '56', '8', 'Similique animi amet quibusdam nisi sequi sint quis eum rerum neque cumque, consequuntur error quidem vitae sed illum maxime, perferendis nostrum sequi aliquam pariatur magni ex reiciendis ea, modi tempore sed fugiat ullam ducimus ipsam enim perferendis?', '2020-09-02 12:31:30');
INSERT INTO `messages` (`id`, `from_user_id`, `to_user_id`, `body`, `created_at`) VALUES (NULL, '71', '76', 'Ex doloremque vel labore similique perferendis velit eaque, ad atque omnis, nostrum sunt harum tenetur?', '2021-12-19 15:17:27');
INSERT INTO `messages` (`id`, `from_user_id`, `to_user_id`, `body`, `created_at`) VALUES (NULL, '18', '37', 'Itaque temporibus nesciunt dolores, consequuntur voluptas voluptate pariatur nisi unde doloribus deleniti cumque quas atque id, libero illo optio laboriosam alias ut dolorum, placeat exercitationem pariatur possimus eveniet nulla nam animi explicabo numquam eum aliquam, nulla officiis porro tempore totam?', '2021-01-24 20:51:59');
INSERT INTO `messages` (`id`, `from_user_id`, `to_user_id`, `body`, `created_at`) VALUES (NULL, '85', '35', 'Alias dignissimos beatae error corrupti fuga et incidunt quasi provident, officia eum voluptate assumenda distinctio saepe odit aliquam dolorem.', '2020-11-10 02:12:19');
INSERT INTO `messages` (`id`, `from_user_id`, `to_user_id`, `body`, `created_at`) VALUES (NULL, '11', '135', 'Repellat magni autem aperiam ut rerum tempore, consequuntur facere dicta, possimus consequuntur reprehenderit, saepe tempore voluptatum omnis optio.', '2020-08-20 11:22:38');
INSERT INTO `messages` (`id`, `from_user_id`, `to_user_id`, `body`, `created_at`) VALUES (NULL, '126', '5', 'Molestiae facilis reiciendis dicta debitis minima delectus officiis, minus ad esse quam sint quas perspiciatis nobis, optio inventore repellendus ipsa hic voluptate deleniti ducimus expedita, eveniet tenetur hic?', '2021-10-14 13:53:15');
INSERT INTO `messages` (`id`, `from_user_id`, `to_user_id`, `body`, `created_at`) VALUES (NULL, '12', '13', 'Necessitatibus alias laboriosam, obcaecati nam consequatur quasi nulla quidem cupiditate ipsam nisi est vel rerum, quo quod ducimus, saepe harum ducimus cumque atque inventore tempore blanditiis magnam error eum similique?', '2020-02-25 11:46:08');
INSERT INTO `messages` (`id`, `from_user_id`, `to_user_id`, `body`, `created_at`) VALUES (NULL, '114', '120', 'Libero quibusdam illo id, tenetur dolorum nobis quae dolore maiores porro similique, unde illum iusto.', '2020-10-19 07:38:18');
INSERT INTO `messages` (`id`, `from_user_id`, `to_user_id`, `body`, `created_at`) VALUES (NULL, '96', '123', 'Nemo laborum ipsam animi quo, ab harum doloremque, facilis rem necessitatibus doloremque nisi unde dicta veritatis, quaerat accusantium voluptatem?', '2021-08-26 05:37:01');
INSERT INTO `messages` (`id`, `from_user_id`, `to_user_id`, `body`, `created_at`) VALUES (NULL, '43', '32', 'Illum esse laudantium quisquam deleniti praesentium similique reiciendis cupiditate ratione, cumque quisquam eaque fuga est natus numquam expedita, hic repellat itaque repudiandae minus perspiciatis, ipsum fugit cumque error doloremque sed nulla qui perferendis nam aut architecto, veritatis incidunt possimus quibusdam itaque maiores pariatur totam voluptas iusto?', '2021-04-02 09:13:51');
INSERT INTO `messages` (`id`, `from_user_id`, `to_user_id`, `body`, `created_at`) VALUES (NULL, '109', '35', 'Expedita sit incidunt, excepturi facere similique labore eveniet culpa error molestias quis sapiente, excepturi aspernatur repudiandae error labore alias quibusdam architecto?', '2020-08-12 22:46:00');
INSERT INTO `messages` (`id`, `from_user_id`, `to_user_id`, `body`, `created_at`) VALUES (NULL, '110', '41', 'Exercitationem quaerat veritatis fugit, nemo vero eius voluptas minima inventore non praesentium nulla a eligendi aliquid, saepe est animi similique distinctio harum veniam nihil optio aliquid minima, eaque illo cum quis blanditiis cupiditate fugit reiciendis quam quaerat.', '2021-12-05 05:52:01');
INSERT INTO `messages` (`id`, `from_user_id`, `to_user_id`, `body`, `created_at`) VALUES (NULL, '34', '29', 'Ullam exercitationem nihil earum perspiciatis, alias delectus quo aut modi quod quibusdam, nam nesciunt dolor, iusto error officia animi a voluptas mollitia debitis?', '2020-11-13 19:32:57');
INSERT INTO `messages` (`id`, `from_user_id`, `to_user_id`, `body`, `created_at`) VALUES (NULL, '146', '125', 'Illo iusto eligendi ipsum aliquam impedit, facere voluptatibus nostrum iure animi repellendus sunt itaque, nemo maxime sit quibusdam ex repellendus a voluptates.', '2020-04-17 14:38:24');
INSERT INTO `messages` (`id`, `from_user_id`, `to_user_id`, `body`, `created_at`) VALUES (NULL, '51', '99', 'Eius tempora porro unde asperiores soluta reiciendis minima voluptatem aliquid dicta, ullam et accusantium officiis maiores aliquid temporibus aliquam veniam commodi dicta aperiam, id autem est facilis laudantium iusto aut deserunt alias cumque vero.', '2021-04-22 13:12:52');
INSERT INTO `messages` (`id`, `from_user_id`, `to_user_id`, `body`, `created_at`) VALUES (NULL, '87', '118', 'Excepturi laboriosam architecto molestias sunt expedita distinctio similique neque magnam facere, repellendus repudiandae illum incidunt labore in, fuga neque earum, neque accusantium perferendis aliquam ullam sapiente suscipit temporibus odio.', '2021-11-01 05:06:08');
INSERT INTO `messages` (`id`, `from_user_id`, `to_user_id`, `body`, `created_at`) VALUES (NULL, '2', '26', 'Nam eaque eius, quasi corrupti facilis quis tempora illo veniam esse sapiente necessitatibus nam cum, eaque ea ullam fuga facilis quasi.', '2020-02-17 17:54:08');
INSERT INTO `messages` (`id`, `from_user_id`, `to_user_id`, `body`, `created_at`) VALUES (NULL, '31', '139', 'Mollitia eos obcaecati enim eligendi reprehenderit magni amet adipisci maxime a dolorem, ipsam libero voluptatem error quod illo necessitatibus nostrum, corrupti est officiis necessitatibus quisquam totam vitae at pariatur obcaecati possimus, corrupti laudantium vero tempore hic maiores debitis adipisci fuga.', '2021-06-28 06:45:59');
INSERT INTO `messages` (`id`, `from_user_id`, `to_user_id`, `body`, `created_at`) VALUES (NULL, '59', '90', 'Obcaecati magnam pariatur libero totam commodi ea aliquam tenetur iusto, atque ipsa pariatur a delectus laboriosam, sit nesciunt veritatis dignissimos corporis aliquam ratione veniam rerum quod quidem quae, reprehenderit ex soluta voluptatum nobis repellendus magni error at?', '2021-07-07 20:12:17');
INSERT INTO `messages` (`id`, `from_user_id`, `to_user_id`, `body`, `created_at`) VALUES (NULL, '114', '106', 'Nulla earum aspernatur nesciunt, nostrum nemo eum officiis dolores veritatis tempore voluptate dicta, ad pariatur modi.', '2021-11-16 01:18:38');
INSERT INTO `messages` (`id`, `from_user_id`, `to_user_id`, `body`, `created_at`) VALUES (NULL, '41', '18', 'Libero quibusdam necessitatibus, libero dolore assumenda dolor iure eligendi, fugit consequuntur adipisci obcaecati ducimus officia aliquam iste commodi, enim omnis cum totam voluptatem.', '2021-01-08 14:29:04');
INSERT INTO `messages` (`id`, `from_user_id`, `to_user_id`, `body`, `created_at`) VALUES (NULL, '96', '89', 'Assumenda vel nihil dolores unde ullam alias, nisi ad distinctio, dolores dicta pariatur, numquam temporibus deserunt saepe itaque laudantium ea consectetur ut delectus explicabo?', '2020-10-01 02:42:18');
INSERT INTO `messages` (`id`, `from_user_id`, `to_user_id`, `body`, `created_at`) VALUES (NULL, '139', '135', 'Maxime aliquid nesciunt inventore quo consequuntur eaque nemo ratione blanditiis reiciendis laborum, quidem voluptatibus tempora officia accusamus quo?', '2021-10-26 01:15:56');
INSERT INTO `messages` (`id`, `from_user_id`, `to_user_id`, `body`, `created_at`) VALUES (NULL, '11', '59', 'Molestiae fugit suscipit quia dolorem quam sint voluptatum rem perspiciatis, voluptas doloribus obcaecati facilis voluptatem in nam sunt consequuntur soluta, debitis unde veritatis.', '2021-11-04 07:47:18');
INSERT INTO `messages` (`id`, `from_user_id`, `to_user_id`, `body`, `created_at`) VALUES (NULL, '11', '144', 'Officiis quasi hic dignissimos minima exercitationem corporis dolorum, a ipsam quae itaque aliquam fuga dignissimos esse iure maiores, maiores laboriosam voluptatum perferendis aperiam debitis iste corrupti in velit, odit corrupti nihil vitae voluptatum aliquam dolore maxime, repellat modi omnis molestias?', '2021-06-03 02:00:10');
INSERT INTO `messages` (`id`, `from_user_id`, `to_user_id`, `body`, `created_at`) VALUES (NULL, '39', '43', 'Saepe atque fugiat est unde aspernatur, ullam quos ipsum, fuga assumenda asperiores quod autem consequuntur aperiam dicta odit sint quis veniam.', '2020-04-07 04:24:15');
INSERT INTO `messages` (`id`, `from_user_id`, `to_user_id`, `body`, `created_at`) VALUES (NULL, '96', '114', 'Tempore temporibus molestias, ut numquam maiores, odit numquam accusamus eaque doloribus sint, odio ipsa eius minima?', '2021-03-05 09:58:38');
INSERT INTO `messages` (`id`, `from_user_id`, `to_user_id`, `body`, `created_at`) VALUES (NULL, '101', '96', 'Impedit possimus iste sunt provident sit velit excepturi asperiores, odit laborum cum voluptatum id at, exercitationem ipsam hic iure ab quos reiciendis iste odit et voluptates, nisi sed architecto perspiciatis aspernatur reiciendis modi temporibus dolore?', '2021-12-15 05:32:32');
INSERT INTO `messages` (`id`, `from_user_id`, `to_user_id`, `body`, `created_at`) VALUES (NULL, '4', '19', 'Error sit nisi sapiente nihil tenetur maxime dolore placeat dignissimos, sed vero non magni magnam adipisci nam blanditiis delectus, aliquid unde veritatis obcaecati nemo ipsum voluptate temporibus ratione dolores, modi doloremque quidem culpa deserunt accusantium et dolor facere quod ipsam, quaerat ab voluptatem perspiciatis beatae sunt.', '2020-04-23 23:32:16');
INSERT INTO `messages` (`id`, `from_user_id`, `to_user_id`, `body`, `created_at`) VALUES (NULL, '4', '60', 'Adipisci voluptatibus pariatur nemo fuga repudiandae ducimus voluptatum eligendi, sapiente dolorem eaque recusandae explicabo, voluptas laboriosam molestiae hic, modi eligendi odio consequuntur accusantium praesentium autem error minus.', '2020-09-05 07:22:14');
INSERT INTO `messages` (`id`, `from_user_id`, `to_user_id`, `body`, `created_at`) VALUES (NULL, '115', '53', 'Expedita voluptas ab possimus ad, aut eos sint delectus voluptas placeat vitae?', '2021-09-11 13:42:58');
INSERT INTO `messages` (`id`, `from_user_id`, `to_user_id`, `body`, `created_at`) VALUES (NULL, '72', '40', 'Ea neque minima, mollitia ratione rem nesciunt inventore esse ullam sit natus laboriosam, eveniet iste nobis similique eius reprehenderit officia harum ratione, officiis non voluptatem tempore doloribus voluptatibus, ratione corporis placeat vitae esse minus vel.', '2020-07-20 09:27:32');
INSERT INTO `messages` (`id`, `from_user_id`, `to_user_id`, `body`, `created_at`) VALUES (NULL, '74', '16', 'Vitae dolores nemo laborum tenetur suscipit in eos, delectus est rem ipsam inventore impedit iure repellendus ipsa aliquam nulla.', '2021-12-08 23:01:37');
INSERT INTO `messages` (`id`, `from_user_id`, `to_user_id`, `body`, `created_at`) VALUES (NULL, '95', '66', 'Facilis ad at id consequatur dolores explicabo delectus quis cumque qui, eos inventore quam doloremque quos exercitationem dolorum deserunt quod laboriosam?', '2021-04-10 22:16:08');
INSERT INTO `messages` (`id`, `from_user_id`, `to_user_id`, `body`, `created_at`) VALUES (NULL, '57', '56', 'Alias sed praesentium incidunt, explicabo obcaecati similique laboriosam molestias non odit, perferendis dolorem laudantium at similique facere rem ullam, nihil distinctio voluptas?', '2020-04-24 04:23:19');
INSERT INTO `messages` (`id`, `from_user_id`, `to_user_id`, `body`, `created_at`) VALUES (NULL, '114', '75', 'Dignissimos repudiandae enim exercitationem ducimus provident sunt cum, soluta officiis voluptas cum in voluptate placeat mollitia, perferendis molestias quis iusto sit iure pariatur veniam modi rem minima consequuntur, quisquam qui harum cumque nisi provident itaque saepe modi?', '2021-03-15 23:20:50');
INSERT INTO `messages` (`id`, `from_user_id`, `to_user_id`, `body`, `created_at`) VALUES (NULL, '108', '89', 'Molestias ullam modi fugiat, laudantium provident quibusdam explicabo ipsa quaerat aspernatur quasi eaque accusantium nulla, cum minus tenetur quidem, laborum commodi ducimus maiores nulla vel facilis blanditiis saepe tempora?', '2021-09-22 17:44:15');
INSERT INTO `messages` (`id`, `from_user_id`, `to_user_id`, `body`, `created_at`) VALUES (NULL, '121', '45', 'Consectetur et corrupti sed reprehenderit aperiam quo quibusdam, nisi hic at, asperiores in aliquid rerum quas aut harum delectus, facilis voluptatem dolorum doloribus maxime ex possimus nemo dicta reiciendis quam, eum rem qui.', '2021-04-10 15:55:32');
INSERT INTO `messages` (`id`, `from_user_id`, `to_user_id`, `body`, `created_at`) VALUES (NULL, '4', '59', 'Delectus odio necessitatibus id, facere porro voluptates dicta itaque expedita eaque eos beatae consectetur necessitatibus, illo nemo saepe?', '2021-09-14 21:01:17');
INSERT INTO `messages` (`id`, `from_user_id`, `to_user_id`, `body`, `created_at`) VALUES (NULL, '144', '140', 'Magni cum incidunt et delectus libero, ipsam voluptas perspiciatis modi quia esse beatae aspernatur vitae odit cupiditate earum, quos accusantium dicta et suscipit voluptate.', '2021-01-20 15:39:12');
INSERT INTO `messages` (`id`, `from_user_id`, `to_user_id`, `body`, `created_at`) VALUES (NULL, '52', '105', 'Soluta quam sint ipsa quidem, ipsa ex officiis illum a id veritatis nobis doloremque iusto aspernatur non, sint eligendi aliquid dignissimos consequuntur magni, voluptatibus sapiente consequuntur incidunt a neque doloremque assumenda?', '2020-11-25 12:40:16');
INSERT INTO `messages` (`id`, `from_user_id`, `to_user_id`, `body`, `created_at`) VALUES (NULL, '58', '131', 'Sapiente dolores iure adipisci nobis, reprehenderit ipsa minima nam explicabo aut error aperiam cum, voluptatem facere ratione sit tempora deserunt laudantium libero minus ducimus, ea atque rem, amet incidunt sit quia commodi similique?', '2021-10-01 17:32:59');
INSERT INTO `messages` (`id`, `from_user_id`, `to_user_id`, `body`, `created_at`) VALUES (NULL, '8', '112', 'Sit tenetur a tempora, id commodi perferendis laborum enim rem.', '2020-10-10 20:25:38');
INSERT INTO `messages` (`id`, `from_user_id`, `to_user_id`, `body`, `created_at`) VALUES (NULL, '132', '53', 'Explicabo quas ipsum sequi doloremque beatae cupiditate molestiae asperiores id totam, assumenda enim impedit quidem tempore non voluptatibus consectetur pariatur veniam consequatur, illum quasi aut a dignissimos, adipisci quae voluptate maxime distinctio repellendus ipsum, animi aliquam aperiam quas quam aliquid sed inventore numquam laborum?', '2021-03-15 21:31:06');
INSERT INTO `messages` (`id`, `from_user_id`, `to_user_id`, `body`, `created_at`) VALUES (NULL, '53', '17', 'Rem hic eligendi, eveniet ut ducimus amet quidem repudiandae, ad laborum mollitia tempore, culpa quam nulla earum voluptate sint ullam quaerat debitis eos cupiditate illum.', '2020-09-27 07:48:01');
INSERT INTO `messages` (`id`, `from_user_id`, `to_user_id`, `body`, `created_at`) VALUES (NULL, '120', '106', 'A dolor consequatur autem debitis voluptatum inventore ullam quia ab, sapiente eveniet reiciendis, deserunt officia est necessitatibus qui quis eligendi, eius numquam incidunt odit perspiciatis, quia beatae porro asperiores dicta itaque sequi sapiente quisquam maxime cupiditate.', '2020-06-17 22:23:54');
INSERT INTO `messages` (`id`, `from_user_id`, `to_user_id`, `body`, `created_at`) VALUES (NULL, '5', '55', 'Optio exercitationem ratione ducimus praesentium quaerat impedit aperiam dolores, quo ad voluptatibus libero quibusdam natus, quidem ipsam dolores rem.', '2020-07-07 13:45:46');
INSERT INTO `messages` (`id`, `from_user_id`, `to_user_id`, `body`, `created_at`) VALUES (NULL, '41', '50', 'Fuga voluptas eveniet nobis, ut perspiciatis eum quae itaque laboriosam praesentium incidunt, quis sequi voluptates animi optio voluptatibus odit, provident quia sapiente asperiores voluptas magnam porro pariatur sequi?', '2021-06-26 12:18:59');
INSERT INTO `messages` (`id`, `from_user_id`, `to_user_id`, `body`, `created_at`) VALUES (NULL, '112', '146', 'Nobis magnam iusto aperiam magni fuga, aliquid architecto sit praesentium molestias totam expedita quis obcaecati repudiandae rerum suscipit, quasi quaerat necessitatibus quibusdam assumenda eveniet placeat consequuntur ut iste, rem saepe nostrum, minima labore doloribus corporis animi sed explicabo libero ut quam.', '2021-03-04 02:25:44');
INSERT INTO `messages` (`id`, `from_user_id`, `to_user_id`, `body`, `created_at`) VALUES (NULL, '148', '18', 'Aut architecto rem, officia voluptates velit voluptate autem rem nam unde fuga.', '2021-12-19 14:12:48');
INSERT INTO `messages` (`id`, `from_user_id`, `to_user_id`, `body`, `created_at`) VALUES (NULL, '81', '85', 'Qui ullam necessitatibus quos placeat adipisci sint praesentium consequatur facilis suscipit a, nulla deleniti modi fugit?', '2021-08-13 07:43:44');
INSERT INTO `messages` (`id`, `from_user_id`, `to_user_id`, `body`, `created_at`) VALUES (NULL, '16', '82', 'Exercitationem illum ipsam, molestiae numquam sunt earum, non odio deserunt consequuntur, culpa itaque libero doloremque pariatur unde consequuntur amet vel distinctio.', '2021-06-16 09:38:40');
INSERT INTO `messages` (`id`, `from_user_id`, `to_user_id`, `body`, `created_at`) VALUES (NULL, '4', '52', 'Explicabo incidunt quaerat ipsum quod modi fuga in, nam amet quia dolorum sint veniam similique?', '2020-02-25 07:45:26');
INSERT INTO `messages` (`id`, `from_user_id`, `to_user_id`, `body`, `created_at`) VALUES (NULL, '37', '80', 'Ducimus impedit aut, officia asperiores animi aspernatur ex nulla odio veritatis eius, voluptate sit deserunt autem omnis pariatur hic magnam mollitia illo perferendis quia, expedita maiores tempora vitae.', '2020-07-20 01:27:49');
INSERT INTO `messages` (`id`, `from_user_id`, `to_user_id`, `body`, `created_at`) VALUES (NULL, '18', '42', 'Minus qui obcaecati necessitatibus tempore, vel at hic ea veniam id esse voluptate?', '2020-08-08 23:43:01');
INSERT INTO `messages` (`id`, `from_user_id`, `to_user_id`, `body`, `created_at`) VALUES (NULL, '68', '21', 'Deleniti corporis reprehenderit voluptatem perferendis accusamus earum pariatur quis modi dolorum sed, atque eligendi nostrum praesentium incidunt sapiente.', '2021-12-09 12:40:18');
INSERT INTO `messages` (`id`, `from_user_id`, `to_user_id`, `body`, `created_at`) VALUES (NULL, '36', '6', 'Necessitatibus ipsum sequi neque tempore porro, facilis dolore perspiciatis fugit ullam vero totam, accusantium rem quis nisi eaque dolores esse itaque veritatis veniam, odio exercitationem earum aperiam fuga animi?', '2020-12-21 03:00:04');
INSERT INTO `messages` (`id`, `from_user_id`, `to_user_id`, `body`, `created_at`) VALUES (NULL, '144', '85', 'Possimus aut voluptates a aperiam nobis id exercitationem accusamus aliquam porro corporis, sequi architecto a cupiditate optio distinctio explicabo sapiente voluptate, iste unde harum rem at excepturi enim pariatur.', '2020-05-18 05:13:41');
INSERT INTO `messages` (`id`, `from_user_id`, `to_user_id`, `body`, `created_at`) VALUES (NULL, '16', '49', 'Eos consectetur facilis earum, aperiam et rem aut atque perferendis cum inventore voluptatum illum velit adipisci, corrupti repellat sapiente quis dolorum sed facere quisquam ducimus tempore, sequi voluptatem facere tenetur.', '2020-01-28 18:36:14');
INSERT INTO `messages` (`id`, `from_user_id`, `to_user_id`, `body`, `created_at`) VALUES (NULL, '88', '131', 'Excepturi iure sapiente ducimus aliquam porro dolore, nam eum at veritatis doloribus debitis incidunt ea animi, eius aliquid tempore dolor dolorem recusandae architecto nesciunt, unde error repellendus.', '2021-10-13 15:55:53');
INSERT INTO `messages` (`id`, `from_user_id`, `to_user_id`, `body`, `created_at`) VALUES (NULL, '61', '147', 'Atque voluptates quam accusantium nobis blanditiis earum at harum optio molestias, expedita vitae sed?', '2021-10-04 17:46:17');
INSERT INTO `messages` (`id`, `from_user_id`, `to_user_id`, `body`, `created_at`) VALUES (NULL, '150', '117', 'Dolorum cupiditate voluptates, sit reiciendis quaerat commodi facilis, a impedit cum eos alias delectus voluptatibus minus illo, unde dolor dolores doloribus?', '2021-01-08 12:26:18');
INSERT INTO `messages` (`id`, `from_user_id`, `to_user_id`, `body`, `created_at`) VALUES (NULL, '138', '17', 'Laudantium voluptatem amet iusto sunt exercitationem perferendis voluptas quisquam placeat numquam cumque, tempore quam beatae soluta officia ut sint nobis id nemo ipsa assumenda, quo odit autem enim quisquam tempore dolorum sapiente accusantium deserunt similique nihil.', '2020-03-28 08:55:19');
INSERT INTO `messages` (`id`, `from_user_id`, `to_user_id`, `body`, `created_at`) VALUES (NULL, '4', '6', 'Amet explicabo dolores veniam velit quasi adipisci at delectus eius nemo rerum, in unde eveniet praesentium dolore officiis nostrum, enim exercitationem ut rem commodi iste nulla sed distinctio iusto quibusdam, itaque fuga perspiciatis eveniet, voluptate quisquam qui tempora illo quos ipsa minima placeat.', '2021-07-13 21:21:03');
INSERT INTO `messages` (`id`, `from_user_id`, `to_user_id`, `body`, `created_at`) VALUES (NULL, '37', '100', 'Rerum nihil eius vel iste, odit placeat incidunt quo architecto ipsa corrupti fugit quisquam id reiciendis, sunt incidunt vel, inventore molestiae architecto eius vero sequi in nemo dolor veniam quo facere.', '2020-08-05 09:24:01');
INSERT INTO `messages` (`id`, `from_user_id`, `to_user_id`, `body`, `created_at`) VALUES (NULL, '149', '75', 'Harum est velit architecto, deleniti ipsam dicta aspernatur, alias quibusdam labore natus, voluptate quam minus rem quod animi sed repellat saepe eaque odit doloremque?', '2020-01-08 18:54:43');
INSERT INTO `messages` (`id`, `from_user_id`, `to_user_id`, `body`, `created_at`) VALUES (NULL, '29', '39', 'Veniam hic sunt ratione omnis sint accusamus ipsum distinctio pariatur voluptas, suscipit nobis consectetur dignissimos minus ducimus adipisci laborum possimus, eius earum ullam facere fuga tenetur.', '2021-07-14 16:59:15');
INSERT INTO `messages` (`id`, `from_user_id`, `to_user_id`, `body`, `created_at`) VALUES (NULL, '63', '44', 'Fugit assumenda beatae quod corrupti saepe molestiae, vitae odit tempore doloremque debitis accusantium aperiam omnis alias fuga repellat.', '2020-12-16 19:36:06');
INSERT INTO `messages` (`id`, `from_user_id`, `to_user_id`, `body`, `created_at`) VALUES (NULL, '114', '105', 'Ipsa voluptatem magnam animi, delectus magni sunt blanditiis consequuntur ratione ducimus minus, accusamus esse quae fugiat consequuntur, nobis doloremque quibusdam ad, libero nihil fugit aperiam sint commodi?', '2020-06-03 23:48:34');
INSERT INTO `messages` (`id`, `from_user_id`, `to_user_id`, `body`, `created_at`) VALUES (NULL, '65', '5', 'Architecto repellendus quod, amet placeat in ut id molestiae maxime perferendis, repellendus enim perspiciatis id possimus eligendi illum aut porro, minima tenetur ipsam expedita dolore sint optio impedit ducimus magni, totam doloremque sit iure dicta.', '2020-07-22 18:59:59');
INSERT INTO `messages` (`id`, `from_user_id`, `to_user_id`, `body`, `created_at`) VALUES (NULL, '94', '23', 'Qui culpa officia neque, ut pariatur libero labore veritatis nisi culpa quibusdam nam minus, ea adipisci iusto delectus nemo mollitia velit dicta sunt, odio deserunt aperiam perspiciatis sint doloribus aut quisquam repellendus minima neque repellat, quia ab ipsam tempora dicta magnam est praesentium perspiciatis adipisci modi?', '2021-04-15 11:24:24');
INSERT INTO `messages` (`id`, `from_user_id`, `to_user_id`, `body`, `created_at`) VALUES (NULL, '91', '60', 'Atque architecto temporibus eos optio aperiam accusantium quas perferendis, officiis harum incidunt aspernatur cum dolorem, corporis doloribus laborum, consectetur maxime accusamus facere corporis commodi ex omnis?', '2020-03-21 00:27:45');
INSERT INTO `messages` (`id`, `from_user_id`, `to_user_id`, `body`, `created_at`) VALUES (NULL, '103', '137', 'Quaerat minus illum necessitatibus voluptate quam porro at mollitia corporis, nihil aspernatur neque, eligendi incidunt aspernatur tempore doloremque quos aut fugit, consequuntur ullam qui deserunt architecto dignissimos fuga, tenetur deleniti autem aspernatur magnam quidem officiis rerum unde ratione eos excepturi?', '2020-06-03 01:33:55');
INSERT INTO `messages` (`id`, `from_user_id`, `to_user_id`, `body`, `created_at`) VALUES (NULL, '32', '132', 'Aliquid corporis cum hic impedit sed magni sequi deserunt, aspernatur quaerat enim dolor, optio sit deserunt voluptatum quis nam recusandae magni?', '2021-01-02 20:21:57');
INSERT INTO `messages` (`id`, `from_user_id`, `to_user_id`, `body`, `created_at`) VALUES (NULL, '44', '34', 'Sit sed nesciunt quia maiores et perferendis sequi, perspiciatis alias vero maxime suscipit, id cumque laborum fugit ducimus commodi officia voluptas doloribus incidunt?', '2020-03-04 05:45:25');
INSERT INTO `messages` (`id`, `from_user_id`, `to_user_id`, `body`, `created_at`) VALUES (NULL, '53', '122', 'Rem maxime rerum optio animi consequuntur nobis possimus quasi obcaecati iusto sequi, dolorum earum laborum possimus error aspernatur?', '2020-11-06 05:53:28');
INSERT INTO `messages` (`id`, `from_user_id`, `to_user_id`, `body`, `created_at`) VALUES (NULL, '7', '30', 'Distinctio nisi voluptates similique, quas eius facilis itaque dicta ullam fugiat quis dolore optio, odio sit minus fugiat sint.', '2020-08-27 05:29:50');
INSERT INTO `messages` (`id`, `from_user_id`, `to_user_id`, `body`, `created_at`) VALUES (NULL, '55', '83', 'Labore quae sequi, numquam quam perspiciatis, ratione cumque modi distinctio molestiae fuga.', '2021-10-14 11:03:49');
INSERT INTO `messages` (`id`, `from_user_id`, `to_user_id`, `body`, `created_at`) VALUES (NULL, '14', '130', 'Magni animi iure corporis laboriosam eius necessitatibus ipsum voluptatem obcaecati pariatur, repudiandae nobis rem hic similique qui doloremque assumenda voluptatibus dolores, ab mollitia iste aspernatur deleniti ea porro odio illum, doloribus beatae minima ipsa?', '2020-04-09 02:05:44');
INSERT INTO `messages` (`id`, `from_user_id`, `to_user_id`, `body`, `created_at`) VALUES (NULL, '147', '142', 'Rem deleniti tempora quaerat ex deserunt commodi assumenda culpa provident, nobis reprehenderit facere debitis, dolores itaque cupiditate in dolore fugit nobis similique et architecto, facilis molestiae aliquid corporis nobis sint unde beatae?', '2021-07-09 18:47:19');
INSERT INTO `messages` (`id`, `from_user_id`, `to_user_id`, `body`, `created_at`) VALUES (NULL, '21', '4', 'Temporibus in iusto vitae rerum animi et non pariatur est consequuntur incidunt, a sequi quaerat in rerum accusantium omnis libero vel quo accusamus, perspiciatis ullam velit facere laborum asperiores?', '2020-12-21 17:56:28');
INSERT INTO `messages` (`id`, `from_user_id`, `to_user_id`, `body`, `created_at`) VALUES (NULL, '130', '71', 'Illo aliquid harum qui reprehenderit, dolore cumque iste quis qui, non vero sequi explicabo facere aspernatur quia veniam praesentium est ratione.', '2020-04-05 14:36:39');
INSERT INTO `messages` (`id`, `from_user_id`, `to_user_id`, `body`, `created_at`) VALUES (NULL, '114', '32', 'Omnis necessitatibus explicabo labore a impedit saepe officia quae, repellendus consequatur provident dicta et nisi tempora error, praesentium odit necessitatibus magnam ipsam sunt quod possimus, nesciunt maiores quisquam esse voluptatem ut magni voluptas vel distinctio repellat facere, qui odio numquam incidunt suscipit tenetur sunt fuga deserunt corrupti?', '2020-06-10 05:20:55');
INSERT INTO `messages` (`id`, `from_user_id`, `to_user_id`, `body`, `created_at`) VALUES (NULL, '124', '100', 'Eius facere a temporibus neque esse fuga delectus sequi quisquam, corporis aliquam natus nihil laudantium sit enim alias minus provident a, animi ut facilis, voluptates quia perferendis obcaecati nesciunt culpa voluptatem iste eum labore.', '2020-03-06 05:24:00');
INSERT INTO `messages` (`id`, `from_user_id`, `to_user_id`, `body`, `created_at`) VALUES (NULL, '141', '3', 'Tenetur ipsa ratione reprehenderit possimus tempora, officiis eos sit quis.', '2020-08-09 05:57:36');
INSERT INTO `messages` (`id`, `from_user_id`, `to_user_id`, `body`, `created_at`) VALUES (NULL, '131', '40', 'Perspiciatis necessitatibus molestiae nulla, quis incidunt ducimus, sapiente incidunt sint officiis eveniet, temporibus officia facilis cupiditate eos, odit omnis inventore qui fugit consequuntur ut ipsum tempora adipisci reiciendis obcaecati.', '2021-08-26 22:17:59');
INSERT INTO `messages` (`id`, `from_user_id`, `to_user_id`, `body`, `created_at`) VALUES (NULL, '132', '117', 'Sed commodi similique officia totam in veniam ea a velit accusamus nostrum, minus optio quia molestias impedit doloribus fugiat nihil, quisquam obcaecati consectetur provident officia vero quas, recusandae quam ad veniam maxime culpa nemo quisquam fugit natus ipsa.', '2021-05-23 03:04:35');
INSERT INTO `messages` (`id`, `from_user_id`, `to_user_id`, `body`, `created_at`) VALUES (NULL, '116', '72', 'Praesentium molestias ipsa quibusdam dolores tempore temporibus, corrupti modi error?', '2020-06-23 19:22:10');
INSERT INTO `messages` (`id`, `from_user_id`, `to_user_id`, `body`, `created_at`) VALUES (NULL, '45', '15', 'Molestias nisi nihil rem, dolores fuga repellendus vero minus blanditiis earum rerum beatae distinctio aut eius, omnis a distinctio, repellendus excepturi voluptatum possimus unde sequi iure temporibus aliquam quisquam eaque inventore.', '2020-09-05 22:18:10');
INSERT INTO `messages` (`id`, `from_user_id`, `to_user_id`, `body`, `created_at`) VALUES (NULL, '139', '76', 'Quod iusto doloremque nemo et autem, at libero quis sint doloribus totam quisquam ab?', '2020-10-17 07:31:20');
INSERT INTO `messages` (`id`, `from_user_id`, `to_user_id`, `body`, `created_at`) VALUES (NULL, '116', '126', 'Asperiores aut aperiam repudiandae libero voluptate deleniti autem quibusdam, laboriosam quisquam perspiciatis, recusandae incidunt doloribus deleniti.', '2020-05-08 02:00:33');
INSERT INTO `messages` (`id`, `from_user_id`, `to_user_id`, `body`, `created_at`) VALUES (NULL, '31', '2', 'Est doloribus ad repellendus, quas dolores sequi, iusto doloremque amet officiis fuga culpa dolorem eligendi, totam laborum dolores fugiat quaerat, hic mollitia laudantium temporibus.', '2020-08-28 11:35:59');
INSERT INTO `messages` (`id`, `from_user_id`, `to_user_id`, `body`, `created_at`) VALUES (NULL, '38', '123', 'Alias error ullam quaerat, itaque praesentium dolor facere suscipit accusantium quod vero, voluptate aspernatur nemo repellendus exercitationem in ullam, praesentium possimus rem odio minima laborum quasi ex dignissimos facere optio.', '2020-07-24 18:44:08');
INSERT INTO `messages` (`id`, `from_user_id`, `to_user_id`, `body`, `created_at`) VALUES (NULL, '4', '97', 'Totam quod veritatis illo dicta suscipit, perferendis eum consequuntur eveniet temporibus non reprehenderit quam nemo id voluptatum est, facere ea repellat dolores explicabo pariatur illo at.', '2021-08-11 23:28:18');
INSERT INTO `messages` (`id`, `from_user_id`, `to_user_id`, `body`, `created_at`) VALUES (NULL, '55', '23', 'Doloremque nemo temporibus tempore harum quos pariatur atque consequatur, praesentium dignissimos quis possimus tempora omnis beatae doloremque pariatur, vitae placeat voluptatum, ut dolorum atque eos nemo distinctio dicta laborum consectetur quasi nobis.', '2021-04-19 10:36:06');
INSERT INTO `messages` (`id`, `from_user_id`, `to_user_id`, `body`, `created_at`) VALUES (NULL, '17', '84', 'Quo voluptates rerum corrupti, enim sed doloribus ad modi at ex debitis voluptate odio itaque atque, doloremque earum omnis, eveniet atque ipsum quisquam, veniam accusamus ex deserunt alias quis obcaecati aliquam ratione iure vero.', '2021-08-04 04:02:43');
INSERT INTO `messages` (`id`, `from_user_id`, `to_user_id`, `body`, `created_at`) VALUES (NULL, '126', '124', 'Quos repellat asperiores, esse eius soluta, quam in ea dignissimos ipsum et ad nihil nisi deserunt id, ullam deserunt aliquid eveniet possimus hic dolorum eaque officiis, pariatur doloremque neque sequi id sit magnam explicabo.', '2021-03-15 06:05:44');
INSERT INTO `messages` (`id`, `from_user_id`, `to_user_id`, `body`, `created_at`) VALUES (NULL, '95', '44', 'Sint et excepturi iusto mollitia hic ratione sapiente quibusdam, voluptatum aliquid nisi nobis sunt iste sit debitis, saepe maiores cumque architecto, non dolorum recusandae quisquam, veniam voluptatum eos.', '2020-02-14 12:59:15');
INSERT INTO `messages` (`id`, `from_user_id`, `to_user_id`, `body`, `created_at`) VALUES (NULL, '133', '6', 'Fugit nesciunt nam enim ex, eius inventore earum at voluptate saepe, commodi officiis aut culpa veritatis tempora quasi itaque id, doloribus incidunt doloremque voluptatibus eius hic delectus harum natus?', '2021-11-09 11:51:50');
INSERT INTO `messages` (`id`, `from_user_id`, `to_user_id`, `body`, `created_at`) VALUES (NULL, '33', '79', 'Pariatur suscipit hic ex incidunt ut impedit, aliquam possimus laboriosam?', '2021-02-27 21:41:52');
INSERT INTO `messages` (`id`, `from_user_id`, `to_user_id`, `body`, `created_at`) VALUES (NULL, '27', '95', 'In maiores consequatur rem enim modi alias omnis laboriosam, corrupti ipsum aliquid iusto, delectus natus vitae eaque molestiae, eum fuga quidem nihil dolorem tempore velit illo ex illum perspiciatis, excepturi voluptatibus aperiam fugiat asperiores accusamus consequatur a rem minima esse.', '2020-01-15 09:46:07');
INSERT INTO `messages` (`id`, `from_user_id`, `to_user_id`, `body`, `created_at`) VALUES (NULL, '111', '80', 'Cumque veritatis corporis, corporis pariatur repellat voluptatum omnis ipsam molestiae facilis ipsum amet unde debitis.', '2021-03-24 20:34:38');
INSERT INTO `messages` (`id`, `from_user_id`, `to_user_id`, `body`, `created_at`) VALUES (NULL, '150', '43', 'Laudantium nihil nulla itaque enim facilis, adipisci labore minima totam sed, illum blanditiis dolore?', '2020-11-17 02:05:23');
INSERT INTO `messages` (`id`, `from_user_id`, `to_user_id`, `body`, `created_at`) VALUES (NULL, '101', '100', 'Cumque exercitationem dolor rem expedita laboriosam et voluptates repellendus praesentium harum dolore, corporis reprehenderit ea tempora, fuga aperiam molestiae, excepturi similique hic magnam ut officiis animi veritatis minima fuga.', '2021-11-14 13:11:29');
INSERT INTO `messages` (`id`, `from_user_id`, `to_user_id`, `body`, `created_at`) VALUES (NULL, '93', '127', 'Optio accusamus consequuntur pariatur ipsam quo ipsum adipisci eos, aspernatur quasi dolor tempore, dolor alias magni ad iste commodi assumenda, eaque deleniti corrupti et ipsum tempora?', '2021-12-09 13:44:36');
INSERT INTO `messages` (`id`, `from_user_id`, `to_user_id`, `body`, `created_at`) VALUES (NULL, '103', '12', 'Eveniet aliquam excepturi, qui eveniet quidem omnis necessitatibus deserunt?', '2021-02-08 16:09:00');
INSERT INTO `messages` (`id`, `from_user_id`, `to_user_id`, `body`, `created_at`) VALUES (NULL, '6', '18', 'Obcaecati excepturi explicabo rem, earum modi voluptatum totam expedita, nisi dignissimos magnam eius velit.', '2021-09-10 04:24:28');
INSERT INTO `messages` (`id`, `from_user_id`, `to_user_id`, `body`, `created_at`) VALUES (NULL, '111', '27', 'Dicta nostrum temporibus laborum obcaecati assumenda nemo, aliquam laboriosam commodi culpa, maiores dolor facere optio repellendus, atque doloribus molestiae?', '2020-04-16 01:44:00');
INSERT INTO `messages` (`id`, `from_user_id`, `to_user_id`, `body`, `created_at`) VALUES (NULL, '105', '69', 'Magni quas qui, excepturi fugit tempora pariatur quam consequatur aliquid doloribus natus aspernatur totam ex, quo optio eum adipisci hic, quos ullam quasi, obcaecati repudiandae id aperiam explicabo consectetur maxime?', '2020-01-18 02:35:45');
INSERT INTO `messages` (`id`, `from_user_id`, `to_user_id`, `body`, `created_at`) VALUES (NULL, '79', '131', 'Harum suscipit impedit, laboriosam nobis saepe tempora nemo suscipit?', '2021-08-13 00:13:37');
INSERT INTO `messages` (`id`, `from_user_id`, `to_user_id`, `body`, `created_at`) VALUES (NULL, '59', '82', 'Deserunt voluptatem animi sapiente, fugit dolores ullam debitis, corporis rem nobis perspiciatis exercitationem culpa repellat quidem omnis at, sequi facere voluptatem ex quaerat officiis, doloribus deleniti quae rerum dignissimos illum optio fugiat.', '2021-11-16 00:48:42');
INSERT INTO `messages` (`id`, `from_user_id`, `to_user_id`, `body`, `created_at`) VALUES (NULL, '127', '8', 'Ipsum blanditiis nulla, laboriosam nam quibusdam, quasi totam quod magnam fugit rem et, recusandae cum quo.', '2020-05-04 03:46:43');
INSERT INTO `messages` (`id`, `from_user_id`, `to_user_id`, `body`, `created_at`) VALUES (NULL, '11', '145', 'Expedita ad aliquam, neque vero similique molestias tenetur aspernatur accusantium, libero ex ratione cumque quos praesentium autem animi rem cupiditate, vel pariatur itaque amet cupiditate sequi?', '2021-05-08 06:34:04');
INSERT INTO `messages` (`id`, `from_user_id`, `to_user_id`, `body`, `created_at`) VALUES (NULL, '142', '75', 'Perspiciatis reiciendis nam beatae mollitia aliquid expedita impedit illum veritatis eligendi dolores, similique repudiandae dolorum accusantium odit voluptatem, expedita magni voluptates ipsam ullam alias, deleniti eius repellendus?', '2020-07-17 04:47:55');
INSERT INTO `messages` (`id`, `from_user_id`, `to_user_id`, `body`, `created_at`) VALUES (NULL, '91', '147', 'Rerum rem provident eos ad sint ut perferendis officiis laboriosam, assumenda ea dignissimos amet?', '2020-08-06 09:17:53');
INSERT INTO `messages` (`id`, `from_user_id`, `to_user_id`, `body`, `created_at`) VALUES (NULL, '56', '86', 'Laudantium molestias commodi odio facilis optio, alias commodi earum sapiente voluptas at repudiandae eius quis ea sit laudantium.', '2020-09-26 16:51:38');
INSERT INTO `messages` (`id`, `from_user_id`, `to_user_id`, `body`, `created_at`) VALUES (NULL, '57', '103', 'Eligendi molestiae sint nemo exercitationem aut eum quam perspiciatis voluptates atque officia, corporis sunt ducimus voluptatibus illum beatae laboriosam veniam dolorum aperiam neque cum, quod quibusdam dolor aliquid molestiae cumque numquam autem.', '2020-01-20 03:00:11');
INSERT INTO `messages` (`id`, `from_user_id`, `to_user_id`, `body`, `created_at`) VALUES (NULL, '91', '79', 'Adipisci eos in facilis numquam fuga blanditiis obcaecati quae, culpa reprehenderit dolorum numquam est saepe tempora ipsum sunt deleniti, neque nesciunt a aliquam magni exercitationem unde iste quisquam, harum laudantium voluptatibus, possimus earum cupiditate tempore corrupti magni iste animi ipsam dolorem?', '2021-06-23 02:26:09');
INSERT INTO `messages` (`id`, `from_user_id`, `to_user_id`, `body`, `created_at`) VALUES (NULL, '34', '72', 'Sapiente dolores debitis asperiores voluptates, accusantium exercitationem quis in maxime cupiditate reiciendis est maiores sequi, atque deserunt itaque distinctio numquam eveniet beatae aliquid illo veritatis ipsum nobis, asperiores tenetur ipsam culpa.', '2020-03-19 13:33:28');
INSERT INTO `messages` (`id`, `from_user_id`, `to_user_id`, `body`, `created_at`) VALUES (NULL, '124', '150', 'Ullam soluta magnam magni sapiente sequi dolorum, velit fuga similique voluptatibus iusto ex provident repellat?', '2021-03-09 11:14:55');
INSERT INTO `messages` (`id`, `from_user_id`, `to_user_id`, `body`, `created_at`) VALUES (NULL, '32', '111', 'Tenetur illo delectus corporis dignissimos, consequatur rem voluptate dolor reiciendis dignissimos repellat nobis officia laudantium, incidunt quisquam dignissimos officiis ullam, repellendus tempora rem, tempora sunt quisquam voluptas.', '2021-12-04 13:31:11');
INSERT INTO `messages` (`id`, `from_user_id`, `to_user_id`, `body`, `created_at`) VALUES (NULL, '52', '146', 'Impedit eum accusantium libero in fugiat atque maxime, beatae quas maxime explicabo consequatur sequi saepe vero dolor dolorum dolorem, dolor necessitatibus animi soluta porro sequi, accusantium dicta neque perspiciatis voluptatem, optio cupiditate cum?', '2020-09-19 17:23:10');
INSERT INTO `messages` (`id`, `from_user_id`, `to_user_id`, `body`, `created_at`) VALUES (NULL, '96', '129', 'Amet veniam ad laborum repellat, sint nobis ratione aspernatur natus distinctio quas doloribus ea officiis ut, consectetur earum enim eaque expedita accusamus quos ipsam, cum dolorem adipisci nesciunt saepe beatae quos tempora quam iste, delectus harum tenetur nemo accusantium corrupti voluptatum?', '2020-01-22 02:16:42');
INSERT INTO `messages` (`id`, `from_user_id`, `to_user_id`, `body`, `created_at`) VALUES (NULL, '77', '150', 'Officiis expedita repellat quam unde quo earum ipsa necessitatibus ipsam voluptate dignissimos, eos iusto nostrum sint neque id delectus pariatur dolores assumenda, blanditiis eveniet molestiae aperiam consequuntur nesciunt cum temporibus officia.', '2020-09-01 19:44:13');
INSERT INTO `messages` (`id`, `from_user_id`, `to_user_id`, `body`, `created_at`) VALUES (NULL, '15', '10', 'Veritatis at animi suscipit dignissimos vitae qui autem maxime quam ut, fugit perferendis nisi qui vitae autem veniam ullam dignissimos velit, quam ad tenetur laudantium earum nobis unde quaerat neque possimus iste?', '2021-07-07 22:58:14');
INSERT INTO `messages` (`id`, `from_user_id`, `to_user_id`, `body`, `created_at`) VALUES (NULL, '30', '71', 'Laudantium quia debitis omnis quos veniam nam laboriosam numquam, recusandae aliquam qui hic nostrum, exercitationem veritatis expedita, veniam adipisci doloremque atque ut natus aliquam sint, eius beatae repellendus saepe.', '2021-05-04 05:29:43');
INSERT INTO `messages` (`id`, `from_user_id`, `to_user_id`, `body`, `created_at`) VALUES (NULL, '149', '22', 'Illum praesentium omnis dolorum accusamus doloremque sequi consequuntur rerum ratione totam, iste a consectetur quisquam est id quo consequatur ducimus ea quasi, facere sit molestiae vitae tenetur amet rerum et?', '2021-07-28 23:36:12');
INSERT INTO `messages` (`id`, `from_user_id`, `to_user_id`, `body`, `created_at`) VALUES (NULL, '9', '14', 'Similique voluptatum accusantium, commodi enim adipisci quas aut cupiditate, quaerat minima dolorem totam alias rem voluptatum aperiam quo delectus mollitia asperiores.', '2020-03-05 22:05:09');
INSERT INTO `messages` (`id`, `from_user_id`, `to_user_id`, `body`, `created_at`) VALUES (NULL, '46', '96', 'Quas blanditiis nulla, suscipit magni eius similique.', '2021-10-17 04:11:09');
INSERT INTO `messages` (`id`, `from_user_id`, `to_user_id`, `body`, `created_at`) VALUES (NULL, '78', '62', 'Explicabo quasi error modi magni aliquam suscipit eveniet velit, velit voluptate architecto dolor facilis iusto, iste vitae quo commodi a, officia optio a nostrum nemo ipsum iure, quibusdam fuga consequatur asperiores blanditiis in facere quo eaque inventore possimus incidunt.', '2021-11-20 10:07:14');
INSERT INTO `messages` (`id`, `from_user_id`, `to_user_id`, `body`, `created_at`) VALUES (NULL, '117', '86', 'Iste hic nostrum, eum repudiandae veniam possimus illum repellendus dolor corporis inventore, fuga explicabo libero impedit rem amet, est quo pariatur delectus eius sequi fugiat ipsum?', '2021-07-06 12:14:19');
INSERT INTO `messages` (`id`, `from_user_id`, `to_user_id`, `body`, `created_at`) VALUES (NULL, '32', '71', 'Fuga eveniet magnam adipisci, maxime ea fugit commodi velit delectus atque dolor?', '2020-11-20 00:45:44');
INSERT INTO `messages` (`id`, `from_user_id`, `to_user_id`, `body`, `created_at`) VALUES (NULL, '114', '44', 'Blanditiis quidem maxime, iste aspernatur id voluptatem voluptas aut quos laborum consequatur enim, fugiat vero voluptas in quasi itaque quas sunt, omnis sit quasi error quae facilis ipsam ducimus vitae hic quos, natus officiis distinctio repellendus incidunt deserunt neque ab corrupti nesciunt?', '2021-07-09 05:59:28');
INSERT INTO `messages` (`id`, `from_user_id`, `to_user_id`, `body`, `created_at`) VALUES (NULL, '52', '144', 'In eius ipsa cum accusantium possimus distinctio nemo culpa recusandae, laudantium in hic unde aut corrupti magni ab voluptatibus, eum soluta aliquid, cumque quos magnam esse dolorum aliquam quae reiciendis, autem enim eveniet dignissimos.', '2021-11-27 16:32:04');
INSERT INTO `messages` (`id`, `from_user_id`, `to_user_id`, `body`, `created_at`) VALUES (NULL, '47', '121', 'Animi reiciendis fugiat voluptas saepe laboriosam officiis, iure totam eos obcaecati quo mollitia dolores libero eum reprehenderit, odit praesentium impedit molestias aliquid.', '2021-01-27 13:53:43');
INSERT INTO `messages` (`id`, `from_user_id`, `to_user_id`, `body`, `created_at`) VALUES (NULL, '61', '110', 'Quos inventore quod dolor facere voluptatem deleniti vel expedita officia explicabo a, natus fugit eius, necessitatibus saepe labore id perspiciatis excepturi illum rem.', '2021-12-18 13:34:45');
INSERT INTO `messages` (`id`, `from_user_id`, `to_user_id`, `body`, `created_at`) VALUES (NULL, '2', '36', 'Molestias repudiandae voluptatum, molestiae ipsa totam odit, quas dolorum quibusdam quae debitis amet fuga eum laboriosam nihil dolores.', '2020-09-26 13:36:21');
INSERT INTO `messages` (`id`, `from_user_id`, `to_user_id`, `body`, `created_at`) VALUES (NULL, '54', '21', 'Repudiandae numquam pariatur facilis voluptatum, sed amet eligendi dolorem explicabo expedita aliquam, molestiae quidem praesentium modi perferendis asperiores soluta totam accusamus, id deleniti molestiae dignissimos omnis dolorem eos ipsam officia voluptatibus, animi facere perferendis neque reprehenderit vel possimus obcaecati temporibus sunt ex eligendi.', '2021-09-08 12:03:11');
INSERT INTO `messages` (`id`, `from_user_id`, `to_user_id`, `body`, `created_at`) VALUES (NULL, '86', '72', 'Assumenda fugiat quia in alias qui ea quisquam nesciunt veritatis, dolor quisquam a iusto ab officia quibusdam consequuntur iste exercitationem tempora, nihil consequatur optio sapiente tenetur consectetur officiis placeat molestias, laborum dolorem accusantium autem, molestiae esse cumque veniam ipsum ut quisquam voluptatum saepe.', '2020-06-03 22:21:27');
INSERT INTO `messages` (`id`, `from_user_id`, `to_user_id`, `body`, `created_at`) VALUES (NULL, '64', '77', 'Dolorum aliquid ad unde dolore, architecto molestias sapiente vitae nostrum nesciunt, aliquid sed modi sequi, modi sapiente repellendus repudiandae qui alias nemo vitae doloremque.', '2020-08-18 16:39:08');
INSERT INTO `messages` (`id`, `from_user_id`, `to_user_id`, `body`, `created_at`) VALUES (NULL, '63', '132', 'Deleniti natus pariatur consectetur repellendus ipsum, assumenda fugit et porro soluta totam repellendus velit blanditiis cupiditate architecto, illum nam deleniti.', '2020-05-28 04:27:28');
INSERT INTO `messages` (`id`, `from_user_id`, `to_user_id`, `body`, `created_at`) VALUES (NULL, '36', '64', 'Labore veniam nobis saepe velit placeat, nulla dolores optio sit ut perspiciatis eveniet iure, aliquid a commodi cumque beatae consectetur minima quas, aut culpa ad et repudiandae eos facilis autem neque recusandae, facilis nihil facere quas corrupti fuga sequi quo consequuntur dolor voluptatem possimus.', '2020-03-17 21:09:05');
INSERT INTO `messages` (`id`, `from_user_id`, `to_user_id`, `body`, `created_at`) VALUES (NULL, '29', '37', 'Nobis asperiores fuga maxime eaque doloremque, explicabo dolorem temporibus aliquid sequi ex fugit odio quae cum expedita iure, distinctio sapiente deserunt nemo sit non officia saepe voluptatum veniam ipsa tempore, dolore nam iste tempore assumenda possimus.', '2020-11-08 11:05:55');
INSERT INTO `messages` (`id`, `from_user_id`, `to_user_id`, `body`, `created_at`) VALUES (NULL, '11', '52', 'Sequi atque voluptate delectus, atque consectetur dolorem odit numquam provident ad commodi nobis saepe, est ratione inventore veniam debitis maiores laboriosam tempora, veritatis explicabo praesentium voluptates, dignissimos illo esse reprehenderit officiis nesciunt soluta facere dicta sunt porro?', '2021-08-08 20:57:55');
INSERT INTO `messages` (`id`, `from_user_id`, `to_user_id`, `body`, `created_at`) VALUES (NULL, '14', '131', 'Officiis incidunt sint quis minus voluptatem recusandae ipsum animi, magni in cum quas nam ex illo sapiente earum ipsa accusamus, amet maxime facilis officiis impedit aspernatur, voluptate odit voluptatibus molestias ratione soluta quo?', '2021-06-21 21:32:45');
INSERT INTO `messages` (`id`, `from_user_id`, `to_user_id`, `body`, `created_at`) VALUES (NULL, '83', '80', 'Quasi molestias libero sit expedita soluta quis porro, ratione placeat minus nisi inventore veniam cum, et reprehenderit perspiciatis corrupti quasi quas, harum neque cumque adipisci?', '2020-08-25 17:25:37');
INSERT INTO `messages` (`id`, `from_user_id`, `to_user_id`, `body`, `created_at`) VALUES (NULL, '112', '30', 'Perspiciatis saepe reiciendis eos sequi iste, sed perspiciatis ratione dignissimos natus, expedita quasi mollitia, in a aut modi minus optio quo beatae, debitis nostrum animi dolorem ducimus at facilis rem velit minima facere.', '2020-04-18 13:20:51');
INSERT INTO `messages` (`id`, `from_user_id`, `to_user_id`, `body`, `created_at`) VALUES (NULL, '35', '126', 'Accusamus distinctio recusandae quisquam, cum magni iusto vitae laudantium doloremque, culpa ipsa laboriosam incidunt ex ipsam recusandae cupiditate officia dolorem nemo doloribus?', '2021-05-28 08:42:57');
INSERT INTO `messages` (`id`, `from_user_id`, `to_user_id`, `body`, `created_at`) VALUES (NULL, '89', '98', 'Cupiditate id porro beatae velit similique vitae vel vero dolorum nisi placeat, commodi libero veniam necessitatibus cupiditate, deserunt pariatur numquam labore tenetur quaerat praesentium modi iusto ex possimus, harum necessitatibus quae voluptatem provident, consectetur ullam soluta qui deleniti animi tenetur odit placeat magni illo omnis.', '2021-08-03 10:37:03');
INSERT INTO `messages` (`id`, `from_user_id`, `to_user_id`, `body`, `created_at`) VALUES (NULL, '21', '119', 'Natus odit rerum libero commodi itaque necessitatibus consequatur totam, vero incidunt recusandae possimus sint sed veniam magni consequuntur sunt tenetur animi, dolore voluptas a laborum maxime aspernatur veniam, ad deleniti autem commodi, dignissimos vel provident quod ab saepe libero reiciendis dolor molestias minus consectetur?', '2021-08-22 15:54:35');
INSERT INTO `messages` (`id`, `from_user_id`, `to_user_id`, `body`, `created_at`) VALUES (NULL, '99', '58', 'Harum possimus atque minima obcaecati vitae minus ea molestias ducimus rem perferendis, eius odio veritatis sed exercitationem dolore, voluptatum maiores saepe temporibus maxime.', '2021-01-14 22:44:36');
INSERT INTO `messages` (`id`, `from_user_id`, `to_user_id`, `body`, `created_at`) VALUES (NULL, '127', '42', 'Sit vel sed rem perferendis obcaecati cupiditate sapiente dolore voluptates, deserunt iure officia repudiandae voluptatibus sit quibusdam, voluptatem id consequatur totam perferendis, tempora fuga doloribus ratione nam veniam expedita aspernatur pariatur.', '2020-02-11 19:06:43');
INSERT INTO `messages` (`id`, `from_user_id`, `to_user_id`, `body`, `created_at`) VALUES (NULL, '74', '143', 'Et magnam doloremque eligendi eaque optio sequi dolorem libero maiores, quia provident odio laboriosam tempore laborum voluptate quasi ipsum, nobis cumque nam eius incidunt, sapiente modi nisi magnam dolores quaerat?', '2020-12-01 22:26:17');
INSERT INTO `messages` (`id`, `from_user_id`, `to_user_id`, `body`, `created_at`) VALUES (NULL, '18', '98', 'Sit dolorem distinctio aspernatur maiores, sed ex facilis quis in, neque repellendus iste reiciendis cumque inventore quis voluptate, quisquam natus totam id cupiditate enim perspiciatis corporis, molestias vel modi eum.', '2021-06-11 17:43:52');
INSERT INTO `messages` (`id`, `from_user_id`, `to_user_id`, `body`, `created_at`) VALUES (NULL, '12', '42', 'Suscipit beatae dicta soluta repellat quae enim sint molestias vel fuga, pariatur error corrupti quae blanditiis quibusdam temporibus sed, quidem deleniti eveniet quisquam corrupti ipsam omnis dignissimos, debitis aspernatur vitae.', '2021-12-14 07:48:06');
INSERT INTO `messages` (`id`, `from_user_id`, `to_user_id`, `body`, `created_at`) VALUES (NULL, '35', '108', 'Unde consequatur aperiam excepturi dolorum cum delectus sed facilis dolore, commodi labore quo aperiam cumque aut quos accusamus?', '2020-03-20 22:14:31');
INSERT INTO `messages` (`id`, `from_user_id`, `to_user_id`, `body`, `created_at`) VALUES (NULL, '138', '6', 'Vel autem deleniti, numquam cupiditate illum eum corporis deleniti obcaecati, beatae amet obcaecati eligendi assumenda voluptatum sapiente ipsa?', '2020-07-08 05:04:50');
INSERT INTO `messages` (`id`, `from_user_id`, `to_user_id`, `body`, `created_at`) VALUES (NULL, '119', '26', 'Corporis perferendis facere ullam aliquam obcaecati iusto quidem unde, consequuntur maxime rerum neque sapiente inventore, harum quisquam deleniti assumenda excepturi architecto itaque dicta, minima laboriosam deleniti facilis incidunt nisi magnam molestias, iusto ab dignissimos minima incidunt nam rem reprehenderit nesciunt quam a at?', '2020-06-04 15:29:14');
INSERT INTO `messages` (`id`, `from_user_id`, `to_user_id`, `body`, `created_at`) VALUES (NULL, '32', '73', 'Cupiditate aliquam nulla, soluta nulla esse tempora magnam dignissimos quae harum, fugit ipsum molestiae mollitia provident dolore quas aut, sint maiores autem blanditiis.', '2020-10-07 21:22:21');
INSERT INTO `messages` (`id`, `from_user_id`, `to_user_id`, `body`, `created_at`) VALUES (NULL, '21', '8', 'Numquam vitae perferendis magnam harum architecto sapiente accusantium, earum labore est recusandae ex beatae ducimus, maxime voluptate fuga rerum, iste quaerat repellat ratione culpa alias mollitia.', '2021-05-10 01:29:56');
INSERT INTO `messages` (`id`, `from_user_id`, `to_user_id`, `body`, `created_at`) VALUES (NULL, '117', '55', 'Porro sit quos iusto nisi sint enim quidem, porro accusamus doloremque dignissimos?', '2021-01-22 17:26:02');
INSERT INTO `messages` (`id`, `from_user_id`, `to_user_id`, `body`, `created_at`) VALUES (NULL, '100', '58', 'Vel quo molestiae quaerat harum voluptate reiciendis magnam voluptates nisi repudiandae omnis, a in modi totam ab sint ratione quas ullam, quas ducimus libero mollitia similique?', '2021-11-24 02:25:14');
INSERT INTO `messages` (`id`, `from_user_id`, `to_user_id`, `body`, `created_at`) VALUES (NULL, '130', '121', 'Vitae quas ea quibusdam mollitia deserunt provident nesciunt, sunt earum deserunt officia tenetur, totam culpa qui ut eum cumque commodi a repudiandae natus tempore, doloremque distinctio harum id dolorem possimus incidunt quis earum iusto reiciendis repellendus.', '2021-08-20 00:51:22');
INSERT INTO `messages` (`id`, `from_user_id`, `to_user_id`, `body`, `created_at`) VALUES (NULL, '123', '58', 'Saepe maiores assumenda reprehenderit aperiam, corporis odio itaque dolor quis temporibus quo ab quasi nemo eveniet, cumque quidem aliquid voluptatem ipsa perferendis, at ipsam maiores vel molestias quasi minus.', '2020-03-26 03:40:21');
INSERT INTO `messages` (`id`, `from_user_id`, `to_user_id`, `body`, `created_at`) VALUES (NULL, '19', '108', 'Vitae porro natus distinctio omnis adipisci sequi culpa, aliquam quo officiis cumque corporis at fugit.', '2021-03-25 01:21:16');
INSERT INTO `messages` (`id`, `from_user_id`, `to_user_id`, `body`, `created_at`) VALUES (NULL, '29', '32', 'Saepe quidem voluptatum neque rem ea voluptatibus veniam eligendi eaque, tenetur quis facere culpa impedit, voluptatem dolores magni saepe ipsum ipsam eius, distinctio quo corrupti enim ex possimus sunt.', '2020-11-14 10:34:15');
INSERT INTO `messages` (`id`, `from_user_id`, `to_user_id`, `body`, `created_at`) VALUES (NULL, '49', '67', 'Porro eligendi perferendis consectetur itaque earum animi tenetur, excepturi perspiciatis eius, odio possimus harum laborum?', '2021-09-18 00:43:24');
INSERT INTO `messages` (`id`, `from_user_id`, `to_user_id`, `body`, `created_at`) VALUES (NULL, '126', '120', 'Consequuntur incidunt esse minima accusantium veniam optio illo earum laudantium, nam itaque animi sed iste impedit corrupti quos accusamus quod, in fugit ullam est, eos vitae debitis consequatur ex suscipit reiciendis eaque praesentium culpa, laudantium facere sit eos asperiores suscipit.', '2020-06-11 12:03:12');
INSERT INTO `messages` (`id`, `from_user_id`, `to_user_id`, `body`, `created_at`) VALUES (NULL, '18', '79', 'Exercitationem non eum dicta molestiae deleniti cupiditate dolor sint deserunt modi, facilis nam facere libero at quos quidem fugiat debitis voluptatum, nemo tempore necessitatibus eius voluptatum cumque labore nulla distinctio ipsum voluptas?', '2021-03-14 04:34:17');
INSERT INTO `messages` (`id`, `from_user_id`, `to_user_id`, `body`, `created_at`) VALUES (NULL, '127', '17', 'Quis doloribus culpa deserunt, unde voluptates dolore reiciendis ut itaque cupiditate est quasi doloremque atque, reiciendis dolor enim eaque est, sint possimus totam enim dolorum ad, magni dolore minus magnam ut iusto itaque aspernatur veritatis expedita.', '2021-05-15 19:07:31');
INSERT INTO `messages` (`id`, `from_user_id`, `to_user_id`, `body`, `created_at`) VALUES (NULL, '22', '51', 'Sapiente illo aspernatur corporis delectus cupiditate, dolor ut voluptatem dolore placeat eveniet consectetur et doloremque possimus asperiores mollitia?', '2020-12-11 05:28:32');
INSERT INTO `messages` (`id`, `from_user_id`, `to_user_id`, `body`, `created_at`) VALUES (NULL, '18', '107', 'Magnam exercitationem temporibus deserunt nisi vitae possimus, recusandae quia a, blanditiis porro tempore dolorum, quis autem nesciunt maxime ea possimus distinctio, eius quae repellendus sed distinctio nobis.', '2020-08-06 13:40:40');
INSERT INTO `messages` (`id`, `from_user_id`, `to_user_id`, `body`, `created_at`) VALUES (NULL, '118', '66', 'Dicta nesciunt quaerat quia deleniti inventore, tempora doloribus quam, optio adipisci magnam dolorem possimus, velit atque obcaecati consectetur dicta magnam quisquam, obcaecati aut illum consectetur iusto quibusdam repudiandae accusamus dignissimos incidunt necessitatibus?', '2021-08-13 20:41:39');
INSERT INTO `messages` (`id`, `from_user_id`, `to_user_id`, `body`, `created_at`) VALUES (NULL, '104', '140', 'Ab nam aperiam, officiis placeat corrupti cum amet voluptatem veritatis, ab cumque accusantium temporibus ipsam quaerat recusandae?', '2021-04-07 23:16:32');
INSERT INTO `messages` (`id`, `from_user_id`, `to_user_id`, `body`, `created_at`) VALUES (NULL, '128', '16', 'Esse delectus ullam animi neque vel quis libero nam pariatur sequi, architecto cumque eligendi quasi quod ut ullam commodi sequi minus velit deserunt, natus delectus sed dicta rem molestias eum recusandae assumenda perspiciatis provident, harum magnam eaque maxime.', '2021-08-20 14:54:55');
INSERT INTO `messages` (`id`, `from_user_id`, `to_user_id`, `body`, `created_at`) VALUES (NULL, '107', '38', 'Provident ex unde reprehenderit facere quaerat illum eaque accusamus et nam, illo ratione assumenda rem voluptas minima error eveniet?', '2020-05-25 03:59:12');
INSERT INTO `messages` (`id`, `from_user_id`, `to_user_id`, `body`, `created_at`) VALUES (NULL, '10', '18', 'Officia libero modi voluptas minima fugit quo ab quas debitis nobis, id recusandae reprehenderit nulla, magni tenetur saepe molestias fugit perferendis repellat, veritatis ex quam nemo distinctio beatae, at harum consequatur laborum voluptas praesentium blanditiis culpa?', '2020-08-11 14:16:08');
INSERT INTO `messages` (`id`, `from_user_id`, `to_user_id`, `body`, `created_at`) VALUES (NULL, '132', '110', 'Fugit nihil molestiae ducimus amet, dolores dolor aliquid laudantium, amet cupiditate omnis unde quod, optio quia sint commodi mollitia iusto sequi molestias doloribus, accusamus inventore sapiente ab incidunt corporis.', '2020-05-16 14:52:58');
INSERT INTO `messages` (`id`, `from_user_id`, `to_user_id`, `body`, `created_at`) VALUES (NULL, '133', '2', 'Repudiandae temporibus distinctio iste itaque dolorum, consectetur voluptas voluptate nostrum facere quo delectus laboriosam voluptatibus natus maxime?', '2021-03-13 08:23:54');
INSERT INTO `messages` (`id`, `from_user_id`, `to_user_id`, `body`, `created_at`) VALUES (NULL, '4', '7', 'Numquam cumque veniam fugiat illum et dolor, fuga aperiam officiis assumenda quia deserunt officia totam error, aliquid cupiditate blanditiis similique?', '2020-03-06 04:47:24');
INSERT INTO `messages` (`id`, `from_user_id`, `to_user_id`, `body`, `created_at`) VALUES (NULL, '140', '103', 'Itaque modi maxime laboriosam, dolores rem repellat nihil architecto dolor veritatis eius provident commodi atque consequuntur?', '2020-04-01 02:04:43');
INSERT INTO `messages` (`id`, `from_user_id`, `to_user_id`, `body`, `created_at`) VALUES (NULL, '77', '109', 'Praesentium asperiores quaerat, similique aut libero ratione in facere dolorem nulla a autem, aliquid quidem dolorum quo.', '2020-12-17 13:44:20');
INSERT INTO `messages` (`id`, `from_user_id`, `to_user_id`, `body`, `created_at`) VALUES (NULL, '34', '86', 'Porro cupiditate voluptate optio nihil, ducimus nam iste necessitatibus amet, atque iste numquam iure minus sint consequatur error sunt?', '2021-01-11 18:31:42');
INSERT INTO `messages` (`id`, `from_user_id`, `to_user_id`, `body`, `created_at`) VALUES (NULL, '38', '13', 'Quasi blanditiis harum sequi voluptates provident illo beatae dicta enim voluptatibus, aliquam eligendi natus magni placeat maxime nobis harum minima voluptatibus enim optio, dolores eos dicta porro placeat repellendus ex ullam.', '2020-08-25 15:11:40');
INSERT INTO `messages` (`id`, `from_user_id`, `to_user_id`, `body`, `created_at`) VALUES (NULL, '53', '19', 'Omnis in doloribus iusto ratione vitae, deserunt nam alias fugiat ullam necessitatibus eaque placeat error eius.', '2020-02-10 15:41:21');
INSERT INTO `messages` (`id`, `from_user_id`, `to_user_id`, `body`, `created_at`) VALUES (NULL, '125', '78', 'Saepe illo error quae harum, blanditiis aut omnis neque laboriosam sapiente amet laudantium, voluptates sapiente in quaerat fugiat ipsum iure recusandae.', '2021-09-05 17:44:08');
INSERT INTO `messages` (`id`, `from_user_id`, `to_user_id`, `body`, `created_at`) VALUES (NULL, '127', '59', 'Labore nihil recusandae laudantium voluptate, magnam nostrum vel asperiores cumque alias vero earum.', '2020-06-16 15:01:29');
INSERT INTO `messages` (`id`, `from_user_id`, `to_user_id`, `body`, `created_at`) VALUES (NULL, '13', '84', 'Tenetur vero nobis vitae natus provident similique adipisci debitis sapiente suscipit, dolore blanditiis optio pariatur cum nisi est culpa, quia voluptatibus nulla aliquam sint repellendus eaque ea nam tempora maiores maxime, vel ducimus voluptate unde eos dolorum quis tenetur repellat expedita?', '2020-04-09 08:29:16');
INSERT INTO `messages` (`id`, `from_user_id`, `to_user_id`, `body`, `created_at`) VALUES (NULL, '103', '120', 'Unde incidunt nulla aliquid molestias quisquam veritatis explicabo saepe numquam atque, fugit rem aliquam exercitationem, nemo illum harum quo eos, nostrum suscipit esse dolore praesentium earum, repellat aut officia optio.', '2020-02-15 18:06:45');
INSERT INTO `messages` (`id`, `from_user_id`, `to_user_id`, `body`, `created_at`) VALUES (NULL, '124', '2', 'Provident quo ipsa dicta aliquam nobis aliquid amet, sapiente harum velit vitae quam a ratione quas, alias minus nesciunt officiis adipisci ullam nisi, modi a soluta voluptates quaerat tenetur magnam sed dolore expedita ut?', '2020-04-03 07:11:03');
INSERT INTO `messages` (`id`, `from_user_id`, `to_user_id`, `body`, `created_at`) VALUES (NULL, '4', '2', 'Ab delectus consectetur beatae unde eum, odio quidem ut, beatae sit quae error iusto iste quia maiores, quia accusantium voluptates itaque, mollitia incidunt cupiditate eveniet assumenda sint quae quaerat.', '2020-04-15 02:11:37');
INSERT INTO `messages` (`id`, `from_user_id`, `to_user_id`, `body`, `created_at`) VALUES (NULL, '114', '139', 'Est voluptates veniam quis aliquid iusto, dolor repellat odio.', '2020-10-18 05:50:56');
INSERT INTO `messages` (`id`, `from_user_id`, `to_user_id`, `body`, `created_at`) VALUES (NULL, '58', '113', 'Fugit vel similique necessitatibus nisi, ex iste debitis autem maiores cupiditate ullam maxime laudantium, nobis dolorum blanditiis amet quasi neque nam molestiae quidem porro, eveniet possimus cumque ex debitis ad facere exercitationem atque facilis, culpa accusamus ipsa magni repudiandae minus.', '2020-02-13 20:43:17');
INSERT INTO `messages` (`id`, `from_user_id`, `to_user_id`, `body`, `created_at`) VALUES (NULL, '149', '56', 'Quasi voluptates inventore eius dicta quia, dignissimos totam eaque laborum expedita neque illo quo quibusdam accusamus quia, distinctio ipsa quod velit, veniam ab officia maxime?', '2020-07-10 21:28:11');
INSERT INTO `messages` (`id`, `from_user_id`, `to_user_id`, `body`, `created_at`) VALUES (NULL, '80', '135', 'Ullam illo incidunt dicta expedita accusamus, nam culpa unde quaerat doloribus numquam voluptatibus?', '2021-09-07 12:17:36');
INSERT INTO `messages` (`id`, `from_user_id`, `to_user_id`, `body`, `created_at`) VALUES (NULL, '21', '114', 'Quibusdam rerum accusamus cum qui placeat a voluptatum, similique animi nisi mollitia illo ea rem autem sit, explicabo ipsa architecto necessitatibus nam neque, quam esse voluptas cupiditate consequuntur deleniti pariatur sed, id quis ducimus excepturi nostrum.', '2020-12-07 13:51:11');
INSERT INTO `messages` (`id`, `from_user_id`, `to_user_id`, `body`, `created_at`) VALUES (NULL, '11', '50', 'Sit eveniet nobis ipsam, repellat iusto nam animi necessitatibus magnam sequi officiis hic, nemo beatae hic aliquam iusto nulla animi eveniet molestias fuga deleniti, natus alias reiciendis rerum id architecto culpa eaque soluta, officiis natus unde eum aspernatur corrupti odit dicta at beatae.', '2020-11-10 23:55:34');
INSERT INTO `messages` (`id`, `from_user_id`, `to_user_id`, `body`, `created_at`) VALUES (NULL, '118', '57', 'Officiis aliquam velit alias neque necessitatibus, corrupti ut illum, vitae veniam itaque tempore et delectus animi exercitationem commodi alias dolore, cum recusandae omnis consequuntur mollitia, eius dolore iste rem similique illum?', '2020-01-23 14:21:31');
INSERT INTO `messages` (`id`, `from_user_id`, `to_user_id`, `body`, `created_at`) VALUES (NULL, '70', '120', 'Dolorum dolor impedit molestias sunt eos ex exercitationem, suscipit magnam ipsam hic est sit neque consequuntur dolorem sint libero, quas ad reiciendis corporis dolorem cupiditate maiores praesentium?', '2021-11-23 23:37:11');
INSERT INTO `messages` (`id`, `from_user_id`, `to_user_id`, `body`, `created_at`) VALUES (NULL, '3', '73', 'Expedita recusandae pariatur quae consequatur sint esse eligendi aliquam beatae, iusto repellat earum, repudiandae temporibus id nihil voluptates libero laudantium consequuntur aliquam voluptatum possimus repellendus, dolores et consequuntur expedita ea laboriosam minus voluptas.', '2021-06-03 12:40:11');
INSERT INTO `messages` (`id`, `from_user_id`, `to_user_id`, `body`, `created_at`) VALUES (NULL, '92', '31', 'Provident quam consectetur repudiandae culpa ut autem iure itaque, consectetur repellat ipsum asperiores omnis quidem natus voluptatibus maiores hic temporibus, provident facere corporis dolore veritatis voluptas libero nam quae commodi quis, eaque nesciunt harum corrupti beatae placeat quisquam, quaerat corrupti error dignissimos cupiditate delectus quia mollitia ullam libero.', '2021-06-09 13:38:39');
INSERT INTO `messages` (`id`, `from_user_id`, `to_user_id`, `body`, `created_at`) VALUES (NULL, '8', '16', 'Soluta quae natus fugit sequi, itaque quidem ipsam, distinctio labore maxime tempora atque, earum error minima iure esse quos ex dolores modi eaque consectetur dolorem?', '2021-10-19 02:23:14');
INSERT INTO `messages` (`id`, `from_user_id`, `to_user_id`, `body`, `created_at`) VALUES (NULL, '85', '17', 'In illum sequi, veniam tenetur sunt, facilis voluptate provident esse sed delectus est quod perferendis, illum amet magnam obcaecati incidunt placeat voluptatibus soluta delectus neque eius, dolorum laudantium fugiat nulla voluptas?', '2020-09-14 07:15:29');
INSERT INTO `messages` (`id`, `from_user_id`, `to_user_id`, `body`, `created_at`) VALUES (NULL, '112', '59', 'Magnam doloribus voluptates soluta adipisci neque, praesentium omnis dolores odit natus quas quam et vel accusantium, porro accusamus quae commodi, vero enim ut soluta facilis vitae omnis nisi necessitatibus.', '2021-01-11 10:58:26');
INSERT INTO `messages` (`id`, `from_user_id`, `to_user_id`, `body`, `created_at`) VALUES (NULL, '121', '134', 'Minima voluptatum aliquid aspernatur dolorem commodi iusto tenetur reiciendis exercitationem delectus ad, modi debitis voluptatum facere dolores dicta corrupti dolore.', '2020-09-07 12:19:44');
INSERT INTO `messages` (`id`, `from_user_id`, `to_user_id`, `body`, `created_at`) VALUES (NULL, '64', '39', 'Sit deserunt officiis provident nostrum animi maiores quos, amet dignissimos magnam adipisci ex nulla praesentium itaque, alias nihil delectus aliquam et quis voluptate.', '2021-01-15 06:02:41');
INSERT INTO `messages` (`id`, `from_user_id`, `to_user_id`, `body`, `created_at`) VALUES (NULL, '146', '127', 'Alias impedit quis necessitatibus delectus obcaecati quo dolore itaque, iste deleniti at magnam porro quam recusandae voluptate minus adipisci sapiente veniam.', '2020-07-10 09:40:15');
INSERT INTO `messages` (`id`, `from_user_id`, `to_user_id`, `body`, `created_at`) VALUES (NULL, '28', '20', 'Omnis maxime eius assumenda ipsam laudantium tempora quidem dolor libero, velit nobis sint facilis id dolores architecto debitis aspernatur commodi, ipsam labore nam, repellendus doloremque dolor, magnam minus tempora culpa.', '2021-01-18 23:51:45');
INSERT INTO `messages` (`id`, `from_user_id`, `to_user_id`, `body`, `created_at`) VALUES (NULL, '31', '71', 'Maiores obcaecati suscipit mollitia labore porro aspernatur sapiente quod consequuntur consequatur, corporis corrupti aspernatur id velit, consequatur debitis vitae at quaerat esse quas.', '2020-12-15 00:58:17');
INSERT INTO `messages` (`id`, `from_user_id`, `to_user_id`, `body`, `created_at`) VALUES (NULL, '60', '51', 'Reiciendis laboriosam atque deserunt consequuntur harum ab blanditiis perferendis, quas harum error, natus perferendis culpa quia earum magnam iusto nostrum at eos cumque.', '2021-05-11 11:28:46');
INSERT INTO `messages` (`id`, `from_user_id`, `to_user_id`, `body`, `created_at`) VALUES (NULL, '21', '75', 'Nobis nisi aut sit veniam ducimus quaerat fugit eligendi culpa, debitis perspiciatis non totam tempora nostrum maxime nisi corrupti, vitae ducimus autem quaerat ullam optio qui ut, officia beatae deserunt, atque id aperiam expedita quaerat itaque.', '2020-01-14 03:00:57');
INSERT INTO `messages` (`id`, `from_user_id`, `to_user_id`, `body`, `created_at`) VALUES (NULL, '113', '8', 'Atque tempora aut, magnam repudiandae dolorum sint est magni non at reiciendis, voluptatibus aliquid laboriosam id ducimus voluptatum facilis eum porro ipsa autem quisquam, cumque fugit labore soluta voluptatibus ipsum optio?', '2021-08-11 16:23:28');
INSERT INTO `messages` (`id`, `from_user_id`, `to_user_id`, `body`, `created_at`) VALUES (NULL, '106', '108', 'Rem labore asperiores, adipisci modi velit ex quibusdam deserunt?', '2021-02-16 17:47:30');
INSERT INTO `messages` (`id`, `from_user_id`, `to_user_id`, `body`, `created_at`) VALUES (NULL, '106', '11', 'Accusantium totam maiores eum rem ut quaerat ratione eveniet id nulla distinctio, et nam voluptatibus mollitia asperiores animi ab tempore repellendus recusandae pariatur, reiciendis doloremque provident aliquam debitis eveniet repellendus.', '2021-10-15 05:35:56');
INSERT INTO `messages` (`id`, `from_user_id`, `to_user_id`, `body`, `created_at`) VALUES (NULL, '114', '49', 'Provident blanditiis facilis at illo commodi, dicta maiores iure blanditiis labore cum eligendi natus quis, asperiores dolores illum possimus, deleniti eius quasi fuga libero suscipit nisi eveniet ea itaque tempora sit?', '2020-07-28 09:46:37');
INSERT INTO `messages` (`id`, `from_user_id`, `to_user_id`, `body`, `created_at`) VALUES (NULL, '125', '43', 'Veritatis omnis amet odio illo corporis in architecto quo, iure amet nesciunt exercitationem ab iusto harum odit aliquid non illum, exercitationem dolore harum dolores, iusto ea ipsum omnis earum?', '2020-10-20 11:07:25');
INSERT INTO `messages` (`id`, `from_user_id`, `to_user_id`, `body`, `created_at`) VALUES (NULL, '104', '93', 'Doloribus quo saepe minima, repellat sed officiis quis non.', '2021-08-08 07:32:00');
INSERT INTO `messages` (`id`, `from_user_id`, `to_user_id`, `body`, `created_at`) VALUES (NULL, '93', '105', 'Architecto voluptatibus rerum esse in porro minus facere quia quas voluptates eaque, earum deleniti quos ratione quaerat accusamus omnis minus odio repudiandae, sit eveniet temporibus a?', '2020-07-12 22:24:36');
INSERT INTO `messages` (`id`, `from_user_id`, `to_user_id`, `body`, `created_at`) VALUES (NULL, '129', '82', 'In itaque temporibus sapiente placeat aliquam nesciunt, fuga veniam officia velit nulla nam, minus iure similique quasi recusandae sit.', '2021-09-18 16:01:03');
INSERT INTO `messages` (`id`, `from_user_id`, `to_user_id`, `body`, `created_at`) VALUES (NULL, '136', '147', 'Voluptates laborum neque sit facilis ducimus corporis consectetur est, suscipit earum quibusdam molestiae consequatur culpa excepturi vel numquam ducimus, vitae possimus voluptatem distinctio quia excepturi.', '2020-12-20 20:13:57');
INSERT INTO `messages` (`id`, `from_user_id`, `to_user_id`, `body`, `created_at`) VALUES (NULL, '47', '62', 'Pariatur sint sequi ratione beatae quas, laboriosam iure dolor consequatur cum doloribus eos expedita sequi, earum natus impedit iusto quam iste ratione ut numquam aspernatur magnam, ipsam repudiandae error distinctio sed a suscipit dolor.', '2020-11-19 09:29:43');
INSERT INTO `messages` (`id`, `from_user_id`, `to_user_id`, `body`, `created_at`) VALUES (NULL, '62', '129', 'Quia odio doloribus, suscipit deleniti nobis commodi aliquam labore temporibus qui, minima veritatis qui ipsa, recusandae error animi minima in minus?', '2021-08-17 04:45:43');
INSERT INTO `messages` (`id`, `from_user_id`, `to_user_id`, `body`, `created_at`) VALUES (NULL, '29', '100', 'Eius amet perspiciatis vitae, doloremque provident ut sequi enim cumque nam delectus necessitatibus ratione corporis, quibusdam explicabo placeat cumque fugiat vero aliquid eius cum, tempore quo odio pariatur itaque voluptatem odit officiis.', '2020-12-10 22:25:03');
INSERT INTO `messages` (`id`, `from_user_id`, `to_user_id`, `body`, `created_at`) VALUES (NULL, '18', '148', 'Voluptas totam officia nobis quia eligendi nihil quod maxime libero voluptate, nostrum voluptates at reprehenderit nisi reiciendis unde ipsa quia cupiditate rerum, dignissimos ut illo rem, illo eveniet excepturi perspiciatis provident maxime quo optio repellat fugiat amet sequi, laborum veritatis eveniet molestiae animi.', '2021-10-15 01:51:51');
INSERT INTO `messages` (`id`, `from_user_id`, `to_user_id`, `body`, `created_at`) VALUES (NULL, '133', '38', 'Voluptates quam rem id esse, natus beatae eum, pariatur reprehenderit illum cum adipisci eos?', '2020-05-27 18:59:07');
INSERT INTO `messages` (`id`, `from_user_id`, `to_user_id`, `body`, `created_at`) VALUES (NULL, '8', '79', 'Ipsam velit obcaecati maxime labore nostrum voluptas molestias et laboriosam saepe minima, similique excepturi molestiae quo itaque laborum facilis rerum?', '2020-12-02 15:35:13');
INSERT INTO `messages` (`id`, `from_user_id`, `to_user_id`, `body`, `created_at`) VALUES (NULL, '68', '140', 'Voluptatum accusamus iure similique cupiditate eligendi omnis, ipsum facilis inventore ipsa quisquam odio?', '2020-03-23 07:29:00');
INSERT INTO `messages` (`id`, `from_user_id`, `to_user_id`, `body`, `created_at`) VALUES (NULL, '149', '148', 'Necessitatibus natus iste eaque temporibus quas quia minima quos ipsa recusandae nulla, distinctio soluta possimus culpa, ex officia impedit aliquam ullam non sapiente beatae, accusamus magnam commodi doloremque magni voluptas autem nisi atque fugit?', '2021-11-17 04:38:20');
INSERT INTO `messages` (`id`, `from_user_id`, `to_user_id`, `body`, `created_at`) VALUES (NULL, '82', '29', 'Suscipit vel facere provident modi aperiam, molestiae minima dolore, molestiae sunt ipsam ea laboriosam autem suscipit?', '2020-10-20 09:18:04');
INSERT INTO `messages` (`id`, `from_user_id`, `to_user_id`, `body`, `created_at`) VALUES (NULL, '129', '52', 'Beatae nam veniam odit quaerat deserunt ipsam atque, quis et quam totam, eos eius laudantium doloribus dolore quos, enim odit ipsum accusamus consequatur cum earum ipsam aliquam unde quibusdam ad, quibusdam distinctio nobis ratione ad voluptas libero quisquam id.', '2021-01-17 13:45:13');
INSERT INTO `messages` (`id`, `from_user_id`, `to_user_id`, `body`, `created_at`) VALUES (NULL, '50', '139', 'Veritatis obcaecati praesentium totam doloribus distinctio consequatur natus, saepe alias ea maiores provident rerum eligendi optio voluptas mollitia, nostrum praesentium consequatur perspiciatis eos, facilis obcaecati nemo vel aperiam impedit laboriosam?', '2021-08-23 11:37:10');
INSERT INTO `messages` (`id`, `from_user_id`, `to_user_id`, `body`, `created_at`) VALUES (NULL, '138', '90', 'Est molestiae ad cupiditate reprehenderit quos deserunt illum nulla quas recusandae, repellat deserunt quidem dolor debitis eaque fugiat saepe adipisci.', '2020-11-01 05:14:35');
INSERT INTO `messages` (`id`, `from_user_id`, `to_user_id`, `body`, `created_at`) VALUES (NULL, '45', '32', 'Praesentium molestias nobis eligendi est cumque recusandae sapiente voluptatem explicabo iure, esse incidunt ea fugit quas natus reiciendis ipsa, ipsum eaque dicta, beatae maxime aperiam incidunt voluptates perferendis ducimus accusamus laudantium distinctio placeat, doloribus laboriosam nisi sed?', '2020-09-01 06:46:55');
INSERT INTO `messages` (`id`, `from_user_id`, `to_user_id`, `body`, `created_at`) VALUES (NULL, '86', '105', 'Ut reiciendis ab laborum recusandae autem, molestiae eius sint impedit saepe suscipit a, at corrupti iste quibusdam nobis saepe architecto, fugit sint perspiciatis dolore accusantium nesciunt rerum eveniet quis?', '2021-08-23 16:18:51');
INSERT INTO `messages` (`id`, `from_user_id`, `to_user_id`, `body`, `created_at`) VALUES (NULL, '127', '40', 'Sit doloremque rem temporibus, odio optio voluptatibus cumque, ipsa aliquam consequatur corporis totam ea quae, odio aut obcaecati veniam, exercitationem facilis quod blanditiis quis doloremque doloribus eius?', '2021-03-24 23:50:59');
INSERT INTO `messages` (`id`, `from_user_id`, `to_user_id`, `body`, `created_at`) VALUES (NULL, '48', '32', 'Necessitatibus corporis ullam vitae unde tempora assumenda sed rem sit, non tempora similique tempore, odio sit fuga voluptas laboriosam est ut repellendus quisquam, libero hic excepturi, necessitatibus labore consequatur atque minima temporibus voluptates eaque assumenda velit possimus molestias.', '2020-04-16 16:48:58');
INSERT INTO `messages` (`id`, `from_user_id`, `to_user_id`, `body`, `created_at`) VALUES (NULL, '124', '40', 'Autem porro architecto quidem delectus corporis vitae, dolores fuga perferendis iste minus suscipit alias molestias omnis, dolore libero porro.', '2021-07-01 20:26:17');
INSERT INTO `messages` (`id`, `from_user_id`, `to_user_id`, `body`, `created_at`) VALUES (NULL, '123', '113', 'Fuga quos consectetur quisquam laborum, ratione totam incidunt nemo at repudiandae cumque est voluptates.', '2020-01-14 10:42:46');
INSERT INTO `messages` (`id`, `from_user_id`, `to_user_id`, `body`, `created_at`) VALUES (NULL, '98', '10', 'Voluptate itaque consequatur molestias dolor, id dolor eveniet eligendi, itaque illo fugit distinctio nam fuga quos, expedita autem iste numquam modi, culpa inventore quaerat eius nesciunt laboriosam in harum porro nisi qui hic?', '2020-09-19 18:00:10');
INSERT INTO `messages` (`id`, `from_user_id`, `to_user_id`, `body`, `created_at`) VALUES (NULL, '47', '141', 'Culpa sapiente saepe temporibus dicta mollitia quia, odit at odio nesciunt voluptate totam voluptates amet vitae similique veritatis soluta, blanditiis libero eveniet, est suscipit omnis incidunt vero similique eveniet.', '2021-03-17 01:18:12');
INSERT INTO `messages` (`id`, `from_user_id`, `to_user_id`, `body`, `created_at`) VALUES (NULL, '14', '9', 'Praesentium excepturi ipsum cumque, fugit tempora at?', '2021-04-21 10:17:54');
INSERT INTO `messages` (`id`, `from_user_id`, `to_user_id`, `body`, `created_at`) VALUES (NULL, '142', '140', 'Mollitia quis nulla, beatae ipsa sed commodi doloremque voluptate est minus, rerum eos iure dicta maiores, magni cupiditate aut praesentium libero error debitis rerum, totam neque facere voluptatibus accusamus.', '2020-03-13 02:50:58');
INSERT INTO `messages` (`id`, `from_user_id`, `to_user_id`, `body`, `created_at`) VALUES (NULL, '120', '54', 'Veritatis inventore harum suscipit quasi, nulla totam nostrum dolore vel expedita voluptas est rerum quae veritatis, rerum impedit facilis?', '2020-04-27 13:58:21');
INSERT INTO `messages` (`id`, `from_user_id`, `to_user_id`, `body`, `created_at`) VALUES (NULL, '69', '78', 'Est earum consectetur quia assumenda at ipsa sit debitis nemo autem voluptate, modi fuga facilis doloribus odio et sunt deleniti consectetur fugit nostrum, a reiciendis aperiam, atque labore quae itaque eos quasi modi delectus, rerum libero fugit?', '2021-10-09 07:54:00');
INSERT INTO `messages` (`id`, `from_user_id`, `to_user_id`, `body`, `created_at`) VALUES (NULL, '126', '110', 'A rem nulla dicta itaque quaerat hic consequatur blanditiis voluptatem repellat, quis aliquid voluptates ipsam a repellendus explicabo, consequuntur ad perferendis adipisci dolorem impedit nobis, rem dolore quo dolorem nobis vero sunt, illum dolore sunt libero deleniti tempora?', '2021-11-20 10:41:10');
INSERT INTO `messages` (`id`, `from_user_id`, `to_user_id`, `body`, `created_at`) VALUES (NULL, '101', '66', 'Fuga obcaecati est quam dicta, ducimus voluptatem explicabo delectus exercitationem ad dignissimos odit fuga, laboriosam obcaecati dolore autem id quod error quaerat deleniti velit?', '2021-10-26 05:36:27');
INSERT INTO `messages` (`id`, `from_user_id`, `to_user_id`, `body`, `created_at`) VALUES (NULL, '65', '45', 'Adipisci numquam natus magnam ipsa, debitis cumque eaque, laboriosam quae voluptas cupiditate, nesciunt ab a placeat repellat quas adipisci inventore quasi porro distinctio corrupti, dolores distinctio corrupti harum officia facilis at tempora numquam repellat animi?', '2020-07-24 23:16:01');
INSERT INTO `messages` (`id`, `from_user_id`, `to_user_id`, `body`, `created_at`) VALUES (NULL, '97', '103', 'Veniam corporis magnam neque error natus architecto ducimus unde, magnam enim incidunt corporis corrupti doloremque aut laborum aperiam, debitis inventore sit magni ab qui voluptate recusandae quae impedit, sed soluta voluptate magnam iusto placeat?', '2020-09-16 05:37:59');
INSERT INTO `messages` (`id`, `from_user_id`, `to_user_id`, `body`, `created_at`) VALUES (NULL, '130', '131', 'Deserunt facilis atque ad nesciunt facere commodi velit sequi officiis debitis cumque, temporibus consectetur ab quae obcaecati accusantium totam laborum ex, earum fugit soluta delectus.', '2021-07-12 03:58:36');
INSERT INTO `messages` (`id`, `from_user_id`, `to_user_id`, `body`, `created_at`) VALUES (NULL, '78', '26', 'Magnam cupiditate vitae hic illo vero perspiciatis nostrum qui molestiae, in reiciendis blanditiis ipsa ex, officiis corporis nemo, excepturi incidunt eum accusantium veniam officiis optio iure ea ipsam rerum?', '2020-03-07 14:28:26');
INSERT INTO `messages` (`id`, `from_user_id`, `to_user_id`, `body`, `created_at`) VALUES (NULL, '13', '31', 'Veniam nam dolor vel, nihil enim esse, ut earum reprehenderit vel aliquam vitae pariatur, assumenda asperiores provident error explicabo obcaecati placeat.', '2020-10-04 23:47:09');
INSERT INTO `messages` (`id`, `from_user_id`, `to_user_id`, `body`, `created_at`) VALUES (NULL, '98', '99', 'Ullam tempore neque ab qui sunt ea reiciendis, id commodi ut consequatur, iste saepe beatae sed earum ex aspernatur commodi aperiam voluptas rerum, est blanditiis quae consectetur dolorum eos laborum deserunt perspiciatis.', '2020-01-18 11:29:34');
INSERT INTO `messages` (`id`, `from_user_id`, `to_user_id`, `body`, `created_at`) VALUES (NULL, '48', '27', 'Iure fuga iste corporis cupiditate magnam architecto veniam optio, temporibus culpa consectetur nihil dolores veniam nemo inventore deleniti sint esse saepe, eos neque minima expedita labore sapiente aut, aliquid voluptas omnis vero doloribus alias aliquam quisquam modi, quae reprehenderit delectus distinctio veritatis repudiandae laudantium odit soluta.', '2021-01-28 12:53:15');
INSERT INTO `messages` (`id`, `from_user_id`, `to_user_id`, `body`, `created_at`) VALUES (NULL, '43', '108', 'Rem eius fuga ullam molestiae inventore ex maiores, sapiente eligendi sunt, atque provident a mollitia nisi consequuntur assumenda quasi in?', '2021-03-15 13:55:20');
INSERT INTO `messages` (`id`, `from_user_id`, `to_user_id`, `body`, `created_at`) VALUES (NULL, '14', '87', 'Dicta fugiat officiis corrupti eaque reiciendis consectetur quia nobis ducimus architecto, cum dolor veritatis.', '2021-04-23 12:39:48');
INSERT INTO `messages` (`id`, `from_user_id`, `to_user_id`, `body`, `created_at`) VALUES (NULL, '33', '126', 'Pariatur dolores explicabo vel, esse consequatur nihil a magnam pariatur, quas ipsam voluptatem fugit ipsa dolor maiores blanditiis, eum ducimus nostrum?', '2020-02-25 01:31:13');
INSERT INTO `messages` (`id`, `from_user_id`, `to_user_id`, `body`, `created_at`) VALUES (NULL, '31', '9', 'Provident quam incidunt, inventore maiores deserunt suscipit tempora vel quaerat natus autem sed quia nisi, quisquam at molestias soluta veniam ratione excepturi nam veritatis, provident distinctio nihil at eaque dignissimos incidunt, ducimus magnam veritatis similique qui?', '2020-10-21 18:11:10');
INSERT INTO `messages` (`id`, `from_user_id`, `to_user_id`, `body`, `created_at`) VALUES (NULL, '104', '145', 'Porro totam expedita pariatur impedit quidem voluptatibus dolorum iure, tenetur sit quasi exercitationem quidem expedita possimus nemo, magnam quidem assumenda delectus nobis consequuntur laudantium adipisci aperiam.', '2020-10-01 08:30:10');
INSERT INTO `messages` (`id`, `from_user_id`, `to_user_id`, `body`, `created_at`) VALUES (NULL, '122', '24', 'Nisi itaque officiis aliquid obcaecati, optio animi dignissimos consequatur non similique hic facere rem doloremque nesciunt modi, odio nobis debitis neque accusantium veniam?', '2021-11-27 10:27:32');
INSERT INTO `messages` (`id`, `from_user_id`, `to_user_id`, `body`, `created_at`) VALUES (NULL, '141', '81', 'Odit et numquam iusto inventore laboriosam pariatur impedit corporis, minima ipsam nemo soluta impedit iste cumque deserunt iusto, necessitatibus doloremque explicabo deserunt itaque harum quia minus.', '2021-06-23 03:06:51');
INSERT INTO `messages` (`id`, `from_user_id`, `to_user_id`, `body`, `created_at`) VALUES (NULL, '83', '66', 'Esse itaque magnam, a atque dignissimos explicabo beatae sapiente, quae et dolore mollitia eligendi nihil facere alias a non suscipit itaque?', '2020-07-13 01:26:31');
INSERT INTO `messages` (`id`, `from_user_id`, `to_user_id`, `body`, `created_at`) VALUES (NULL, '21', '130', 'Expedita amet doloribus illum dolorem sint eveniet nulla error quibusdam animi voluptate, autem nobis porro eum repellendus necessitatibus ducimus, dignissimos quidem neque iure velit impedit asperiores nihil, nostrum esse et quaerat atque odit eligendi vero iste reiciendis libero veritatis?', '2021-12-06 07:34:40');
INSERT INTO `messages` (`id`, `from_user_id`, `to_user_id`, `body`, `created_at`) VALUES (NULL, '130', '90', 'Sapiente ratione itaque illo veritatis rem expedita in ipsum, provident est consequuntur eaque et, itaque eum harum dolores expedita vero neque vel praesentium, quo cum voluptate dolore blanditiis veritatis distinctio.', '2021-02-19 03:41:03');
INSERT INTO `messages` (`id`, `from_user_id`, `to_user_id`, `body`, `created_at`) VALUES (NULL, '68', '54', 'Distinctio assumenda dolore ullam magnam nobis, dolorem deserunt animi illum quidem veritatis minima doloremque commodi sit.', '2020-12-05 04:58:03');
INSERT INTO `messages` (`id`, `from_user_id`, `to_user_id`, `body`, `created_at`) VALUES (NULL, '131', '33', 'Provident in non ullam neque illo voluptate rerum aspernatur eligendi deleniti, consequuntur et hic minima provident iusto dignissimos ipsum, et delectus optio nam molestiae quia?', '2020-03-20 02:24:01');
INSERT INTO `messages` (`id`, `from_user_id`, `to_user_id`, `body`, `created_at`) VALUES (NULL, '144', '28', 'Consequatur facere labore id numquam voluptates eligendi, molestias beatae inventore ducimus excepturi quidem autem quia, eaque reiciendis nostrum quas omnis impedit ducimus?', '2021-02-03 14:14:05');
INSERT INTO `messages` (`id`, `from_user_id`, `to_user_id`, `body`, `created_at`) VALUES (NULL, '106', '6', 'Commodi corporis maxime debitis, corporis neque in sint facere animi cumque dolore.', '2020-05-22 15:11:49');
INSERT INTO `messages` (`id`, `from_user_id`, `to_user_id`, `body`, `created_at`) VALUES (NULL, '47', '7', 'Consectetur sapiente enim ullam nesciunt adipisci illum nulla sed cupiditate, magni laborum quaerat impedit ducimus dignissimos ut exercitationem culpa, nam dolor dolorem tempora, velit distinctio perferendis autem quia laboriosam sed corrupti, enim ratione eius et rem.', '2021-02-26 11:05:54');
INSERT INTO `messages` (`id`, `from_user_id`, `to_user_id`, `body`, `created_at`) VALUES (NULL, '29', '109', 'Mollitia quas cum nobis aliquam, deleniti fugiat veniam nam, deserunt doloribus possimus animi nisi quidem dolor cumque.', '2020-05-10 10:26:02');
INSERT INTO `messages` (`id`, `from_user_id`, `to_user_id`, `body`, `created_at`) VALUES (NULL, '69', '80', 'Laudantium sequi distinctio rerum quo velit, minima repellat in, quaerat earum doloremque iure tempora quas dicta, in aut distinctio corporis esse excepturi repellat minima enim modi.', '2021-03-21 17:41:01');
INSERT INTO `messages` (`id`, `from_user_id`, `to_user_id`, `body`, `created_at`) VALUES (NULL, '123', '145', 'Neque soluta voluptate, ipsa placeat nesciunt quibusdam consectetur odio libero iure, suscipit inventore illo officia tempora facilis dolores omnis vel laudantium at iste, error placeat quidem deserunt ab, voluptatibus tempore ullam velit?', '2020-12-22 15:11:48');
INSERT INTO `messages` (`id`, `from_user_id`, `to_user_id`, `body`, `created_at`) VALUES (NULL, '72', '64', 'Harum voluptatibus similique sit obcaecati laborum quia culpa optio placeat, nulla saepe earum natus odio quam autem a illo asperiores, natus exercitationem culpa obcaecati doloremque.', '2020-12-09 11:42:03');
INSERT INTO `messages` (`id`, `from_user_id`, `to_user_id`, `body`, `created_at`) VALUES (NULL, '82', '7', 'Magnam vero itaque et porro perferendis ducimus atque consectetur, debitis eius vero sed voluptatibus doloremque obcaecati distinctio?', '2020-07-08 09:15:53');
INSERT INTO `messages` (`id`, `from_user_id`, `to_user_id`, `body`, `created_at`) VALUES (NULL, '53', '21', 'Ipsam unde dolores excepturi odio, omnis corporis quidem veniam aliquam mollitia non id, autem vitae fuga dolorem sed vero corrupti reprehenderit rerum adipisci, ab voluptatibus distinctio.', '2020-04-17 13:12:34');
INSERT INTO `messages` (`id`, `from_user_id`, `to_user_id`, `body`, `created_at`) VALUES (NULL, '74', '65', 'Eligendi unde incidunt rerum pariatur necessitatibus ratione fugiat quam vitae consequuntur aspernatur, aliquid reiciendis veritatis nulla eius, veniam odio tempora error hic incidunt?', '2020-04-03 11:16:23');
INSERT INTO `messages` (`id`, `from_user_id`, `to_user_id`, `body`, `created_at`) VALUES (NULL, '104', '43', 'Quidem soluta aliquam, dolorum dolore ab a sapiente voluptatem iste nemo inventore?', '2020-04-07 11:58:25');
INSERT INTO `messages` (`id`, `from_user_id`, `to_user_id`, `body`, `created_at`) VALUES (NULL, '12', '144', 'Rerum exercitationem quasi numquam quaerat in neque laudantium, dignissimos tempore fugiat repudiandae ut quisquam culpa quia quae possimus rem hic, velit nesciunt eius in nemo omnis consequatur eveniet dolor?', '2021-09-17 08:02:29');
INSERT INTO `messages` (`id`, `from_user_id`, `to_user_id`, `body`, `created_at`) VALUES (NULL, '22', '111', 'Quidem consequatur eum facilis nisi amet inventore labore recusandae, ratione in unde voluptas quibusdam magnam reprehenderit voluptate hic et mollitia quo, amet quaerat fuga, facere dignissimos aliquid perspiciatis ut deleniti impedit ea facilis laudantium at sunt, natus commodi blanditiis officiis delectus autem magnam aut hic aspernatur reiciendis culpa.', '2020-01-06 17:44:01');
INSERT INTO `messages` (`id`, `from_user_id`, `to_user_id`, `body`, `created_at`) VALUES (NULL, '124', '8', 'Autem similique cumque adipisci nisi, repudiandae voluptate quisquam optio quaerat magni at aut ratione, dolorum eum reprehenderit omnis alias magni quo odit, porro illum magnam ullam facere vero quam voluptates amet nam?', '2020-08-16 01:39:02');
INSERT INTO `messages` (`id`, `from_user_id`, `to_user_id`, `body`, `created_at`) VALUES (NULL, '80', '130', 'Expedita labore ducimus amet necessitatibus corporis obcaecati assumenda corrupti, rerum iste nesciunt ipsam placeat illum sapiente voluptatem odio, laudantium blanditiis excepturi accusantium magnam, voluptas odit recusandae repellendus architecto fugit fuga porro eius quas quaerat, aliquid corporis deserunt pariatur repudiandae iste?', '2020-01-27 18:46:15');
INSERT INTO `messages` (`id`, `from_user_id`, `to_user_id`, `body`, `created_at`) VALUES (NULL, '27', '49', 'Obcaecati assumenda natus recusandae quis sequi eos et a nostrum voluptas quod, iusto accusamus illum molestias dolores voluptate aspernatur autem quo explicabo velit exercitationem, repellat modi facilis quas sit dolor cupiditate quisquam fugit molestiae et soluta.', '2020-11-26 18:19:08');
INSERT INTO `messages` (`id`, `from_user_id`, `to_user_id`, `body`, `created_at`) VALUES (NULL, '147', '100', 'Non minus quia, dolorem obcaecati consequatur officiis natus, dolores quam consequatur dicta odio veritatis ducimus?', '2020-07-15 10:47:32');
INSERT INTO `messages` (`id`, `from_user_id`, `to_user_id`, `body`, `created_at`) VALUES (NULL, '99', '17', 'Voluptate quae quia, fuga laudantium beatae sed officia aut aliquid ducimus, adipisci inventore eum voluptatibus, voluptatum voluptate accusamus harum exercitationem ullam fuga, ipsum laudantium alias consequatur sequi explicabo voluptatem corporis eveniet dolore?', '2021-06-12 21:10:05');
INSERT INTO `messages` (`id`, `from_user_id`, `to_user_id`, `body`, `created_at`) VALUES (NULL, '75', '44', 'Blanditiis qui ex nobis rerum nisi suscipit excepturi explicabo, saepe aliquam similique quam eum corrupti consequuntur veritatis sed et doloremque veniam, non magnam ea doloremque, quo rerum nisi vel laborum vitae culpa eligendi, nesciunt autem aut cum magni blanditiis ducimus quidem.', '2020-04-23 20:24:49');
INSERT INTO `messages` (`id`, `from_user_id`, `to_user_id`, `body`, `created_at`) VALUES (NULL, '148', '90', 'Et exercitationem incidunt ipsa facere odio cum aspernatur, vitae ipsam asperiores neque aperiam praesentium ratione aut similique itaque.', '2021-06-07 17:09:44');
INSERT INTO `messages` (`id`, `from_user_id`, `to_user_id`, `body`, `created_at`) VALUES (NULL, '52', '130', 'Temporibus dolor quidem quisquam qui rem minima delectus inventore quia quos laudantium, esse numquam quis?', '2021-03-15 20:22:05');
INSERT INTO `messages` (`id`, `from_user_id`, `to_user_id`, `body`, `created_at`) VALUES (NULL, '68', '93', 'Qui iste perferendis error eius magnam quam, dolorum nihil nisi blanditiis quisquam, id asperiores maiores vel laborum harum vero consequatur illum, quaerat nobis dolores?', '2020-08-28 19:56:32');
INSERT INTO `messages` (`id`, `from_user_id`, `to_user_id`, `body`, `created_at`) VALUES (NULL, '148', '4', 'Pariatur ab assumenda dolorem magni, laboriosam quod ea minus?', '2020-08-13 04:36:25');
INSERT INTO `messages` (`id`, `from_user_id`, `to_user_id`, `body`, `created_at`) VALUES (NULL, '11', '22', 'Sint hic iste itaque, vel necessitatibus reprehenderit unde accusantium consectetur maiores et molestiae enim, quidem deleniti ut deserunt delectus nisi saepe molestiae corporis iusto?', '2020-06-01 18:09:17');
INSERT INTO `messages` (`id`, `from_user_id`, `to_user_id`, `body`, `created_at`) VALUES (NULL, '93', '129', 'Deserunt natus at qui, ea voluptatibus obcaecati tempore beatae enim vitae eaque sapiente modi, sint facere odio perspiciatis aliquid ea vitae numquam.', '2021-09-26 00:25:09');
INSERT INTO `messages` (`id`, `from_user_id`, `to_user_id`, `body`, `created_at`) VALUES (NULL, '83', '70', 'Dicta placeat consequuntur minus soluta debitis ipsum libero iste, reiciendis nulla vero, architecto eius sint aut accusamus?', '2021-05-03 09:57:58');
INSERT INTO `messages` (`id`, `from_user_id`, `to_user_id`, `body`, `created_at`) VALUES (NULL, '133', '123', 'Ullam asperiores minus nesciunt autem suscipit tempora quae labore maiores dolores, aliquid nisi eveniet vero ipsum asperiores voluptate doloremque voluptatum, corporis ea quidem, ipsa odio minus unde.', '2020-12-10 09:36:01');
INSERT INTO `messages` (`id`, `from_user_id`, `to_user_id`, `body`, `created_at`) VALUES (NULL, '22', '9', 'Soluta recusandae quas, quas explicabo inventore, suscipit earum cumque quos magnam dicta possimus?', '2021-03-02 19:33:49');
INSERT INTO `messages` (`id`, `from_user_id`, `to_user_id`, `body`, `created_at`) VALUES (NULL, '29', '65', 'Fuga corrupti omnis, ducimus tenetur cum recusandae libero aperiam vitae doloribus numquam nostrum blanditiis.', '2020-10-21 06:42:44');
INSERT INTO `messages` (`id`, `from_user_id`, `to_user_id`, `body`, `created_at`) VALUES (NULL, '141', '101', 'Recusandae earum animi quis omnis officia exercitationem mollitia dolores inventore nemo, maiores error veniam laboriosam repudiandae accusamus illum, ad iure architecto dicta enim pariatur, tenetur cumque impedit quam distinctio molestias dolores.', '2021-02-08 03:48:05');
INSERT INTO `messages` (`id`, `from_user_id`, `to_user_id`, `body`, `created_at`) VALUES (NULL, '133', '111', 'Qui laudantium nisi nostrum, dolore fugit voluptate delectus quia eum molestias?', '2021-09-02 08:27:08');
INSERT INTO `messages` (`id`, `from_user_id`, `to_user_id`, `body`, `created_at`) VALUES (NULL, '22', '34', 'Quam autem eius accusamus ullam, deserunt maxime eveniet aliquam dignissimos necessitatibus placeat obcaecati porro, unde ipsum maiores harum, nobis exercitationem expedita sunt veritatis nam delectus inventore minus officiis dolorum, dolores nobis ex eveniet ratione?', '2020-05-17 11:17:24');
INSERT INTO `messages` (`id`, `from_user_id`, `to_user_id`, `body`, `created_at`) VALUES (NULL, '31', '109', 'Itaque reiciendis minima assumenda, atque voluptate nesciunt eligendi esse accusamus earum sunt iste, distinctio architecto inventore, doloremque beatae numquam eaque, eveniet suscipit similique eaque officiis ducimus perferendis?', '2021-04-21 09:09:00');
INSERT INTO `messages` (`id`, `from_user_id`, `to_user_id`, `body`, `created_at`) VALUES (NULL, '70', '142', 'Necessitatibus doloremque laborum porro quisquam non ullam at temporibus nam, dolor qui iure hic, voluptatem praesentium vero consectetur aliquid assumenda, iste voluptatum magni?', '2021-12-27 12:56:38');
INSERT INTO `messages` (`id`, `from_user_id`, `to_user_id`, `body`, `created_at`) VALUES (NULL, '143', '89', 'Mollitia quis aut fuga minus est consequatur sequi non, ad quam aperiam voluptas, est iusto esse inventore amet molestiae repudiandae quidem soluta minus natus facere, ullam itaque repellat?', '2020-01-26 18:19:22');
INSERT INTO `messages` (`id`, `from_user_id`, `to_user_id`, `body`, `created_at`) VALUES (NULL, '97', '121', 'Quisquam corrupti cupiditate praesentium aut deserunt, rem quibusdam inventore voluptates blanditiis corporis velit?', '2020-07-03 10:39:57');
INSERT INTO `messages` (`id`, `from_user_id`, `to_user_id`, `body`, `created_at`) VALUES (NULL, '103', '78', 'Illum perspiciatis labore cum molestias nisi voluptate magnam sequi, numquam alias saepe corporis omnis neque nobis aliquid repudiandae ut, laudantium officia dolorem dignissimos, ea reprehenderit recusandae magnam hic praesentium eum voluptatibus enim?', '2021-07-04 14:22:19');
INSERT INTO `messages` (`id`, `from_user_id`, `to_user_id`, `body`, `created_at`) VALUES (NULL, '65', '59', 'Iure deleniti et eum vitae quae nam voluptatem quaerat facere enim accusantium, quam assumenda dolores aliquam cum deserunt nisi temporibus ipsa, totam odio incidunt dicta adipisci quas reprehenderit nulla quibusdam?', '2021-06-10 13:37:28');
INSERT INTO `messages` (`id`, `from_user_id`, `to_user_id`, `body`, `created_at`) VALUES (NULL, '27', '78', 'Labore ratione asperiores sequi et quibusdam repellat quae nesciunt, consequatur ullam libero, molestias unde itaque nam veritatis perferendis exercitationem laudantium at aliquam?', '2020-02-18 18:46:54');
INSERT INTO `messages` (`id`, `from_user_id`, `to_user_id`, `body`, `created_at`) VALUES (NULL, '137', '144', 'Eum earum repellendus possimus architecto vitae atque sed, commodi porro earum iusto dolorem quae ipsam inventore velit quam, est asperiores recusandae eius.', '2021-12-13 23:50:26');
INSERT INTO `messages` (`id`, `from_user_id`, `to_user_id`, `body`, `created_at`) VALUES (NULL, '25', '11', 'Quibusdam quod saepe deleniti facere aut expedita obcaecati asperiores, iusto dolor possimus veniam deleniti molestiae culpa laudantium, omnis hic doloribus reprehenderit non at perspiciatis dolor suscipit debitis, rerum est illum.', '2021-02-25 19:31:39');
INSERT INTO `messages` (`id`, `from_user_id`, `to_user_id`, `body`, `created_at`) VALUES (NULL, '53', '9', 'Eum praesentium sunt, tempore blanditiis maxime accusantium ea aperiam, possimus ratione numquam quia inventore, illo reprehenderit voluptate iusto ducimus ab incidunt quaerat?', '2021-03-24 04:58:49');
INSERT INTO `messages` (`id`, `from_user_id`, `to_user_id`, `body`, `created_at`) VALUES (NULL, '80', '54', 'Amet ipsa sequi itaque, sed quam unde laudantium quibusdam officiis reiciendis, libero quasi consequatur alias nobis tempore itaque soluta asperiores eaque unde error, natus hic unde accusantium alias quidem et aspernatur placeat est dolor, modi eligendi placeat alias inventore sint et rerum doloremque quibusdam numquam vel?', '2021-10-12 08:19:17');
INSERT INTO `messages` (`id`, `from_user_id`, `to_user_id`, `body`, `created_at`) VALUES (NULL, '16', '46', 'Delectus possimus officia vero libero quibusdam inventore vel beatae, harum cumque repellat aut nisi distinctio tempora officiis culpa dolores mollitia, alias consequuntur animi vero ab.', '2020-09-18 19:47:47');
INSERT INTO `messages` (`id`, `from_user_id`, `to_user_id`, `body`, `created_at`) VALUES (NULL, '4', '20', 'Animi vero reiciendis deserunt ex explicabo assumenda velit, accusantium sed beatae eligendi consequuntur, quae suscipit laudantium rem ad similique non?', '2020-01-02 01:56:59');
INSERT INTO `messages` (`id`, `from_user_id`, `to_user_id`, `body`, `created_at`) VALUES (NULL, '6', '81', 'Quibusdam asperiores velit officia explicabo adipisci consectetur, ut asperiores veritatis nemo veniam maiores tenetur, et consequuntur consequatur excepturi magni sunt?', '2020-01-22 12:14:27');
INSERT INTO `messages` (`id`, `from_user_id`, `to_user_id`, `body`, `created_at`) VALUES (NULL, '44', '28', 'Aliquam amet voluptates quod expedita accusamus tempore ducimus nulla fuga obcaecati, voluptatem nam accusantium ullam amet aliquam porro ut quisquam, eius quo assumenda omnis ab illum veritatis tempora, vero adipisci eaque doloribus at assumenda asperiores laborum fugit, incidunt ipsum repellat quos sit cum modi?', '2020-09-28 12:37:54');
INSERT INTO `messages` (`id`, `from_user_id`, `to_user_id`, `body`, `created_at`) VALUES (NULL, '6', '5', 'Reprehenderit deleniti non porro sint cumque, dolor quaerat laboriosam molestias omnis cum perspiciatis, sunt facere inventore quis cum veniam iste illum?', '2020-09-18 20:53:00');
INSERT INTO `messages` (`id`, `from_user_id`, `to_user_id`, `body`, `created_at`) VALUES (NULL, '142', '77', 'Mollitia magnam facere praesentium voluptatibus nobis adipisci, nobis numquam debitis ex cupiditate nesciunt porro quis eaque minus, esse laudantium quia voluptates et vitae magnam minima rerum provident commodi?', '2020-07-18 14:36:38');
INSERT INTO `messages` (`id`, `from_user_id`, `to_user_id`, `body`, `created_at`) VALUES (NULL, '111', '119', 'Atque nobis repellat eligendi iure minima placeat dolorum, quisquam suscipit odit iure alias impedit totam vero voluptatem, illum natus sunt odio rerum quae unde dolorem similique ad, blanditiis ipsum sequi est dicta officia aliquam illum mollitia iste ipsam, minus ad dolore facilis placeat magnam et quod ex?', '2021-08-23 16:33:47');
INSERT INTO `friend_requests` (`initiator_user_id`, `target_user_id`, `status`, `requested_at`, `updated_at`) VALUES ('122', '124', 'approved', '2020-02-07 23:47:40', '2020-02-10 21:05:32');
INSERT INTO `friend_requests` (`initiator_user_id`, `target_user_id`, `status`, `requested_at`, `updated_at`) VALUES ('31', '35', 'requested', '2021-02-19 16:06:42', '2020-09-15 05:15:13');
INSERT INTO `friend_requests` (`initiator_user_id`, `target_user_id`, `status`, `requested_at`, `updated_at`) VALUES ('102', '73', 'requested', '2021-02-28 03:29:29', '2020-02-04 11:42:18');
INSERT INTO `friend_requests` (`initiator_user_id`, `target_user_id`, `status`, `requested_at`, `updated_at`) VALUES ('150', '7', 'unfriended', '2021-06-28 16:08:45', '2020-01-09 15:37:23');
INSERT INTO `friend_requests` (`initiator_user_id`, `target_user_id`, `status`, `requested_at`, `updated_at`) VALUES ('149', '66', 'approved', '2021-11-26 01:22:19', '2021-05-28 04:13:52');
INSERT INTO `friend_requests` (`initiator_user_id`, `target_user_id`, `status`, `requested_at`, `updated_at`) VALUES ('93', '118', 'unfriended', '2020-11-18 03:57:26', '2020-01-26 10:54:40');
INSERT INTO `friend_requests` (`initiator_user_id`, `target_user_id`, `status`, `requested_at`, `updated_at`) VALUES ('118', '148', 'approved', '2020-11-13 08:08:32', '2021-09-09 04:10:32');
INSERT INTO `friend_requests` (`initiator_user_id`, `target_user_id`, `status`, `requested_at`, `updated_at`) VALUES ('105', '38', 'approved', '2021-02-27 19:17:35', '2020-10-01 17:57:31');
INSERT INTO `friend_requests` (`initiator_user_id`, `target_user_id`, `status`, `requested_at`, `updated_at`) VALUES ('126', '4', 'approved', '2021-05-14 14:13:23', '2021-07-03 09:03:40');
INSERT INTO `friend_requests` (`initiator_user_id`, `target_user_id`, `status`, `requested_at`, `updated_at`) VALUES ('66', '43', 'unfriended', '2020-11-22 02:51:40', '2020-10-09 04:23:48');
INSERT INTO `friend_requests` (`initiator_user_id`, `target_user_id`, `status`, `requested_at`, `updated_at`) VALUES ('112', '150', 'approved', '2020-11-15 22:54:43', '2021-09-20 13:32:22');
INSERT INTO `friend_requests` (`initiator_user_id`, `target_user_id`, `status`, `requested_at`, `updated_at`) VALUES ('138', '98', 'approved', '2021-02-24 23:31:45', '2021-06-25 00:52:01');
INSERT INTO `friend_requests` (`initiator_user_id`, `target_user_id`, `status`, `requested_at`, `updated_at`) VALUES ('56', '147', 'declined', '2021-09-10 23:31:40', '2021-10-23 12:57:23');
INSERT INTO `friend_requests` (`initiator_user_id`, `target_user_id`, `status`, `requested_at`, `updated_at`) VALUES ('13', '51', 'unfriended', '2021-11-28 12:29:49', '2021-02-15 07:44:46');
INSERT INTO `friend_requests` (`initiator_user_id`, `target_user_id`, `status`, `requested_at`, `updated_at`) VALUES ('119', '35', 'unfriended', '2020-06-24 13:02:07', '2021-03-01 04:48:50');
INSERT INTO `friend_requests` (`initiator_user_id`, `target_user_id`, `status`, `requested_at`, `updated_at`) VALUES ('4', '110', 'requested', '2020-04-17 17:23:07', '2021-02-11 11:42:43');
INSERT INTO `friend_requests` (`initiator_user_id`, `target_user_id`, `status`, `requested_at`, `updated_at`) VALUES ('107', '144', 'requested', '2021-02-26 19:58:12', '2021-09-12 13:46:50');
INSERT INTO `friend_requests` (`initiator_user_id`, `target_user_id`, `status`, `requested_at`, `updated_at`) VALUES ('146', '124', 'requested', '2021-04-16 00:57:29', '2020-06-18 06:10:25');
INSERT INTO `friend_requests` (`initiator_user_id`, `target_user_id`, `status`, `requested_at`, `updated_at`) VALUES ('88', '60', 'declined', '2021-05-12 07:07:20', '2021-10-28 01:17:38');
INSERT INTO `friend_requests` (`initiator_user_id`, `target_user_id`, `status`, `requested_at`, `updated_at`) VALUES ('72', '123', 'approved', '2021-01-16 00:52:39', '2020-06-28 06:21:39');
INSERT INTO `friend_requests` (`initiator_user_id`, `target_user_id`, `status`, `requested_at`, `updated_at`) VALUES ('51', '130', 'unfriended', '2021-03-14 16:41:32', '2021-04-10 03:57:25');
INSERT INTO `friend_requests` (`initiator_user_id`, `target_user_id`, `status`, `requested_at`, `updated_at`) VALUES ('91', '129', 'declined', '2021-05-14 18:14:05', '2020-08-19 13:11:44');
INSERT INTO `friend_requests` (`initiator_user_id`, `target_user_id`, `status`, `requested_at`, `updated_at`) VALUES ('52', '66', 'unfriended', '2020-04-24 07:01:30', '2021-01-19 02:07:49');
INSERT INTO `friend_requests` (`initiator_user_id`, `target_user_id`, `status`, `requested_at`, `updated_at`) VALUES ('147', '128', 'requested', '2020-02-28 00:04:18', '2021-03-14 15:57:23');
INSERT INTO `friend_requests` (`initiator_user_id`, `target_user_id`, `status`, `requested_at`, `updated_at`) VALUES ('107', '73', 'requested', '2020-05-12 16:45:07', '2021-11-24 23:22:02');
INSERT INTO `friend_requests` (`initiator_user_id`, `target_user_id`, `status`, `requested_at`, `updated_at`) VALUES ('8', '63', 'requested', '2020-10-03 23:17:49', '2020-02-24 03:50:53');
INSERT INTO `friend_requests` (`initiator_user_id`, `target_user_id`, `status`, `requested_at`, `updated_at`) VALUES ('5', '95', 'declined', '2021-07-08 06:40:06', '2020-07-24 16:20:51');
INSERT INTO `friend_requests` (`initiator_user_id`, `target_user_id`, `status`, `requested_at`, `updated_at`) VALUES ('54', '68', 'declined', '2020-06-16 08:56:40', '2020-03-03 22:21:55');
INSERT INTO `friend_requests` (`initiator_user_id`, `target_user_id`, `status`, `requested_at`, `updated_at`) VALUES ('100', '145', 'requested', '2020-03-06 20:48:32', '2021-08-19 17:37:42');
INSERT INTO `friend_requests` (`initiator_user_id`, `target_user_id`, `status`, `requested_at`, `updated_at`) VALUES ('132', '100', 'unfriended', '2020-05-05 23:48:04', '2021-10-13 09:16:23');
INSERT INTO `friend_requests` (`initiator_user_id`, `target_user_id`, `status`, `requested_at`, `updated_at`) VALUES ('35', '102', 'requested', '2020-10-16 18:29:39', '2021-02-27 14:27:22');
INSERT INTO `friend_requests` (`initiator_user_id`, `target_user_id`, `status`, `requested_at`, `updated_at`) VALUES ('113', '35', 'declined', '2020-10-21 05:54:21', '2021-11-03 13:46:54');
INSERT INTO `friend_requests` (`initiator_user_id`, `target_user_id`, `status`, `requested_at`, `updated_at`) VALUES ('95', '51', 'unfriended', '2020-11-10 13:11:09', '2020-08-27 20:22:55');
INSERT INTO `friend_requests` (`initiator_user_id`, `target_user_id`, `status`, `requested_at`, `updated_at`) VALUES ('30', '16', 'unfriended', '2021-12-16 04:11:17', '2021-01-27 10:01:44');
INSERT INTO `friend_requests` (`initiator_user_id`, `target_user_id`, `status`, `requested_at`, `updated_at`) VALUES ('65', '41', 'approved', '2021-03-05 12:33:39', '2021-11-26 15:37:11');
INSERT INTO `friend_requests` (`initiator_user_id`, `target_user_id`, `status`, `requested_at`, `updated_at`) VALUES ('104', '31', 'unfriended', '2020-07-05 02:46:47', '2021-08-02 23:45:18');
INSERT INTO `friend_requests` (`initiator_user_id`, `target_user_id`, `status`, `requested_at`, `updated_at`) VALUES ('22', '85', 'approved', '2021-05-26 18:33:10', '2020-12-13 16:42:14');
INSERT INTO `friend_requests` (`initiator_user_id`, `target_user_id`, `status`, `requested_at`, `updated_at`) VALUES ('91', '106', 'approved', '2021-01-21 21:53:00', '2021-01-17 22:34:12');
INSERT INTO `friend_requests` (`initiator_user_id`, `target_user_id`, `status`, `requested_at`, `updated_at`) VALUES ('72', '83', 'declined', '2021-10-01 21:02:01', '2021-12-28 10:42:15');
INSERT INTO `friend_requests` (`initiator_user_id`, `target_user_id`, `status`, `requested_at`, `updated_at`) VALUES ('43', '42', 'requested', '2021-06-08 18:26:52', '2021-02-20 23:34:21');
INSERT INTO `friend_requests` (`initiator_user_id`, `target_user_id`, `status`, `requested_at`, `updated_at`) VALUES ('34', '9', 'approved', '2020-05-06 07:46:47', '2020-01-23 23:25:57');
INSERT INTO `friend_requests` (`initiator_user_id`, `target_user_id`, `status`, `requested_at`, `updated_at`) VALUES ('5', '109', 'requested', '2020-03-22 18:14:26', '2020-03-16 09:57:55');
INSERT INTO `friend_requests` (`initiator_user_id`, `target_user_id`, `status`, `requested_at`, `updated_at`) VALUES ('115', '107', 'requested', '2021-08-15 04:35:10', '2021-08-11 08:00:22');
INSERT INTO `friend_requests` (`initiator_user_id`, `target_user_id`, `status`, `requested_at`, `updated_at`) VALUES ('148', '111', 'requested', '2020-02-03 02:11:48', '2020-12-24 01:12:12');
INSERT INTO `friend_requests` (`initiator_user_id`, `target_user_id`, `status`, `requested_at`, `updated_at`) VALUES ('52', '50', 'approved', '2020-06-11 01:05:19', '2021-01-08 04:32:27');
INSERT INTO `friend_requests` (`initiator_user_id`, `target_user_id`, `status`, `requested_at`, `updated_at`) VALUES ('115', '131', 'unfriended', '2020-08-10 17:51:02', '2021-03-16 11:27:45');
INSERT INTO `friend_requests` (`initiator_user_id`, `target_user_id`, `status`, `requested_at`, `updated_at`) VALUES ('106', '28', 'declined', '2020-10-19 01:45:20', '2021-08-16 07:31:01');
INSERT INTO `friend_requests` (`initiator_user_id`, `target_user_id`, `status`, `requested_at`, `updated_at`) VALUES ('60', '91', 'approved', '2021-01-04 17:46:38', '2021-07-19 17:31:59');
INSERT INTO `friend_requests` (`initiator_user_id`, `target_user_id`, `status`, `requested_at`, `updated_at`) VALUES ('89', '86', 'approved', '2021-02-04 14:41:10', '2021-04-17 08:19:36');
INSERT INTO `friend_requests` (`initiator_user_id`, `target_user_id`, `status`, `requested_at`, `updated_at`) VALUES ('82', '8', 'declined', '2020-07-13 23:16:03', '2021-12-20 05:38:25');
INSERT INTO `friend_requests` (`initiator_user_id`, `target_user_id`, `status`, `requested_at`, `updated_at`) VALUES ('48', '18', 'unfriended', '2021-04-25 18:02:28', '2020-11-13 08:53:40');
INSERT INTO `friend_requests` (`initiator_user_id`, `target_user_id`, `status`, `requested_at`, `updated_at`) VALUES ('61', '111', 'declined', '2021-02-04 04:02:41', '2021-10-04 22:48:34');
INSERT INTO `friend_requests` (`initiator_user_id`, `target_user_id`, `status`, `requested_at`, `updated_at`) VALUES ('32', '46', 'declined', '2021-06-08 14:43:38', '2021-03-24 16:23:19');
INSERT INTO `friend_requests` (`initiator_user_id`, `target_user_id`, `status`, `requested_at`, `updated_at`) VALUES ('103', '81', 'approved', '2021-06-05 16:11:34', '2021-08-06 10:39:02');
INSERT INTO `friend_requests` (`initiator_user_id`, `target_user_id`, `status`, `requested_at`, `updated_at`) VALUES ('123', '136', 'declined', '2020-11-21 23:42:55', '2020-04-09 09:44:05');
INSERT INTO `friend_requests` (`initiator_user_id`, `target_user_id`, `status`, `requested_at`, `updated_at`) VALUES ('6', '29', 'unfriended', '2021-08-07 17:01:13', '2021-12-02 00:04:48');
INSERT INTO `friend_requests` (`initiator_user_id`, `target_user_id`, `status`, `requested_at`, `updated_at`) VALUES ('87', '108', 'approved', '2020-04-07 17:01:40', '2020-02-21 06:21:48');
INSERT INTO `friend_requests` (`initiator_user_id`, `target_user_id`, `status`, `requested_at`, `updated_at`) VALUES ('86', '2', 'requested', '2020-01-14 05:56:31', '2020-08-04 15:34:22');
INSERT INTO `friend_requests` (`initiator_user_id`, `target_user_id`, `status`, `requested_at`, `updated_at`) VALUES ('118', '29', 'declined', '2021-06-28 09:52:21', '2021-10-18 09:19:36');
INSERT INTO `friend_requests` (`initiator_user_id`, `target_user_id`, `status`, `requested_at`, `updated_at`) VALUES ('134', '26', 'approved', '2021-03-20 13:43:25', '2020-01-19 07:20:36');
INSERT INTO `friend_requests` (`initiator_user_id`, `target_user_id`, `status`, `requested_at`, `updated_at`) VALUES ('128', '66', 'declined', '2021-12-02 13:51:38', '2020-12-24 17:12:53');
INSERT INTO `friend_requests` (`initiator_user_id`, `target_user_id`, `status`, `requested_at`, `updated_at`) VALUES ('117', '85', 'approved', '2021-12-24 11:18:54', '2020-04-24 19:29:13');
INSERT INTO `friend_requests` (`initiator_user_id`, `target_user_id`, `status`, `requested_at`, `updated_at`) VALUES ('4', '91', 'approved', '2021-02-17 22:05:32', '2020-04-10 22:36:30');
INSERT INTO `friend_requests` (`initiator_user_id`, `target_user_id`, `status`, `requested_at`, `updated_at`) VALUES ('142', '103', 'approved', '2020-03-05 00:10:14', '2020-03-17 07:05:24');
INSERT INTO `friend_requests` (`initiator_user_id`, `target_user_id`, `status`, `requested_at`, `updated_at`) VALUES ('146', '36', 'requested', '2021-11-04 20:00:24', '2021-06-10 05:10:41');
INSERT INTO `friend_requests` (`initiator_user_id`, `target_user_id`, `status`, `requested_at`, `updated_at`) VALUES ('15', '124', 'approved', '2021-05-04 10:54:47', '2021-12-11 12:08:43');
INSERT INTO `friend_requests` (`initiator_user_id`, `target_user_id`, `status`, `requested_at`, `updated_at`) VALUES ('47', '61', 'unfriended', '2021-10-20 23:35:15', '2020-11-10 20:37:53');
INSERT INTO `friend_requests` (`initiator_user_id`, `target_user_id`, `status`, `requested_at`, `updated_at`) VALUES ('7', '127', 'requested', '2021-08-11 19:46:12', '2020-01-12 10:56:42');
INSERT INTO `friend_requests` (`initiator_user_id`, `target_user_id`, `status`, `requested_at`, `updated_at`) VALUES ('100', '116', 'requested', '2020-04-14 21:15:55', '2021-03-17 03:03:05');
INSERT INTO `friend_requests` (`initiator_user_id`, `target_user_id`, `status`, `requested_at`, `updated_at`) VALUES ('146', '17', 'approved', '2021-01-23 14:14:43', '2020-07-26 02:45:29');
INSERT INTO `friend_requests` (`initiator_user_id`, `target_user_id`, `status`, `requested_at`, `updated_at`) VALUES ('127', '87', 'declined', '2021-05-04 19:58:32', '2021-11-13 01:14:03');
INSERT INTO `friend_requests` (`initiator_user_id`, `target_user_id`, `status`, `requested_at`, `updated_at`) VALUES ('54', '62', 'unfriended', '2020-08-02 08:00:13', '2020-01-28 03:09:01');
INSERT INTO `friend_requests` (`initiator_user_id`, `target_user_id`, `status`, `requested_at`, `updated_at`) VALUES ('87', '110', 'declined', '2021-09-24 16:19:12', '2020-12-26 04:59:20');
INSERT INTO `friend_requests` (`initiator_user_id`, `target_user_id`, `status`, `requested_at`, `updated_at`) VALUES ('63', '32', 'unfriended', '2021-05-08 19:33:11', '2021-12-08 20:46:52');
INSERT INTO `friend_requests` (`initiator_user_id`, `target_user_id`, `status`, `requested_at`, `updated_at`) VALUES ('124', '33', 'unfriended', '2021-03-02 23:54:26', '2021-03-19 01:46:25');
INSERT INTO `friend_requests` (`initiator_user_id`, `target_user_id`, `status`, `requested_at`, `updated_at`) VALUES ('11', '113', 'requested', '2020-08-15 08:55:34', '2021-12-03 00:04:07');
INSERT INTO `friend_requests` (`initiator_user_id`, `target_user_id`, `status`, `requested_at`, `updated_at`) VALUES ('116', '83', 'declined', '2021-10-02 01:27:30', '2021-08-15 11:36:01');
INSERT INTO `friend_requests` (`initiator_user_id`, `target_user_id`, `status`, `requested_at`, `updated_at`) VALUES ('108', '99', 'approved', '2021-04-25 06:16:40', '2021-08-23 12:01:28');
INSERT INTO `friend_requests` (`initiator_user_id`, `target_user_id`, `status`, `requested_at`, `updated_at`) VALUES ('19', '116', 'unfriended', '2020-05-10 10:09:16', '2020-06-19 04:49:40');
INSERT INTO `friend_requests` (`initiator_user_id`, `target_user_id`, `status`, `requested_at`, `updated_at`) VALUES ('30', '17', 'unfriended', '2021-04-14 02:19:02', '2020-07-02 01:03:58');
INSERT INTO `communities` (`id`, `name`, `admin_user_id`) VALUES (1, 'debitis magni', '4');
INSERT INTO `communities` (`id`, `name`, `admin_user_id`) VALUES (2, 'quia possimus voluptates', '130');
INSERT INTO `communities` (`id`, `name`, `admin_user_id`) VALUES (3, 'atque quam excepturi', '94');
INSERT INTO `communities` (`id`, `name`, `admin_user_id`) VALUES (4, 'quas minima', '139');
INSERT INTO `communities` (`id`, `name`, `admin_user_id`) VALUES (5, 'consequuntur dolores', '101');
INSERT INTO `communities` (`id`, `name`, `admin_user_id`) VALUES (6, 'eaque', '58');
INSERT INTO `communities` (`id`, `name`, `admin_user_id`) VALUES (7, 'debitis', '91');
INSERT INTO `communities` (`id`, `name`, `admin_user_id`) VALUES (8, 'fuga velit debitis', '74');
INSERT INTO `communities` (`id`, `name`, `admin_user_id`) VALUES (9, 'accusantium obcaecati eum', '110');
INSERT INTO `communities` (`id`, `name`, `admin_user_id`) VALUES (10, 'fuga nulla quae', '15');
INSERT INTO `communities` (`id`, `name`, `admin_user_id`) VALUES (11, 'obcaecati et reiciendis', '76');
INSERT INTO `communities` (`id`, `name`, `admin_user_id`) VALUES (12, 'totam', '11');
INSERT INTO `communities` (`id`, `name`, `admin_user_id`) VALUES (13, 'distinctio', '89');
INSERT INTO `communities` (`id`, `name`, `admin_user_id`) VALUES (14, 'esse', '21');
INSERT INTO `communities` (`id`, `name`, `admin_user_id`) VALUES (15, 'quae et assumenda', '17');
INSERT INTO `communities` (`id`, `name`, `admin_user_id`) VALUES (16, 'quo nostrum', '51');
INSERT INTO `communities` (`id`, `name`, `admin_user_id`) VALUES (17, 'fugit pariatur error', '85');
INSERT INTO `communities` (`id`, `name`, `admin_user_id`) VALUES (18, 'veritatis repudiandae tempora', '115');
INSERT INTO `communities` (`id`, `name`, `admin_user_id`) VALUES (19, 'beatae', '145');
INSERT INTO `communities` (`id`, `name`, `admin_user_id`) VALUES (20, 'magnam voluptates ad', '145');
INSERT INTO `communities` (`id`, `name`, `admin_user_id`) VALUES (21, 'recusandae maxime', '77');
INSERT INTO `communities` (`id`, `name`, `admin_user_id`) VALUES (22, 'quo nulla earum', '5');
INSERT INTO `communities` (`id`, `name`, `admin_user_id`) VALUES (23, 'nulla soluta id', '3');
INSERT INTO `communities` (`id`, `name`, `admin_user_id`) VALUES (24, 'minima', '64');
INSERT INTO `communities` (`id`, `name`, `admin_user_id`) VALUES (25, 'recusandae quos', '133');
INSERT INTO `communities` (`id`, `name`, `admin_user_id`) VALUES (26, 'et incidunt', '55');
INSERT INTO `communities` (`id`, `name`, `admin_user_id`) VALUES (27, 'blanditiis veritatis', '12');
INSERT INTO `communities` (`id`, `name`, `admin_user_id`) VALUES (28, 'eius sunt in', '10');
INSERT INTO `communities` (`id`, `name`, `admin_user_id`) VALUES (29, 'quos omnis perspiciatis', '88');
INSERT INTO `communities` (`id`, `name`, `admin_user_id`) VALUES (30, 'ratione cupiditate rem', '65');
INSERT INTO `communities` (`id`, `name`, `admin_user_id`) VALUES (31, 'libero earum', '62');
INSERT INTO `communities` (`id`, `name`, `admin_user_id`) VALUES (32, 'minima', '76');
INSERT INTO `communities` (`id`, `name`, `admin_user_id`) VALUES (33, 'deleniti', '23');
INSERT INTO `communities` (`id`, `name`, `admin_user_id`) VALUES (34, 'nulla voluptatum', '10');
INSERT INTO `communities` (`id`, `name`, `admin_user_id`) VALUES (35, 'consectetur', '65');
INSERT INTO `communities` (`id`, `name`, `admin_user_id`) VALUES (36, 'fugiat dolore', '129');
INSERT INTO `communities` (`id`, `name`, `admin_user_id`) VALUES (37, 'laborum', '53');
INSERT INTO `communities` (`id`, `name`, `admin_user_id`) VALUES (38, 'voluptatibus numquam', '97');
INSERT INTO `communities` (`id`, `name`, `admin_user_id`) VALUES (39, 'nisi ut', '31');
INSERT INTO `communities` (`id`, `name`, `admin_user_id`) VALUES (40, 'id quod', '94');
INSERT INTO `communities` (`id`, `name`, `admin_user_id`) VALUES (41, 'aspernatur rerum', '32');
INSERT INTO `communities` (`id`, `name`, `admin_user_id`) VALUES (42, 'doloribus', '147');
INSERT INTO `communities` (`id`, `name`, `admin_user_id`) VALUES (43, 'vel omnis', '123');
INSERT INTO `communities` (`id`, `name`, `admin_user_id`) VALUES (44, 'placeat', '29');
INSERT INTO `communities` (`id`, `name`, `admin_user_id`) VALUES (45, 'praesentium', '24');
INSERT INTO `communities` (`id`, `name`, `admin_user_id`) VALUES (46, 'optio ea fugiat', '150');
INSERT INTO `communities` (`id`, `name`, `admin_user_id`) VALUES (47, 'doloremque hic esse', '133');
INSERT INTO `communities` (`id`, `name`, `admin_user_id`) VALUES (48, 'corrupti possimus', '148');
INSERT INTO `communities` (`id`, `name`, `admin_user_id`) VALUES (49, 'officiis', '82');
INSERT INTO `communities` (`id`, `name`, `admin_user_id`) VALUES (50, 'dolor unde', '10');
INSERT INTO `users_communities` (`user_id`, `community_id`) VALUES ('76', '4');
INSERT INTO `users_communities` (`user_id`, `community_id`) VALUES ('120', '5');
INSERT INTO `users_communities` (`user_id`, `community_id`) VALUES ('74', '21');
INSERT INTO `users_communities` (`user_id`, `community_id`) VALUES ('1', '10');
INSERT INTO `users_communities` (`user_id`, `community_id`) VALUES ('139', '31');
INSERT INTO `users_communities` (`user_id`, `community_id`) VALUES ('43', '13');
INSERT INTO `users_communities` (`user_id`, `community_id`) VALUES ('85', '3');
INSERT INTO `users_communities` (`user_id`, `community_id`) VALUES ('73', '20');
INSERT INTO `users_communities` (`user_id`, `community_id`) VALUES ('148', '12');
INSERT INTO `users_communities` (`user_id`, `community_id`) VALUES ('25', '50');
INSERT INTO `users_communities` (`user_id`, `community_id`) VALUES ('126', '24');
INSERT INTO `users_communities` (`user_id`, `community_id`) VALUES ('7', '28');
INSERT INTO `users_communities` (`user_id`, `community_id`) VALUES ('72', '7');
INSERT INTO `users_communities` (`user_id`, `community_id`) VALUES ('63', '4');
INSERT INTO `users_communities` (`user_id`, `community_id`) VALUES ('23', '11');
INSERT INTO `users_communities` (`user_id`, `community_id`) VALUES ('84', '40');
INSERT INTO `users_communities` (`user_id`, `community_id`) VALUES ('113', '24');
INSERT INTO `users_communities` (`user_id`, `community_id`) VALUES ('86', '39');
INSERT INTO `users_communities` (`user_id`, `community_id`) VALUES ('19', '29');
INSERT INTO `users_communities` (`user_id`, `community_id`) VALUES ('105', '50');
INSERT INTO `users_communities` (`user_id`, `community_id`) VALUES ('124', '1');
INSERT INTO `users_communities` (`user_id`, `community_id`) VALUES ('146', '17');
INSERT INTO `users_communities` (`user_id`, `community_id`) VALUES ('70', '2');
INSERT INTO `users_communities` (`user_id`, `community_id`) VALUES ('51', '10');
INSERT INTO `users_communities` (`user_id`, `community_id`) VALUES ('111', '35');
INSERT INTO `users_communities` (`user_id`, `community_id`) VALUES ('66', '33');
INSERT INTO `users_communities` (`user_id`, `community_id`) VALUES ('9', '24');
INSERT INTO `users_communities` (`user_id`, `community_id`) VALUES ('18', '8');
INSERT INTO `users_communities` (`user_id`, `community_id`) VALUES ('121', '39');
INSERT INTO `users_communities` (`user_id`, `community_id`) VALUES ('88', '34');
INSERT INTO `users_communities` (`user_id`, `community_id`) VALUES ('30', '34');
INSERT INTO `users_communities` (`user_id`, `community_id`) VALUES ('20', '39');
INSERT INTO `users_communities` (`user_id`, `community_id`) VALUES ('91', '14');
INSERT INTO `users_communities` (`user_id`, `community_id`) VALUES ('100', '34');
INSERT INTO `users_communities` (`user_id`, `community_id`) VALUES ('5', '50');
INSERT INTO `users_communities` (`user_id`, `community_id`) VALUES ('64', '2');
INSERT INTO `users_communities` (`user_id`, `community_id`) VALUES ('120', '36');
INSERT INTO `users_communities` (`user_id`, `community_id`) VALUES ('44', '4');
INSERT INTO `users_communities` (`user_id`, `community_id`) VALUES ('23', '39');
INSERT INTO `users_communities` (`user_id`, `community_id`) VALUES ('31', '3');
INSERT INTO `users_communities` (`user_id`, `community_id`) VALUES ('112', '49');
INSERT INTO `users_communities` (`user_id`, `community_id`) VALUES ('133', '2');
INSERT INTO `users_communities` (`user_id`, `community_id`) VALUES ('123', '47');
INSERT INTO `users_communities` (`user_id`, `community_id`) VALUES ('45', '25');
INSERT INTO `users_communities` (`user_id`, `community_id`) VALUES ('149', '7');
INSERT INTO `users_communities` (`user_id`, `community_id`) VALUES ('148', '28');
INSERT INTO `users_communities` (`user_id`, `community_id`) VALUES ('139', '34');
INSERT INTO `users_communities` (`user_id`, `community_id`) VALUES ('125', '5');
INSERT INTO `users_communities` (`user_id`, `community_id`) VALUES ('13', '33');
INSERT INTO `users_communities` (`user_id`, `community_id`) VALUES ('3', '4');
INSERT INTO `users_communities` (`user_id`, `community_id`) VALUES ('12', '19');
INSERT INTO `users_communities` (`user_id`, `community_id`) VALUES ('72', '34');
INSERT INTO `users_communities` (`user_id`, `community_id`) VALUES ('149', '12');
INSERT INTO `users_communities` (`user_id`, `community_id`) VALUES ('125', '45');
INSERT INTO `users_communities` (`user_id`, `community_id`) VALUES ('28', '14');
INSERT INTO `users_communities` (`user_id`, `community_id`) VALUES ('46', '6');
INSERT INTO `users_communities` (`user_id`, `community_id`) VALUES ('148', '18');
INSERT INTO `users_communities` (`user_id`, `community_id`) VALUES ('143', '17');
INSERT INTO `users_communities` (`user_id`, `community_id`) VALUES ('56', '29');
INSERT INTO `users_communities` (`user_id`, `community_id`) VALUES ('88', '43');
INSERT INTO `users_communities` (`user_id`, `community_id`) VALUES ('72', '11');
INSERT INTO `users_communities` (`user_id`, `community_id`) VALUES ('78', '13');
INSERT INTO `users_communities` (`user_id`, `community_id`) VALUES ('97', '24');
INSERT INTO `users_communities` (`user_id`, `community_id`) VALUES ('77', '35');
INSERT INTO `users_communities` (`user_id`, `community_id`) VALUES ('87', '26');
INSERT INTO `users_communities` (`user_id`, `community_id`) VALUES ('30', '32');
INSERT INTO `users_communities` (`user_id`, `community_id`) VALUES ('54', '19');
INSERT INTO `users_communities` (`user_id`, `community_id`) VALUES ('23', '17');
INSERT INTO `users_communities` (`user_id`, `community_id`) VALUES ('87', '48');
INSERT INTO `users_communities` (`user_id`, `community_id`) VALUES ('123', '39');
INSERT INTO `users_communities` (`user_id`, `community_id`) VALUES ('5', '10');
INSERT INTO `users_communities` (`user_id`, `community_id`) VALUES ('139', '28');
INSERT INTO `users_communities` (`user_id`, `community_id`) VALUES ('65', '18');
INSERT INTO `users_communities` (`user_id`, `community_id`) VALUES ('80', '27');
INSERT INTO `users_communities` (`user_id`, `community_id`) VALUES ('51', '43');
INSERT INTO `users_communities` (`user_id`, `community_id`) VALUES ('24', '2');
INSERT INTO `users_communities` (`user_id`, `community_id`) VALUES ('124', '8');
INSERT INTO `users_communities` (`user_id`, `community_id`) VALUES ('51', '44');
INSERT INTO `users_communities` (`user_id`, `community_id`) VALUES ('101', '16');
INSERT INTO `users_communities` (`user_id`, `community_id`) VALUES ('143', '35');
INSERT INTO `users_communities` (`user_id`, `community_id`) VALUES ('106', '24');
INSERT INTO `users_communities` (`user_id`, `community_id`) VALUES ('32', '48');
INSERT INTO `users_communities` (`user_id`, `community_id`) VALUES ('124', '4');
INSERT INTO `users_communities` (`user_id`, `community_id`) VALUES ('44', '20');
INSERT INTO `users_communities` (`user_id`, `community_id`) VALUES ('128', '15');
INSERT INTO `users_communities` (`user_id`, `community_id`) VALUES ('72', '12');
INSERT INTO `users_communities` (`user_id`, `community_id`) VALUES ('11', '26');
INSERT INTO `users_communities` (`user_id`, `community_id`) VALUES ('98', '36');
INSERT INTO `users_communities` (`user_id`, `community_id`) VALUES ('82', '38');
INSERT INTO `users_communities` (`user_id`, `community_id`) VALUES ('91', '40');
INSERT INTO `users_communities` (`user_id`, `community_id`) VALUES ('116', '41');
INSERT INTO `users_communities` (`user_id`, `community_id`) VALUES ('42', '35');
INSERT INTO `users_communities` (`user_id`, `community_id`) VALUES ('65', '39');
INSERT INTO `users_communities` (`user_id`, `community_id`) VALUES ('81', '39');
INSERT INTO `users_communities` (`user_id`, `community_id`) VALUES ('65', '12');
INSERT INTO `users_communities` (`user_id`, `community_id`) VALUES ('27', '16');
INSERT INTO `users_communities` (`user_id`, `community_id`) VALUES ('112', '24');
INSERT INTO `users_communities` (`user_id`, `community_id`) VALUES ('119', '35');
INSERT INTO `users_communities` (`user_id`, `community_id`) VALUES ('129', '33');
INSERT INTO `users_communities` (`user_id`, `community_id`) VALUES ('2', '40');
INSERT INTO `media_types` (`id`, `name`, `created_at`, `updated_at`) VALUES ('1', 'quas', '2020-07-07 11:20:17', '2021-10-15 12:04:14');
INSERT INTO `media_types` (`id`, `name`, `created_at`, `updated_at`) VALUES ('2', 'porro', '2020-05-12 11:23:25', '2021-11-03 18:28:36');
INSERT INTO `media_types` (`id`, `name`, `created_at`, `updated_at`) VALUES ('3', 'molestias', '2021-12-02 21:27:30', '2021-12-05 05:31:49');
INSERT INTO `media_types` (`id`, `name`, `created_at`, `updated_at`) VALUES ('4', 'vitae', '2021-07-18 12:01:54', '2021-04-03 21:35:23');
INSERT INTO `media` (`id`, `media_type_id`, `user_id`, `body`, `filename`, `size`, `metadata`, `created_at`, `updated_at`) VALUES ('1', '3', '40', 'Harum maiores itaque minima quidem, soluta expedita vero sunt totam eum dolorum a ab?', 'molestias', 5625, NULL, '2021-02-03 20:06:41', '2020-09-25 13:28:14');
INSERT INTO `media` (`id`, `media_type_id`, `user_id`, `body`, `filename`, `size`, `metadata`, `created_at`, `updated_at`) VALUES ('2', '3', '61', 'Sunt sequi nam natus, optio ut veritatis reiciendis asperiores magni praesentium quaerat.', 'soluta', 9867, NULL, '2021-07-14 07:54:15', '2020-09-06 08:23:35');
INSERT INTO `media` (`id`, `media_type_id`, `user_id`, `body`, `filename`, `size`, `metadata`, `created_at`, `updated_at`) VALUES ('3', '3', '103', 'Harum labore consequatur dolores suscipit beatae in laborum, earum tenetur dolor, eos eius cupiditate ipsam incidunt maiores sed earum illum quam ducimus?', 'odio', 9195, NULL, '2021-04-14 16:33:06', '2020-11-17 11:03:01');
INSERT INTO `media` (`id`, `media_type_id`, `user_id`, `body`, `filename`, `size`, `metadata`, `created_at`, `updated_at`) VALUES ('4', '1', '75', 'Ex voluptate suscipit ea in cumque, officia sint mollitia pariatur totam adipisci vero odio quas accusantium maxime, voluptate libero omnis rerum, debitis nobis quo error ab blanditiis ratione sed facere expedita.', 'inventore', 3022, NULL, '2021-04-03 14:41:51', '2021-03-21 15:45:35');
INSERT INTO `media` (`id`, `media_type_id`, `user_id`, `body`, `filename`, `size`, `metadata`, `created_at`, `updated_at`) VALUES ('5', '3', '57', 'Officiis dolore quae expedita, mollitia distinctio dolorem et, aperiam itaque perspiciatis voluptate incidunt voluptatum nostrum sapiente obcaecati quisquam consequatur, obcaecati repudiandae saepe ullam quaerat exercitationem eum, placeat quis itaque reiciendis nemo aspernatur quidem vitae voluptatem ab dolorem?', 'dignissimos', 402, NULL, '2020-05-10 20:28:50', '2021-04-06 07:18:44');
INSERT INTO `media` (`id`, `media_type_id`, `user_id`, `body`, `filename`, `size`, `metadata`, `created_at`, `updated_at`) VALUES ('6', '3', '108', 'Corrupti amet impedit accusantium suscipit esse ea alias vitae sit neque quis, eum aperiam mollitia consequuntur nesciunt, architecto pariatur nobis.', 'culpa', 3458, NULL, '2021-03-03 21:56:42', '2021-10-27 23:03:55');
INSERT INTO `media` (`id`, `media_type_id`, `user_id`, `body`, `filename`, `size`, `metadata`, `created_at`, `updated_at`) VALUES ('7', '2', '116', 'Veniam nesciunt ipsam mollitia totam vel dolorum magni nulla autem error, vel praesentium provident est dolorum laboriosam minima in animi optio enim?', 'nobis', 2707, NULL, '2021-05-26 11:23:16', '2020-01-26 08:25:52');
INSERT INTO `media` (`id`, `media_type_id`, `user_id`, `body`, `filename`, `size`, `metadata`, `created_at`, `updated_at`) VALUES ('8', '3', '84', 'Sunt quis veniam debitis dignissimos nulla iste, provident esse at a perferendis aliquid, nemo ab quo fugiat, perferendis sapiente cum quae reprehenderit voluptatem nam iusto, ut quas itaque aperiam alias aliquam rem tenetur consequatur asperiores.', 'nihil', 412, NULL, '2021-04-19 20:33:20', '2020-02-04 20:52:27');
INSERT INTO `media` (`id`, `media_type_id`, `user_id`, `body`, `filename`, `size`, `metadata`, `created_at`, `updated_at`) VALUES ('9', '1', '99', 'Eos atque voluptatem unde nisi hic molestiae porro eius accusantium ex fuga, quaerat corrupti excepturi saepe rem reprehenderit possimus ad fuga, itaque voluptas magnam, quae praesentium necessitatibus minima.', 'quam', 8297, NULL, '2020-06-10 04:00:24', '2021-06-09 06:24:47');
INSERT INTO `media` (`id`, `media_type_id`, `user_id`, `body`, `filename`, `size`, `metadata`, `created_at`, `updated_at`) VALUES ('10', '4', '137', 'Harum eius voluptates dolore fuga incidunt repudiandae iure voluptate, officia error magnam rem distinctio atque, quae quidem pariatur non quos optio mollitia eius animi voluptates, facere ipsa voluptate adipisci numquam officiis commodi quo quisquam exercitationem quasi ducimus?', 'qui', 9278, NULL, '2021-10-01 05:24:09', '2021-10-04 14:05:50');
INSERT INTO `media` (`id`, `media_type_id`, `user_id`, `body`, `filename`, `size`, `metadata`, `created_at`, `updated_at`) VALUES ('11', '3', '129', 'Similique natus reiciendis perferendis aliquid doloremque temporibus nobis officia ipsam, ea sit saepe labore voluptate aliquam ipsa iure odit cum recusandae, libero earum dolores, voluptatibus totam repudiandae perspiciatis neque, consectetur illum quas?', 'nobis', 2264, NULL, '2021-12-15 19:04:22', '2021-12-11 01:12:27');
INSERT INTO `media` (`id`, `media_type_id`, `user_id`, `body`, `filename`, `size`, `metadata`, `created_at`, `updated_at`) VALUES ('12', '1', '99', 'Et ipsam itaque repellendus optio odio reiciendis accusamus sit blanditiis nemo earum, tempore nisi et quisquam quasi amet, aperiam quam natus ipsum?', 'dolores', 5451, NULL, '2020-12-14 08:09:20', '2021-07-12 00:08:28');
INSERT INTO `media` (`id`, `media_type_id`, `user_id`, `body`, `filename`, `size`, `metadata`, `created_at`, `updated_at`) VALUES ('13', '1', '29', 'Suscipit fugit excepturi praesentium quis voluptas saepe pariatur aperiam nesciunt ipsum exercitationem, earum necessitatibus autem ea distinctio nemo vel harum voluptas provident nam.', 'deleniti', 1941, NULL, '2020-04-18 21:14:53', '2021-06-17 07:35:54');
INSERT INTO `media` (`id`, `media_type_id`, `user_id`, `body`, `filename`, `size`, `metadata`, `created_at`, `updated_at`) VALUES ('14', '4', '91', 'Rem distinctio dolorum neque aliquam facere at ex vero temporibus modi doloremque, iste rem itaque tempora provident, ipsam odio reprehenderit voluptas possimus sit explicabo reiciendis quis, magni omnis quidem eligendi harum.', 'similique', 1155, NULL, '2020-09-09 13:23:52', '2020-02-25 13:14:36');
INSERT INTO `media` (`id`, `media_type_id`, `user_id`, `body`, `filename`, `size`, `metadata`, `created_at`, `updated_at`) VALUES ('15', '3', '113', 'Rerum pariatur ab molestiae debitis, odit veritatis odio temporibus explicabo ex maiores quaerat deserunt necessitatibus at, doloremque nam similique doloribus impedit rerum, beatae minus odit blanditiis enim tenetur obcaecati quisquam, dolore consequatur sint sit consequuntur a dolores impedit totam animi.', 'minima', 7361, NULL, '2020-08-17 05:05:40', '2020-02-19 20:21:54');
INSERT INTO `media` (`id`, `media_type_id`, `user_id`, `body`, `filename`, `size`, `metadata`, `created_at`, `updated_at`) VALUES ('16', '1', '94', 'Adipisci enim porro rem aliquid impedit voluptates ipsam laboriosam qui ipsa dignissimos, eligendi tempora minus maiores quam non nam quod, ipsam deserunt voluptatem necessitatibus ut non quos veritatis ea.', 'consequuntur', 8860, NULL, '2021-12-20 20:13:42', '2020-03-16 01:38:03');
INSERT INTO `media` (`id`, `media_type_id`, `user_id`, `body`, `filename`, `size`, `metadata`, `created_at`, `updated_at`) VALUES ('17', '2', '44', 'Earum modi a eius architecto sint dolores neque id, dolor hic voluptatem quisquam sunt corrupti nisi suscipit, iste suscipit a doloribus exercitationem minima itaque enim sed, aspernatur incidunt et magnam voluptates a illum accusamus, error expedita ducimus dolor at ex quae optio perspiciatis illo exercitationem quis?', 'architecto', 3185, NULL, '2021-02-06 15:25:12', '2020-06-19 08:53:26');
INSERT INTO `media` (`id`, `media_type_id`, `user_id`, `body`, `filename`, `size`, `metadata`, `created_at`, `updated_at`) VALUES ('18', '1', '112', 'Earum ut assumenda itaque laudantium et ducimus quisquam atque quam eum, dolores facere ad culpa est veniam aliquam voluptatibus, ut omnis deserunt nisi.', 'possimus', 7799, NULL, '2020-07-14 11:43:24', '2021-06-26 20:46:54');
INSERT INTO `media` (`id`, `media_type_id`, `user_id`, `body`, `filename`, `size`, `metadata`, `created_at`, `updated_at`) VALUES ('19', '1', '59', 'Dolorum cum obcaecati iste nihil, minima reprehenderit quos?', 'excepturi', 4849, NULL, '2021-12-21 02:34:08', '2021-10-15 13:39:52');
INSERT INTO `media` (`id`, `media_type_id`, `user_id`, `body`, `filename`, `size`, `metadata`, `created_at`, `updated_at`) VALUES ('20', '3', '84', 'Esse omnis excepturi maxime quam dicta voluptates corporis tempora asperiores voluptate, perspiciatis harum ullam voluptatibus voluptas placeat, eos distinctio ipsum repudiandae harum nam possimus maiores error mollitia excepturi?', 'necessitatibus', 4619, NULL, '2020-08-01 12:04:00', '2020-04-13 14:27:27');
INSERT INTO `media` (`id`, `media_type_id`, `user_id`, `body`, `filename`, `size`, `metadata`, `created_at`, `updated_at`) VALUES ('21', '1', '36', 'Modi repudiandae ullam animi accusantium cumque, voluptatum eaque deleniti nihil perferendis quidem ratione similique, tempore voluptate commodi natus aperiam.', 'aspernatur', 4496, NULL, '2021-12-18 18:48:51', '2020-12-17 23:35:02');
INSERT INTO `media` (`id`, `media_type_id`, `user_id`, `body`, `filename`, `size`, `metadata`, `created_at`, `updated_at`) VALUES ('22', '2', '41', 'Magni ratione rem debitis minus tempore incidunt nostrum, delectus magnam consequatur voluptates sequi a perspiciatis quaerat, odit qui quibusdam voluptatibus libero harum, impedit perferendis eum eaque, repudiandae aliquam ipsam illum modi voluptatibus reiciendis?', 'iste', 3300, NULL, '2020-02-07 20:22:52', '2021-09-28 16:03:10');
INSERT INTO `media` (`id`, `media_type_id`, `user_id`, `body`, `filename`, `size`, `metadata`, `created_at`, `updated_at`) VALUES ('23', '1', '62', 'Fugit voluptatibus labore quam commodi, fugit id a aut cupiditate sapiente quo amet incidunt ipsa quis commodi.', 'totam', 3398, NULL, '2021-02-23 05:30:43', '2021-12-26 22:50:49');
INSERT INTO `media` (`id`, `media_type_id`, `user_id`, `body`, `filename`, `size`, `metadata`, `created_at`, `updated_at`) VALUES ('24', '2', '143', 'Eligendi ipsa consequuntur omnis quo magni, laudantium qui mollitia doloremque, corrupti eos labore nobis laborum omnis odio ad aliquid alias quisquam, amet alias perferendis eaque?', 'obcaecati', 1444, NULL, '2021-12-19 19:09:40', '2020-11-10 02:26:53');
INSERT INTO `media` (`id`, `media_type_id`, `user_id`, `body`, `filename`, `size`, `metadata`, `created_at`, `updated_at`) VALUES ('25', '1', '17', 'Cumque at ut sint, autem iure nostrum, tempore aspernatur sapiente neque quo quibusdam at magnam quod a itaque.', 'in', 3365, NULL, '2020-02-03 06:44:20', '2020-06-19 21:56:48');
INSERT INTO `media` (`id`, `media_type_id`, `user_id`, `body`, `filename`, `size`, `metadata`, `created_at`, `updated_at`) VALUES ('26', '2', '3', 'Hic velit eos nemo distinctio quidem voluptatem dolores labore at laudantium deserunt, facilis velit quasi assumenda dolores iure itaque?', 'adipisci', 5054, NULL, '2021-07-06 04:35:38', '2020-01-13 22:18:35');
INSERT INTO `media` (`id`, `media_type_id`, `user_id`, `body`, `filename`, `size`, `metadata`, `created_at`, `updated_at`) VALUES ('27', '1', '116', 'Ducimus a illum quasi assumenda quas amet quam laboriosam, aliquam eos porro.', 'sapiente', 8514, NULL, '2021-07-12 10:36:08', '2021-11-28 16:21:45');
INSERT INTO `media` (`id`, `media_type_id`, `user_id`, `body`, `filename`, `size`, `metadata`, `created_at`, `updated_at`) VALUES ('28', '3', '89', 'Quia at deleniti asperiores deserunt placeat repellat quaerat rem eum eaque ipsam, quaerat laboriosam enim asperiores doloremque amet quia optio pariatur.', 'deleniti', 5837, NULL, '2020-05-21 07:36:08', '2020-12-03 15:57:13');
INSERT INTO `media` (`id`, `media_type_id`, `user_id`, `body`, `filename`, `size`, `metadata`, `created_at`, `updated_at`) VALUES ('29', '3', '124', 'Illum magnam mollitia eos odio iusto velit obcaecati voluptate quibusdam, omnis atque iusto, consectetur pariatur eveniet tempora reprehenderit vero aliquid quis dolore atque asperiores, laudantium nesciunt nostrum cupiditate eligendi rem?', 'ratione', 2289, NULL, '2021-09-27 04:34:23', '2021-10-24 19:25:23');
INSERT INTO `media` (`id`, `media_type_id`, `user_id`, `body`, `filename`, `size`, `metadata`, `created_at`, `updated_at`) VALUES ('30', '1', '6', 'Voluptatum soluta facilis minima sunt quidem temporibus rem repellendus officia odit, laboriosam at consectetur fugiat pariatur odio cumque accusamus odit placeat officia, quia animi perferendis id quasi rem quae eius sunt assumenda aliquam, a reiciendis magni quos corporis itaque odio sapiente voluptatem eos?', 'voluptatem', 7897, NULL, '2020-08-01 23:07:44', '2020-02-11 00:50:26');
INSERT INTO `media` (`id`, `media_type_id`, `user_id`, `body`, `filename`, `size`, `metadata`, `created_at`, `updated_at`) VALUES ('31', '1', '38', 'Cupiditate blanditiis illum, perspiciatis possimus sapiente fugit temporibus rerum similique eaque, mollitia ipsam nesciunt est soluta corrupti reprehenderit quidem voluptate nihil sed?', 'tempore', 363, NULL, '2021-06-05 21:58:31', '2021-08-02 15:13:44');
INSERT INTO `media` (`id`, `media_type_id`, `user_id`, `body`, `filename`, `size`, `metadata`, `created_at`, `updated_at`) VALUES ('32', '4', '66', 'Nemo culpa atque natus explicabo aperiam, placeat asperiores est explicabo libero quidem iure deleniti iusto eligendi.', 'excepturi', 5347, NULL, '2021-09-23 18:19:11', '2020-01-27 04:15:34');
INSERT INTO `media` (`id`, `media_type_id`, `user_id`, `body`, `filename`, `size`, `metadata`, `created_at`, `updated_at`) VALUES ('33', '4', '10', 'Ullam non excepturi soluta nobis debitis amet vitae ipsum qui, rem voluptatem quia odio officia autem non voluptates, officiis numquam quo sint exercitationem et quibusdam id explicabo sequi fugit accusamus.', 'voluptas', 4387, NULL, '2021-07-06 14:16:48', '2020-04-06 15:42:46');
INSERT INTO `media` (`id`, `media_type_id`, `user_id`, `body`, `filename`, `size`, `metadata`, `created_at`, `updated_at`) VALUES ('34', '3', '69', 'Labore inventore in, et architecto pariatur obcaecati.', 'ex', 3279, NULL, '2020-12-15 11:47:13', '2020-10-20 17:28:07');
INSERT INTO `media` (`id`, `media_type_id`, `user_id`, `body`, `filename`, `size`, `metadata`, `created_at`, `updated_at`) VALUES ('35', '4', '73', 'Nulla animi enim veniam facere eius consequuntur voluptates commodi, ex vero qui itaque unde voluptates, vero sint asperiores obcaecati delectus necessitatibus eveniet iste, eum maxime sunt amet?', 'accusantium', 9853, NULL, '2020-06-05 03:07:41', '2021-02-12 06:56:12');
INSERT INTO `media` (`id`, `media_type_id`, `user_id`, `body`, `filename`, `size`, `metadata`, `created_at`, `updated_at`) VALUES ('36', '2', '134', 'Atque vitae eveniet dolor ad ipsum nam, odit praesentium natus obcaecati quos dicta rem, veniam rerum accusamus recusandae aspernatur deserunt, nostrum consectetur minus natus, ducimus aliquid voluptatum delectus et.', 'porro', 3200, NULL, '2020-10-10 20:51:20', '2021-11-19 15:39:14');
INSERT INTO `media` (`id`, `media_type_id`, `user_id`, `body`, `filename`, `size`, `metadata`, `created_at`, `updated_at`) VALUES ('37', '4', '24', 'Voluptatum nobis rerum quidem repellendus architecto officia, nesciunt repellat nam ipsa, id eos maxime modi odit, eius eum nihil ex quas a dolorum illo ullam iure ab enim?', 'voluptas', 2059, NULL, '2020-02-08 14:36:04', '2020-11-17 03:22:31');
INSERT INTO `media` (`id`, `media_type_id`, `user_id`, `body`, `filename`, `size`, `metadata`, `created_at`, `updated_at`) VALUES ('38', '4', '83', 'Voluptate soluta aut, consequuntur ab amet nisi vero perspiciatis ducimus?', 'laudantium', 4840, NULL, '2020-03-23 12:33:17', '2021-06-03 05:00:18');
INSERT INTO `media` (`id`, `media_type_id`, `user_id`, `body`, `filename`, `size`, `metadata`, `created_at`, `updated_at`) VALUES ('39', '2', '106', 'Optio quae iure dicta minima rerum odit harum ullam eius temporibus eaque, magni illo nemo eius sunt nam ipsa libero ullam provident sequi natus.', 'aperiam', 1417, NULL, '2021-08-06 09:14:45', '2020-10-14 17:01:40');
INSERT INTO `media` (`id`, `media_type_id`, `user_id`, `body`, `filename`, `size`, `metadata`, `created_at`, `updated_at`) VALUES ('40', '3', '126', 'Libero doloremque officiis, nemo eum dolorum maiores et nesciunt debitis cupiditate deserunt, expedita consequatur accusantium consequuntur nulla.', 'vel', 2222, NULL, '2020-06-05 10:11:53', '2021-11-15 11:52:43');
INSERT INTO `media` (`id`, `media_type_id`, `user_id`, `body`, `filename`, `size`, `metadata`, `created_at`, `updated_at`) VALUES ('41', '3', '138', 'Consequatur quidem qui repellendus porro laudantium explicabo quisquam, a aut deserunt quae alias numquam iste praesentium dolore obcaecati minus harum, reprehenderit harum nulla corrupti dignissimos consequatur facere optio alias explicabo placeat.', 'cum', 6208, NULL, '2021-04-06 21:31:32', '2021-08-09 11:14:13');
INSERT INTO `media` (`id`, `media_type_id`, `user_id`, `body`, `filename`, `size`, `metadata`, `created_at`, `updated_at`) VALUES ('42', '4', '35', 'Non similique rem dolorem laboriosam reprehenderit, esse voluptatum possimus, deserunt optio amet distinctio aut fugiat dolore neque placeat adipisci quas hic?', 'voluptate', 1532, NULL, '2021-03-03 06:20:55', '2020-02-05 09:25:01');
INSERT INTO `media` (`id`, `media_type_id`, `user_id`, `body`, `filename`, `size`, `metadata`, `created_at`, `updated_at`) VALUES ('43', '4', '4', 'Itaque reprehenderit fugit dicta labore dolor pariatur, soluta odio dignissimos.', 'sequi', 9230, NULL, '2021-02-25 13:18:48', '2020-08-14 09:57:06');
INSERT INTO `media` (`id`, `media_type_id`, `user_id`, `body`, `filename`, `size`, `metadata`, `created_at`, `updated_at`) VALUES ('44', '4', '139', 'Magnam quod minima nemo voluptates tenetur delectus, ipsam necessitatibus vel aspernatur eius, et quos vitae.', 'fugit', 5036, NULL, '2020-06-07 08:56:18', '2021-12-24 22:46:51');
INSERT INTO `media` (`id`, `media_type_id`, `user_id`, `body`, `filename`, `size`, `metadata`, `created_at`, `updated_at`) VALUES ('45', '4', '84', 'Hic esse fugit aut beatae neque vitae voluptates, quisquam porro quod.', 'omnis', 7473, NULL, '2020-07-11 10:36:09', '2021-05-21 17:05:16');
INSERT INTO `media` (`id`, `media_type_id`, `user_id`, `body`, `filename`, `size`, `metadata`, `created_at`, `updated_at`) VALUES ('46', '2', '124', 'Temporibus reprehenderit fugiat dolore perspiciatis quam libero saepe, est nam perferendis eaque voluptatem alias voluptatum repellendus qui illum accusantium, necessitatibus deleniti ex dolor nam aliquam, eaque exercitationem dicta accusantium voluptates, vel odio incidunt voluptatum aperiam soluta?', 'accusantium', 3299, NULL, '2021-02-14 00:29:36', '2020-01-19 02:43:20');
INSERT INTO `media` (`id`, `media_type_id`, `user_id`, `body`, `filename`, `size`, `metadata`, `created_at`, `updated_at`) VALUES ('47', '1', '125', 'Officia voluptate perferendis assumenda maiores quia recusandae aliquid voluptatem vitae, possimus eos necessitatibus inventore, nisi in ad sapiente praesentium accusamus dolores dicta architecto at.', 'voluptate', 1152, NULL, '2021-12-01 02:11:43', '2020-07-26 19:23:18');
INSERT INTO `media` (`id`, `media_type_id`, `user_id`, `body`, `filename`, `size`, `metadata`, `created_at`, `updated_at`) VALUES ('48', '4', '60', 'Non quasi blanditiis nisi, nostrum corporis optio at minus deleniti id voluptatum modi incidunt, veniam molestias dolor accusantium ex fuga, eligendi itaque perferendis qui repellat atque nostrum dolorum, minus omnis sunt ipsum repellendus culpa suscipit quae voluptatibus tenetur.', 'quis', 9242, NULL, '2020-03-16 18:15:07', '2020-06-03 02:08:31');
INSERT INTO `media` (`id`, `media_type_id`, `user_id`, `body`, `filename`, `size`, `metadata`, `created_at`, `updated_at`) VALUES ('49', '1', '89', 'Iure illum sapiente reprehenderit quia, odit dolore minima eveniet totam delectus fugiat eligendi, cumque ullam magni velit quidem dignissimos praesentium voluptatem natus hic corrupti neque, at laudantium modi perferendis non?', 'laboriosam', 1276, NULL, '2021-01-09 15:06:03', '2021-12-08 17:56:26');
INSERT INTO `media` (`id`, `media_type_id`, `user_id`, `body`, `filename`, `size`, `metadata`, `created_at`, `updated_at`) VALUES ('50', '3', '40', 'Corrupti maiores consequatur repudiandae soluta error, eveniet adipisci magni nesciunt ad culpa animi quibusdam totam, iure nobis suscipit culpa rerum quae, quas reprehenderit cumque esse odit, perferendis quaerat illum quos quam laborum labore enim fugit quis?', 'harum', 7445, NULL, '2021-09-04 17:11:32', '2020-02-16 08:20:15');
INSERT INTO `media` (`id`, `media_type_id`, `user_id`, `body`, `filename`, `size`, `metadata`, `created_at`, `updated_at`) VALUES ('51', '3', '12', 'Molestias dolore magnam recusandae repellat illum, dignissimos incidunt repellat corporis aliquid dolor, iste eligendi ipsa recusandae.', 'perspiciatis', 9376, NULL, '2020-01-24 02:14:30', '2020-11-11 14:20:44');
INSERT INTO `media` (`id`, `media_type_id`, `user_id`, `body`, `filename`, `size`, `metadata`, `created_at`, `updated_at`) VALUES ('52', '2', '29', 'Sed atque optio nostrum tempora soluta rem, tempore iste voluptas reprehenderit voluptate incidunt eum ducimus distinctio, pariatur cum aliquid doloremque laboriosam excepturi enim consectetur molestiae, facilis reprehenderit asperiores id quia exercitationem explicabo minus.', 'nesciunt', 1792, NULL, '2020-03-07 15:50:25', '2021-05-21 14:58:30');
INSERT INTO `media` (`id`, `media_type_id`, `user_id`, `body`, `filename`, `size`, `metadata`, `created_at`, `updated_at`) VALUES ('53', '4', '1', 'Eos fuga sequi, voluptatum doloribus numquam modi laborum asperiores vero aliquam molestiae maiores, nisi neque esse veniam, ullam maxime odit possimus, molestias velit voluptate enim neque.', 'eos', 2101, NULL, '2021-05-21 12:20:11', '2021-01-27 20:53:16');
INSERT INTO `media` (`id`, `media_type_id`, `user_id`, `body`, `filename`, `size`, `metadata`, `created_at`, `updated_at`) VALUES ('54', '1', '125', 'Deserunt perspiciatis exercitationem, perferendis laborum corporis praesentium, sed ratione sequi accusamus veritatis cum eos iusto fugit, assumenda temporibus rerum saepe id iusto maiores ullam, doloribus eaque nobis.', 'in', 2189, NULL, '2021-01-16 02:54:31', '2021-02-12 19:03:47');
INSERT INTO `media` (`id`, `media_type_id`, `user_id`, `body`, `filename`, `size`, `metadata`, `created_at`, `updated_at`) VALUES ('55', '1', '105', 'Consequuntur laboriosam facere tenetur tempora officiis obcaecati repellat, ratione ex ad dicta repudiandae pariatur nisi deserunt placeat maxime ullam est, porro illum dolore at necessitatibus molestiae soluta tenetur?', 'nesciunt', 7348, NULL, '2020-04-08 23:07:26', '2020-09-17 16:24:33');
INSERT INTO `media` (`id`, `media_type_id`, `user_id`, `body`, `filename`, `size`, `metadata`, `created_at`, `updated_at`) VALUES ('56', '4', '84', 'Labore commodi animi suscipit libero eligendi quod nostrum odit voluptate voluptates, debitis obcaecati quae veniam illum odio accusantium dignissimos soluta saepe assumenda, mollitia iste consequuntur suscipit et animi corrupti molestias, nisi recusandae distinctio dolor ipsa sapiente harum sunt impedit?', 'debitis', 3233, NULL, '2020-07-15 06:52:01', '2021-07-11 20:11:02');
INSERT INTO `media` (`id`, `media_type_id`, `user_id`, `body`, `filename`, `size`, `metadata`, `created_at`, `updated_at`) VALUES ('57', '2', '136', 'Ea non voluptates molestiae modi incidunt architecto quo quam deserunt, atque nemo illum, cupiditate ipsum sapiente fugit nulla minus id facilis, odio fugit iste nesciunt voluptatum aliquid quas?', 'magni', 3872, NULL, '2020-06-19 20:27:06', '2020-09-21 18:27:01');
INSERT INTO `media` (`id`, `media_type_id`, `user_id`, `body`, `filename`, `size`, `metadata`, `created_at`, `updated_at`) VALUES ('58', '2', '76', 'Iusto earum nostrum quisquam nihil nulla omnis facilis provident consectetur possimus quo, facilis blanditiis deleniti, tempora excepturi ipsam dicta unde dolorem voluptatibus ipsum asperiores facilis ullam pariatur?', 'dicta', 8653, NULL, '2021-08-12 05:36:25', '2020-06-05 06:26:23');
INSERT INTO `media` (`id`, `media_type_id`, `user_id`, `body`, `filename`, `size`, `metadata`, `created_at`, `updated_at`) VALUES ('59', '4', '24', 'Architecto sunt officia deserunt, rerum molestiae voluptate, corrupti facilis quae, nulla beatae possimus fugit quo aperiam?', 'illum', 4126, NULL, '2021-05-23 10:07:21', '2021-09-12 17:53:40');
INSERT INTO `media` (`id`, `media_type_id`, `user_id`, `body`, `filename`, `size`, `metadata`, `created_at`, `updated_at`) VALUES ('60', '4', '141', 'Porro rerum corporis blanditiis, corporis possimus architecto aut a dignissimos accusamus et, esse dignissimos voluptatibus dolor praesentium enim adipisci laudantium molestias harum?', 'debitis', 7182, NULL, '2020-06-08 16:00:55', '2021-02-22 17:49:58');
INSERT INTO `media` (`id`, `media_type_id`, `user_id`, `body`, `filename`, `size`, `metadata`, `created_at`, `updated_at`) VALUES ('61', '1', '77', 'Non ipsum minima, provident iste repellendus voluptas pariatur dolorem repudiandae labore molestiae iusto at, quia repellendus minus impedit obcaecati?', 'error', 4117, NULL, '2020-10-24 12:03:08', '2021-04-04 03:23:05');
INSERT INTO `media` (`id`, `media_type_id`, `user_id`, `body`, `filename`, `size`, `metadata`, `created_at`, `updated_at`) VALUES ('62', '2', '92', 'Dicta magnam nemo atque cum, amet doloribus autem ipsum repellat perferendis cum asperiores sint, aliquid repellat impedit blanditiis nihil explicabo dolores placeat architecto natus, officia voluptates optio enim minima reprehenderit quisquam at autem consectetur asperiores?', 'porro', 5521, NULL, '2020-06-09 20:36:54', '2020-12-16 21:10:20');
INSERT INTO `media` (`id`, `media_type_id`, `user_id`, `body`, `filename`, `size`, `metadata`, `created_at`, `updated_at`) VALUES ('63', '2', '62', 'Repellat commodi quisquam laudantium, facilis culpa error sint pariatur cumque ullam et maxime quaerat, ullam ad in saepe architecto laudantium assumenda quam, consequatur temporibus ea quasi eos recusandae laborum accusantium labore praesentium esse voluptatum?', 'atque', 8546, NULL, '2020-04-16 15:37:00', '2021-07-25 05:57:54');
INSERT INTO `media` (`id`, `media_type_id`, `user_id`, `body`, `filename`, `size`, `metadata`, `created_at`, `updated_at`) VALUES ('64', '4', '133', 'Voluptate modi eaque maiores vitae sint obcaecati nemo et quia nostrum, ipsa esse porro perspiciatis vero nostrum sunt quaerat velit expedita sequi itaque, optio at eum corporis?', 'consequuntur', 562, NULL, '2021-01-03 22:56:03', '2021-12-24 15:11:13');
INSERT INTO `media` (`id`, `media_type_id`, `user_id`, `body`, `filename`, `size`, `metadata`, `created_at`, `updated_at`) VALUES ('65', '4', '91', 'Iure nobis animi error aspernatur placeat nam nostrum ut dicta molestias, cupiditate deleniti perspiciatis illum repellendus sequi exercitationem, magni possimus adipisci suscipit quam repellendus itaque, itaque molestias id quos tenetur.', 'quas', 7465, NULL, '2020-02-02 00:07:19', '2021-09-18 04:28:17');
INSERT INTO `media` (`id`, `media_type_id`, `user_id`, `body`, `filename`, `size`, `metadata`, `created_at`, `updated_at`) VALUES ('66', '1', '34', 'Beatae voluptas minus debitis delectus, temporibus ab expedita blanditiis voluptates?', 'delectus', 1557, NULL, '2020-03-12 20:22:28', '2020-04-26 10:35:14');
INSERT INTO `media` (`id`, `media_type_id`, `user_id`, `body`, `filename`, `size`, `metadata`, `created_at`, `updated_at`) VALUES ('67', '4', '7', 'Accusamus culpa perspiciatis modi voluptatum assumenda quas officiis delectus explicabo placeat, accusamus quidem eum eaque inventore consequatur minus voluptas, illo ut beatae minima?', 'perferendis', 8648, NULL, '2020-10-14 06:15:31', '2021-07-23 06:17:54');
INSERT INTO `media` (`id`, `media_type_id`, `user_id`, `body`, `filename`, `size`, `metadata`, `created_at`, `updated_at`) VALUES ('68', '4', '124', 'Mollitia dicta ut magni, officiis officia molestiae magnam maiores, ipsa officiis beatae molestias impedit tempore officia adipisci voluptas commodi, voluptates neque vitae eius doloremque ipsa aliquid earum repudiandae asperiores facilis quam, illo porro perferendis facere ad eligendi suscipit vel?', 'ad', 7987, NULL, '2021-04-01 05:12:03', '2020-06-28 09:16:56');
INSERT INTO `media` (`id`, `media_type_id`, `user_id`, `body`, `filename`, `size`, `metadata`, `created_at`, `updated_at`) VALUES ('69', '4', '125', 'Reiciendis exercitationem similique nulla aliquam ab non doloremque, voluptatem asperiores sunt, temporibus ipsa voluptates, architecto illum sint reprehenderit debitis nam optio libero possimus sapiente facilis, placeat minus quos hic rem sint ea et repellat molestiae corrupti dolorem?', 'et', 9537, NULL, '2020-08-10 05:51:21', '2021-11-11 02:22:41');
INSERT INTO `media` (`id`, `media_type_id`, `user_id`, `body`, `filename`, `size`, `metadata`, `created_at`, `updated_at`) VALUES ('70', '2', '35', 'Temporibus perferendis quo maiores ducimus sint voluptatibus asperiores eaque, ducimus expedita dolores fuga quod neque, magni iure exercitationem aspernatur ducimus illo velit, maiores optio sequi eligendi quasi dolore perferendis dicta laboriosam, illum velit voluptatum blanditiis ex itaque exercitationem dolore laboriosam eos?', 'nesciunt', 6428, NULL, '2021-08-24 10:23:01', '2021-06-10 01:01:50');
INSERT INTO `media` (`id`, `media_type_id`, `user_id`, `body`, `filename`, `size`, `metadata`, `created_at`, `updated_at`) VALUES ('71', '1', '36', 'Iste ullam ut rem tempora veniam explicabo reiciendis error illum accusantium perspiciatis, ea veniam omnis tenetur temporibus, iure error consequuntur quas perferendis?', 'rem', 4979, NULL, '2020-09-21 01:36:41', '2021-06-24 18:13:17');
INSERT INTO `media` (`id`, `media_type_id`, `user_id`, `body`, `filename`, `size`, `metadata`, `created_at`, `updated_at`) VALUES ('72', '3', '108', 'Temporibus ratione architecto harum nihil nulla, temporibus perspiciatis nulla odio earum expedita fugit laudantium deleniti, officia velit nemo id molestiae vitae ipsum illo doloribus.', 'reprehenderit', 2501, NULL, '2020-02-10 02:24:57', '2020-08-02 11:31:41');
INSERT INTO `media` (`id`, `media_type_id`, `user_id`, `body`, `filename`, `size`, `metadata`, `created_at`, `updated_at`) VALUES ('73', '2', '68', 'Amet minus ipsam, fuga deserunt eius corrupti, ipsa a nostrum quas porro laboriosam distinctio quisquam, suscipit deleniti sequi quisquam nemo maxime quod sit in minus, qui perspiciatis perferendis nemo nesciunt quisquam maiores sed?', 'ratione', 4305, NULL, '2021-02-25 12:33:45', '2021-11-17 19:24:38');
INSERT INTO `media` (`id`, `media_type_id`, `user_id`, `body`, `filename`, `size`, `metadata`, `created_at`, `updated_at`) VALUES ('74', '4', '132', 'Perspiciatis nisi quaerat consectetur voluptas mollitia incidunt corporis, laudantium facilis quo, quidem dolore eum recusandae ipsa ipsam fuga nemo cum aut voluptatibus esse?', 'excepturi', 6539, NULL, '2021-04-03 23:55:11', '2021-04-02 22:55:02');
INSERT INTO `media` (`id`, `media_type_id`, `user_id`, `body`, `filename`, `size`, `metadata`, `created_at`, `updated_at`) VALUES ('75', '3', '54', 'Error quas officia molestias nemo cum neque ratione esse veritatis fugit, nulla adipisci pariatur optio eligendi vitae ratione suscipit doloribus eos voluptatum.', 'repellat', 6024, NULL, '2020-01-21 10:47:17', '2021-08-01 00:40:19');
INSERT INTO `media` (`id`, `media_type_id`, `user_id`, `body`, `filename`, `size`, `metadata`, `created_at`, `updated_at`) VALUES ('76', '1', '74', 'Quo soluta quaerat optio at, commodi mollitia ab pariatur delectus accusantium quam amet vitae sit?', 'unde', 771, NULL, '2021-10-27 02:32:37', '2021-12-24 18:18:12');
INSERT INTO `media` (`id`, `media_type_id`, `user_id`, `body`, `filename`, `size`, `metadata`, `created_at`, `updated_at`) VALUES ('77', '1', '73', 'Exercitationem perferendis suscipit placeat enim, sit molestias officiis voluptatum porro voluptate nisi magnam, distinctio impedit debitis natus autem quia necessitatibus dolorem, nisi blanditiis ipsam quis cupiditate modi ea harum ipsa veritatis nam ad, magnam fuga atque nulla excepturi pariatur at.', 'repellendus', 2637, NULL, '2020-12-23 07:15:57', '2021-01-10 20:50:42');
INSERT INTO `media` (`id`, `media_type_id`, `user_id`, `body`, `filename`, `size`, `metadata`, `created_at`, `updated_at`) VALUES ('78', '2', '78', 'Ipsam est illum totam dicta sint maiores eaque, placeat magni suscipit deserunt harum sed minus recusandae corporis ullam molestiae autem, sapiente vitae illum aliquid quibusdam adipisci?', 'cum', 7501, NULL, '2020-12-11 00:57:31', '2021-05-23 00:48:42');
INSERT INTO `media` (`id`, `media_type_id`, `user_id`, `body`, `filename`, `size`, `metadata`, `created_at`, `updated_at`) VALUES ('79', '1', '75', 'Quod aperiam quasi voluptates, laboriosam expedita aliquam repudiandae blanditiis, reprehenderit veritatis culpa ex saepe fuga maxime ut sunt magni, in reprehenderit rerum atque mollitia exercitationem illo sunt voluptas, perspiciatis dolore nemo nam dolor fugiat quod consectetur molestias.', 'sit', 5746, NULL, '2020-08-19 23:24:08', '2020-09-09 12:15:58');
INSERT INTO `media` (`id`, `media_type_id`, `user_id`, `body`, `filename`, `size`, `metadata`, `created_at`, `updated_at`) VALUES ('80', '2', '147', 'Nobis quo quod corporis quas facilis fugiat inventore, culpa expedita nam praesentium perspiciatis repellat, harum vel illo hic quidem, veniam assumenda at perspiciatis minima ullam excepturi necessitatibus cupiditate dolor quae?', 'eos', 5745, NULL, '2020-10-27 01:08:02', '2021-07-01 06:38:10');
INSERT INTO `media` (`id`, `media_type_id`, `user_id`, `body`, `filename`, `size`, `metadata`, `created_at`, `updated_at`) VALUES ('81', '4', '24', 'Fugiat adipisci esse tempora repudiandae, facere veritatis perspiciatis laudantium ut iure aliquid commodi itaque, possimus labore iusto odio dicta, alias recusandae harum dicta asperiores odit mollitia?', 'laborum', 6579, NULL, '2021-08-11 16:30:16', '2020-05-14 03:14:04');
INSERT INTO `media` (`id`, `media_type_id`, `user_id`, `body`, `filename`, `size`, `metadata`, `created_at`, `updated_at`) VALUES ('82', '3', '48', 'Earum sunt facilis autem tempore expedita omnis labore fuga aliquid dignissimos illo, officia dolores ullam voluptatum nemo, rerum qui facilis, eius aliquam quibusdam officiis voluptas consequuntur?', 'quis', 525, NULL, '2020-05-08 12:21:15', '2020-07-08 02:30:18');
INSERT INTO `media` (`id`, `media_type_id`, `user_id`, `body`, `filename`, `size`, `metadata`, `created_at`, `updated_at`) VALUES ('83', '1', '122', 'Consectetur excepturi aut, doloremque facilis libero mollitia quisquam quos possimus sapiente ipsam et, modi ullam itaque eos minima?', 'dolorem', 7561, NULL, '2020-03-14 08:39:32', '2020-08-02 11:40:50');
INSERT INTO `media` (`id`, `media_type_id`, `user_id`, `body`, `filename`, `size`, `metadata`, `created_at`, `updated_at`) VALUES ('84', '1', '117', 'Illo inventore fugiat ipsam itaque dignissimos voluptate quis corporis quo, rem veniam quo cumque distinctio vero laborum facilis?', 'maiores', 887, NULL, '2021-07-03 03:22:31', '2020-06-10 17:45:12');
INSERT INTO `media` (`id`, `media_type_id`, `user_id`, `body`, `filename`, `size`, `metadata`, `created_at`, `updated_at`) VALUES ('85', '2', '24', 'Minus explicabo impedit nulla reprehenderit, voluptatibus beatae unde maiores debitis eligendi harum vitae doloribus in iusto architecto, incidunt vel rerum necessitatibus reprehenderit cum soluta quos, ex quibusdam in repellendus harum?', 'maxime', 6076, NULL, '2020-09-25 07:07:03', '2021-02-09 20:06:11');
INSERT INTO `media` (`id`, `media_type_id`, `user_id`, `body`, `filename`, `size`, `metadata`, `created_at`, `updated_at`) VALUES ('86', '1', '130', 'Culpa ex quo totam iure, ducimus blanditiis officiis in nesciunt voluptas tempora illo magni sed quisquam omnis, odio corporis quibusdam quidem aliquam reprehenderit alias dolor mollitia, fugiat quisquam sequi rerum aperiam a nemo inventore molestias molestiae, sunt sequi rem fugiat autem tempora consequuntur alias nesciunt a ab?', 'provident', 214, NULL, '2020-03-10 15:22:26', '2020-05-28 11:20:11');
INSERT INTO `media` (`id`, `media_type_id`, `user_id`, `body`, `filename`, `size`, `metadata`, `created_at`, `updated_at`) VALUES ('87', '3', '68', 'Reprehenderit ullam error odit, inventore nesciunt quidem blanditiis, non omnis dolore quis modi distinctio optio quibusdam nisi atque, doloremque consectetur ipsum fugit ipsam eaque voluptas cum maiores, ut dolor deleniti nam esse?', 'ipsam', 3283, NULL, '2020-07-01 01:28:21', '2021-10-01 02:44:36');
INSERT INTO `media` (`id`, `media_type_id`, `user_id`, `body`, `filename`, `size`, `metadata`, `created_at`, `updated_at`) VALUES ('88', '3', '134', 'Aspernatur hic sapiente dolor, cum beatae quod eveniet similique velit?', 'quaerat', 4013, NULL, '2020-02-03 00:06:56', '2020-07-15 19:00:27');
INSERT INTO `media` (`id`, `media_type_id`, `user_id`, `body`, `filename`, `size`, `metadata`, `created_at`, `updated_at`) VALUES ('89', '2', '123', 'Quasi placeat perferendis inventore in voluptatem beatae rerum, debitis sapiente repellendus quos laudantium dolore recusandae, quisquam consectetur debitis pariatur, sed iusto temporibus nisi.', 'quidem', 6657, NULL, '2021-10-04 13:06:43', '2020-07-13 15:50:43');
INSERT INTO `media` (`id`, `media_type_id`, `user_id`, `body`, `filename`, `size`, `metadata`, `created_at`, `updated_at`) VALUES ('90', '4', '3', 'Architecto unde totam fugiat quaerat corporis mollitia illo ipsa velit, sequi odit ex dolor necessitatibus dolore provident, aperiam voluptatibus at numquam vitae debitis vero cum fuga dignissimos minus, unde veniam suscipit doloremque quasi, possimus ut tempore nulla earum.', 'quia', 7830, NULL, '2020-11-16 18:09:02', '2020-01-18 04:39:56');
INSERT INTO `media` (`id`, `media_type_id`, `user_id`, `body`, `filename`, `size`, `metadata`, `created_at`, `updated_at`) VALUES ('91', '2', '117', 'Similique rem in nihil unde, quidem dolorum aliquam et reiciendis modi fugiat ipsam ducimus iste ab praesentium, qui consequatur aliquid?', 'repudiandae', 4853, NULL, '2021-07-20 19:22:11', '2021-09-20 18:48:17');
INSERT INTO `media` (`id`, `media_type_id`, `user_id`, `body`, `filename`, `size`, `metadata`, `created_at`, `updated_at`) VALUES ('92', '2', '17', 'Rem enim dolores consequatur animi, pariatur omnis nam, laboriosam provident saepe quasi autem nesciunt voluptatem, molestiae dolorum aliquam quo?', 'magnam', 8289, NULL, '2020-05-03 02:37:37', '2020-08-28 04:20:08');
INSERT INTO `media` (`id`, `media_type_id`, `user_id`, `body`, `filename`, `size`, `metadata`, `created_at`, `updated_at`) VALUES ('93', '3', '25', 'Quis totam aliquam blanditiis eligendi aspernatur, recusandae quia tempore.', 'ea', 3980, NULL, '2020-05-25 20:27:02', '2020-11-19 23:38:49');
INSERT INTO `media` (`id`, `media_type_id`, `user_id`, `body`, `filename`, `size`, `metadata`, `created_at`, `updated_at`) VALUES ('94', '2', '116', 'Error fuga cum, beatae iusto dignissimos aliquid repudiandae incidunt labore culpa eos, hic tenetur repudiandae, alias ipsa ipsum?', 'deserunt', 37, NULL, '2021-05-04 14:32:48', '2021-07-22 00:17:21');
INSERT INTO `media` (`id`, `media_type_id`, `user_id`, `body`, `filename`, `size`, `metadata`, `created_at`, `updated_at`) VALUES ('95', '3', '32', 'Doloribus totam explicabo dolorem architecto ex quo quidem voluptatem placeat, culpa dolore ipsa exercitationem earum corporis in consequuntur soluta molestiae accusantium hic?', 'eaque', 9396, NULL, '2021-12-17 06:25:33', '2020-09-15 11:03:02');
INSERT INTO `media` (`id`, `media_type_id`, `user_id`, `body`, `filename`, `size`, `metadata`, `created_at`, `updated_at`) VALUES ('96', '4', '29', 'Magnam atque est quas iure sunt laborum sed officiis, ipsa commodi placeat sit culpa debitis vitae laboriosam nihil temporibus, voluptate impedit et alias, necessitatibus dicta dignissimos rerum.', 'dolores', 8359, NULL, '2021-09-27 02:01:22', '2021-10-26 18:27:53');
INSERT INTO `media` (`id`, `media_type_id`, `user_id`, `body`, `filename`, `size`, `metadata`, `created_at`, `updated_at`) VALUES ('97', '3', '25', 'Ipsum labore nesciunt aliquid voluptates praesentium aliquam, distinctio aliquam nesciunt sapiente ut voluptate aliquid cupiditate velit vitae totam?', 'temporibus', 7792, NULL, '2020-04-15 15:39:16', '2020-03-09 19:39:46');
INSERT INTO `media` (`id`, `media_type_id`, `user_id`, `body`, `filename`, `size`, `metadata`, `created_at`, `updated_at`) VALUES ('98', '1', '73', 'Assumenda sequi quisquam repellendus vitae eaque ipsum, dolore deserunt vel odio autem temporibus porro saepe veritatis quae unde quod?', 'magni', 2963, NULL, '2020-08-27 20:10:20', '2021-08-23 09:59:56');
INSERT INTO `media` (`id`, `media_type_id`, `user_id`, `body`, `filename`, `size`, `metadata`, `created_at`, `updated_at`) VALUES ('99', '1', '48', 'Nisi perspiciatis corporis recusandae suscipit libero, labore maiores provident impedit ullam facilis expedita quas adipisci doloremque nesciunt, id nisi commodi deleniti dolores, ab itaque quas similique.', 'cum', 9451, NULL, '2021-06-27 18:28:53', '2020-08-21 00:20:54');
INSERT INTO `media` (`id`, `media_type_id`, `user_id`, `body`, `filename`, `size`, `metadata`, `created_at`, `updated_at`) VALUES ('100', '4', '19', 'Neque eligendi alias delectus vero quod, odit non minima impedit laboriosam nesciunt est culpa ex fugit ea, laborum placeat fugiat praesentium autem rerum ex eveniet.', 'atque', 2230, NULL, '2021-05-12 19:31:08', '2020-04-21 01:05:41');
INSERT INTO `media` (`id`, `media_type_id`, `user_id`, `body`, `filename`, `size`, `metadata`, `created_at`, `updated_at`) VALUES ('101', '4', '90', 'Fuga quos quibusdam, maiores vitae et consequuntur nam, natus officia fugiat, et reprehenderit ut praesentium cupiditate delectus.', 'ex', 4483, NULL, '2021-04-16 22:00:01', '2021-05-27 09:23:40');
INSERT INTO `media` (`id`, `media_type_id`, `user_id`, `body`, `filename`, `size`, `metadata`, `created_at`, `updated_at`) VALUES ('102', '3', '77', 'Adipisci porro illum praesentium earum, tenetur eum unde culpa aut illum natus nam neque?', 'maxime', 8783, NULL, '2021-07-13 04:47:50', '2020-01-05 10:49:01');
INSERT INTO `media` (`id`, `media_type_id`, `user_id`, `body`, `filename`, `size`, `metadata`, `created_at`, `updated_at`) VALUES ('103', '2', '109', 'Quisquam iure pariatur ullam odio corporis, doloribus corporis rem est nulla illo vel et, optio perspiciatis aperiam quidem suscipit.', 'id', 8197, NULL, '2020-06-13 06:32:36', '2020-06-23 14:57:22');
INSERT INTO `media` (`id`, `media_type_id`, `user_id`, `body`, `filename`, `size`, `metadata`, `created_at`, `updated_at`) VALUES ('104', '1', '70', 'Culpa minus nesciunt totam autem voluptatum veniam, facilis ipsam ipsa rerum ducimus blanditiis, eaque quae accusamus perspiciatis ullam tempore minima aliquam eveniet reiciendis consectetur qui.', 'asperiores', 5460, NULL, '2021-01-04 12:15:29', '2021-07-21 15:58:59');
INSERT INTO `media` (`id`, `media_type_id`, `user_id`, `body`, `filename`, `size`, `metadata`, `created_at`, `updated_at`) VALUES ('105', '1', '35', 'Iste qui possimus debitis nemo optio aliquid eos ad nihil totam perferendis, earum cupiditate error beatae officia voluptas, praesentium enim velit cumque recusandae, iste qui rem illo doloribus illum.', 'quasi', 7229, NULL, '2021-09-19 20:49:57', '2020-05-02 03:38:05');
INSERT INTO `media` (`id`, `media_type_id`, `user_id`, `body`, `filename`, `size`, `metadata`, `created_at`, `updated_at`) VALUES ('106', '4', '82', 'Tempore facilis libero blanditiis, consequuntur distinctio at quam id cumque eligendi aliquam vitae autem, quasi ratione vero soluta, repellat inventore unde laborum culpa incidunt eaque nesciunt neque nam, harum maxime inventore voluptate?', 'tenetur', 1085, NULL, '2020-09-04 21:52:48', '2020-11-27 21:23:44');
INSERT INTO `media` (`id`, `media_type_id`, `user_id`, `body`, `filename`, `size`, `metadata`, `created_at`, `updated_at`) VALUES ('107', '1', '74', 'Voluptatem nemo adipisci hic excepturi est nulla reiciendis fugiat id aliquid, blanditiis sint quisquam magni quasi, facilis quam eius quod neque corrupti atque voluptatibus autem, sint quasi quibusdam maiores quam placeat corporis odit cum.', 'assumenda', 3409, NULL, '2020-08-11 23:54:08', '2020-11-08 04:12:50');
INSERT INTO `media` (`id`, `media_type_id`, `user_id`, `body`, `filename`, `size`, `metadata`, `created_at`, `updated_at`) VALUES ('108', '4', '113', 'Eveniet voluptatibus asperiores quas adipisci nobis facere, inventore mollitia tempore molestiae voluptas?', 'distinctio', 7866, NULL, '2021-01-17 23:53:51', '2021-03-09 03:36:48');
INSERT INTO `media` (`id`, `media_type_id`, `user_id`, `body`, `filename`, `size`, `metadata`, `created_at`, `updated_at`) VALUES ('109', '1', '74', 'Quod minus optio libero nobis quisquam expedita placeat esse, suscipit officia quam tempore eaque delectus temporibus, ipsum quo doloribus et dolores magnam repudiandae impedit sint quae assumenda?', 'quibusdam', 6034, NULL, '2021-03-17 18:11:17', '2020-10-17 21:05:39');
INSERT INTO `media` (`id`, `media_type_id`, `user_id`, `body`, `filename`, `size`, `metadata`, `created_at`, `updated_at`) VALUES ('110', '1', '2', 'Ipsam assumenda quibusdam architecto sequi molestias distinctio tempora voluptates saepe laboriosam, aspernatur consequatur voluptatum aliquam culpa possimus, consequuntur ipsum fuga debitis esse, nulla incidunt in?', 'ducimus', 8664, NULL, '2021-03-09 21:48:30', '2020-12-03 04:45:15');
INSERT INTO `media` (`id`, `media_type_id`, `user_id`, `body`, `filename`, `size`, `metadata`, `created_at`, `updated_at`) VALUES ('111', '2', '140', 'Voluptate voluptates id culpa tempora voluptatem hic magni autem obcaecati vitae, magni rerum eius eveniet blanditiis distinctio temporibus, aspernatur modi ad veritatis, molestias libero numquam architecto, beatae magni quaerat eius nulla dicta dignissimos id quis fuga eaque.', 'ab', 985, NULL, '2020-09-11 16:43:44', '2020-10-07 00:46:12');
INSERT INTO `media` (`id`, `media_type_id`, `user_id`, `body`, `filename`, `size`, `metadata`, `created_at`, `updated_at`) VALUES ('112', '3', '24', 'Ipsam eum vitae eaque autem at facere exercitationem, delectus asperiores nihil id distinctio accusantium illum, pariatur libero porro sed illo ratione magnam ex rerum beatae, nobis quaerat possimus eos corporis cum molestiae dolorem sunt.', 'animi', 4204, NULL, '2020-11-27 15:01:21', '2020-04-03 11:38:58');
INSERT INTO `media` (`id`, `media_type_id`, `user_id`, `body`, `filename`, `size`, `metadata`, `created_at`, `updated_at`) VALUES ('113', '2', '127', 'Ad odio corrupti porro suscipit aperiam possimus explicabo commodi maxime alias, perferendis atque laudantium accusantium, unde aperiam accusantium blanditiis alias eum expedita totam at excepturi non, eligendi ea maxime.', 'quaerat', 3421, NULL, '2020-10-19 10:56:44', '2021-08-18 23:59:30');
INSERT INTO `media` (`id`, `media_type_id`, `user_id`, `body`, `filename`, `size`, `metadata`, `created_at`, `updated_at`) VALUES ('114', '4', '6', 'Placeat consequatur ex, animi nam iste inventore itaque eaque esse culpa cumque temporibus, doloremque perferendis asperiores tempore veritatis quod a voluptates rem corporis inventore vitae, dolorem accusantium sequi totam porro, earum perspiciatis praesentium inventore.', 'rerum', 7202, NULL, '2020-10-08 09:07:04', '2021-05-09 18:02:46');
INSERT INTO `media` (`id`, `media_type_id`, `user_id`, `body`, `filename`, `size`, `metadata`, `created_at`, `updated_at`) VALUES ('115', '3', '28', 'Itaque dolore quam error illum exercitationem libero iure sequi nulla, expedita quaerat nobis tempore quidem architecto nisi perspiciatis saepe non laborum culpa, hic saepe dolor ad id maxime qui repudiandae cum labore reiciendis dignissimos.', 'odio', 6331, NULL, '2020-06-12 08:25:28', '2020-06-27 19:41:56');
INSERT INTO `media` (`id`, `media_type_id`, `user_id`, `body`, `filename`, `size`, `metadata`, `created_at`, `updated_at`) VALUES ('116', '4', '119', 'Nostrum voluptate velit rerum, consectetur aliquid corporis ducimus, tempora cum illo provident?', 'eius', 2572, NULL, '2020-09-06 06:04:08', '2020-05-15 08:43:18');
INSERT INTO `media` (`id`, `media_type_id`, `user_id`, `body`, `filename`, `size`, `metadata`, `created_at`, `updated_at`) VALUES ('117', '3', '25', 'Odio quod nihil pariatur, quia quo et eum dolorem expedita consequatur, quidem eos quia adipisci?', 'voluptates', 6340, NULL, '2021-09-12 22:00:06', '2020-07-25 00:04:29');
INSERT INTO `media` (`id`, `media_type_id`, `user_id`, `body`, `filename`, `size`, `metadata`, `created_at`, `updated_at`) VALUES ('118', '3', '57', 'Veritatis libero cumque dicta sit similique corporis consequatur illum magnam sunt esse, sint voluptatum nostrum dolore vero aperiam sed dolorem nobis, nulla est earum provident, maxime omnis tempore nostrum labore vero sunt veniam reiciendis temporibus distinctio consequatur, beatae in esse.', 'qui', 9714, NULL, '2021-09-24 06:31:41', '2020-11-26 17:26:45');
INSERT INTO `media` (`id`, `media_type_id`, `user_id`, `body`, `filename`, `size`, `metadata`, `created_at`, `updated_at`) VALUES ('119', '1', '66', 'Perferendis temporibus quos, vel laboriosam distinctio nemo asperiores, atque totam laudantium magni corporis recusandae exercitationem ex quidem, eius architecto laborum omnis ipsa velit enim tempora commodi repellendus, aliquam eveniet libero consequuntur doloribus saepe nesciunt.', 'maiores', 8880, NULL, '2021-08-19 20:21:47', '2020-11-13 09:29:02');
INSERT INTO `media` (`id`, `media_type_id`, `user_id`, `body`, `filename`, `size`, `metadata`, `created_at`, `updated_at`) VALUES ('120', '4', '77', 'Molestias natus aperiam facere nostrum, atque obcaecati cum earum eveniet similique reiciendis aliquid alias, quas modi voluptatibus placeat, maxime mollitia ea culpa, saepe ex eius est ad voluptas maiores odio reprehenderit consequatur inventore rerum.', 'veniam', 7255, NULL, '2021-10-23 12:04:40', '2021-09-07 23:18:54');
INSERT INTO `media` (`id`, `media_type_id`, `user_id`, `body`, `filename`, `size`, `metadata`, `created_at`, `updated_at`) VALUES ('121', '2', '7', 'Harum nostrum nobis error libero molestias adipisci deserunt molestiae, eos quae asperiores nostrum mollitia earum libero recusandae perspiciatis incidunt cum quas, quidem tenetur at vel non corporis similique a labore, sit exercitationem eaque obcaecati.', 'quas', 9642, NULL, '2020-05-06 09:19:03', '2020-03-07 21:50:21');
INSERT INTO `media` (`id`, `media_type_id`, `user_id`, `body`, `filename`, `size`, `metadata`, `created_at`, `updated_at`) VALUES ('122', '1', '95', 'Iure eveniet quibusdam sed a, qui repudiandae ad impedit distinctio asperiores, quasi rerum eaque blanditiis illo quod harum pariatur recusandae nostrum quo earum, necessitatibus laborum tempora sed eos nam perferendis obcaecati dolore.', 'autem', 1131, NULL, '2021-04-01 03:30:32', '2021-04-12 14:53:35');
INSERT INTO `media` (`id`, `media_type_id`, `user_id`, `body`, `filename`, `size`, `metadata`, `created_at`, `updated_at`) VALUES ('123', '3', '44', 'Velit ipsum repellat libero, qui officia consequuntur ducimus ut hic eius debitis mollitia eligendi deserunt.', 'aspernatur', 8461, NULL, '2020-06-25 00:47:32', '2020-04-19 09:00:06');
INSERT INTO `media` (`id`, `media_type_id`, `user_id`, `body`, `filename`, `size`, `metadata`, `created_at`, `updated_at`) VALUES ('124', '4', '74', 'Veritatis ut eius architecto ad nostrum cumque consectetur ratione, dolor tempora atque corporis, vel ut magnam rem voluptas ad commodi sed accusamus, id quam similique sit quas natus assumenda est nesciunt itaque, aspernatur ratione porro debitis praesentium officia dolore tempora commodi fugit quisquam.', 'exercitationem', 4990, NULL, '2020-05-15 22:41:09', '2020-05-07 23:05:49');
INSERT INTO `media` (`id`, `media_type_id`, `user_id`, `body`, `filename`, `size`, `metadata`, `created_at`, `updated_at`) VALUES ('125', '3', '126', 'Quaerat iusto neque soluta veniam magnam, expedita dignissimos culpa sequi voluptatem sed ullam neque soluta repellendus, numquam fugit autem quae possimus asperiores aliquam provident voluptatem quidem assumenda nihil, id neque adipisci ut harum provident aperiam assumenda architecto incidunt, exercitationem inventore rem facilis pariatur.', 'recusandae', 8038, NULL, '2020-02-21 20:50:13', '2021-12-24 03:40:31');
INSERT INTO `media` (`id`, `media_type_id`, `user_id`, `body`, `filename`, `size`, `metadata`, `created_at`, `updated_at`) VALUES ('126', '2', '3', 'Assumenda deleniti modi aliquid ad quos itaque doloremque nesciunt, doloremque voluptatibus impedit blanditiis ratione aspernatur optio itaque expedita, eligendi aut quo eius dolorem accusantium similique corporis nisi, natus nesciunt quam aspernatur vitae commodi veniam cumque reprehenderit.', 'voluptatum', 7084, NULL, '2021-10-03 15:46:06', '2020-01-19 20:00:49');
INSERT INTO `media` (`id`, `media_type_id`, `user_id`, `body`, `filename`, `size`, `metadata`, `created_at`, `updated_at`) VALUES ('127', '2', '130', 'Quisquam quibusdam similique aperiam, non modi libero, assumenda nesciunt quod, placeat voluptates laborum dolore repudiandae quasi similique beatae repellat.', 'commodi', 8123, NULL, '2021-07-16 08:35:19', '2021-05-09 04:53:52');
INSERT INTO `media` (`id`, `media_type_id`, `user_id`, `body`, `filename`, `size`, `metadata`, `created_at`, `updated_at`) VALUES ('128', '4', '139', 'Maxime cupiditate eos atque doloremque laudantium aspernatur, iusto a repellat, ab dicta quos at nobis unde, reprehenderit vel facilis consequuntur exercitationem iste adipisci porro fuga?', 'excepturi', 1249, NULL, '2021-09-07 04:55:25', '2020-01-01 12:13:15');
INSERT INTO `media` (`id`, `media_type_id`, `user_id`, `body`, `filename`, `size`, `metadata`, `created_at`, `updated_at`) VALUES ('129', '2', '61', 'Sapiente culpa itaque laboriosam sit repellendus qui voluptatum harum deleniti, nisi modi optio sit earum quaerat.', 'libero', 410, NULL, '2020-05-07 20:38:27', '2021-07-25 04:32:35');
INSERT INTO `media` (`id`, `media_type_id`, `user_id`, `body`, `filename`, `size`, `metadata`, `created_at`, `updated_at`) VALUES ('130', '4', '84', 'Illum sequi deleniti pariatur, consequuntur facere inventore libero ipsam iste corrupti, suscipit minus harum consequatur odio repellendus quos, unde voluptatem laboriosam provident voluptates quaerat sit quidem necessitatibus dignissimos facere perferendis?', 'earum', 238, NULL, '2021-08-14 05:26:07', '2020-06-01 11:34:11');
INSERT INTO `media` (`id`, `media_type_id`, `user_id`, `body`, `filename`, `size`, `metadata`, `created_at`, `updated_at`) VALUES ('131', '2', '136', 'Necessitatibus illum saepe veritatis, itaque veniam neque ratione unde amet qui illo sapiente, ipsam dolor blanditiis, officiis quidem explicabo repellat et repudiandae minus ducimus corrupti?', 'ab', 331, NULL, '2021-02-22 00:18:17', '2020-05-28 07:14:53');
INSERT INTO `media` (`id`, `media_type_id`, `user_id`, `body`, `filename`, `size`, `metadata`, `created_at`, `updated_at`) VALUES ('132', '2', '19', 'Quos quibusdam voluptatibus velit, nemo id corporis distinctio repellendus magnam explicabo fugit assumenda laborum deleniti, doloribus assumenda aliquam sit odit temporibus hic aspernatur itaque dolores, aspernatur harum perferendis exercitationem eaque quibusdam distinctio tempora voluptates, mollitia facere totam quod eveniet earum voluptatem nostrum.', 'earum', 2135, NULL, '2020-07-27 12:57:05', '2021-10-15 12:51:03');
INSERT INTO `media` (`id`, `media_type_id`, `user_id`, `body`, `filename`, `size`, `metadata`, `created_at`, `updated_at`) VALUES ('133', '2', '125', 'Qui soluta voluptatibus, suscipit est omnis nobis aperiam alias ullam quisquam ducimus nemo sint incidunt, delectus deleniti quam alias cupiditate ex voluptatem.', 'velit', 2308, NULL, '2021-07-04 02:29:32', '2020-06-09 01:46:21');
INSERT INTO `media` (`id`, `media_type_id`, `user_id`, `body`, `filename`, `size`, `metadata`, `created_at`, `updated_at`) VALUES ('134', '1', '23', 'Alias reiciendis facere corporis sit non sapiente velit asperiores ea praesentium, deleniti dolorum officia maxime aspernatur sapiente labore voluptatem praesentium eius voluptas, quibusdam quos voluptatum tempora minima beatae consequuntur, sunt recusandae alias doloribus eos debitis veritatis, dignissimos officiis nam non a inventore soluta libero repudiandae.', 'iusto', 2025, NULL, '2020-02-13 00:23:23', '2021-07-28 05:57:51');
INSERT INTO `media` (`id`, `media_type_id`, `user_id`, `body`, `filename`, `size`, `metadata`, `created_at`, `updated_at`) VALUES ('135', '2', '59', 'Voluptas beatae aut optio cumque maiores culpa, similique aliquam ipsam?', 'iste', 2888, NULL, '2020-03-17 02:29:57', '2021-05-01 14:28:38');
INSERT INTO `media` (`id`, `media_type_id`, `user_id`, `body`, `filename`, `size`, `metadata`, `created_at`, `updated_at`) VALUES ('136', '2', '101', 'Consequatur autem vitae voluptates a ut magnam voluptatibus exercitationem nam, facilis ratione eum molestiae laudantium quasi hic optio, quam soluta facilis repellat accusantium consequuntur pariatur.', 'voluptates', 969, NULL, '2021-12-17 19:53:03', '2020-01-23 03:32:30');
INSERT INTO `media` (`id`, `media_type_id`, `user_id`, `body`, `filename`, `size`, `metadata`, `created_at`, `updated_at`) VALUES ('137', '1', '3', 'Amet laboriosam optio adipisci nulla est dolorem suscipit corrupti harum, odit ut obcaecati quaerat explicabo, ipsum ad culpa rem nesciunt laborum unde obcaecati iusto animi aspernatur.', 'numquam', 4475, NULL, '2021-01-09 05:26:20', '2020-09-22 10:48:55');
INSERT INTO `media` (`id`, `media_type_id`, `user_id`, `body`, `filename`, `size`, `metadata`, `created_at`, `updated_at`) VALUES ('138', '4', '40', 'Nemo consequuntur voluptates a sequi quia, totam voluptates qui provident quod iste similique laudantium eveniet consectetur vel eum, laboriosam libero exercitationem hic, impedit dicta asperiores magni odio tempore quos aliquam, iusto ea nostrum ratione dolorem quis neque.', 'pariatur', 1912, NULL, '2021-09-19 02:32:19', '2020-05-16 20:57:20');
INSERT INTO `media` (`id`, `media_type_id`, `user_id`, `body`, `filename`, `size`, `metadata`, `created_at`, `updated_at`) VALUES ('139', '1', '37', 'Labore odio reiciendis officiis quasi molestias, ratione voluptatum culpa.', 'aut', 3970, NULL, '2021-08-25 00:07:44', '2020-09-08 08:55:03');
INSERT INTO `media` (`id`, `media_type_id`, `user_id`, `body`, `filename`, `size`, `metadata`, `created_at`, `updated_at`) VALUES ('140', '2', '20', 'Architecto quaerat eveniet, ex ducimus consectetur necessitatibus quis atque fugiat quibusdam.', 'ab', 7046, NULL, '2021-01-02 08:32:15', '2020-05-25 19:39:08');
INSERT INTO `media` (`id`, `media_type_id`, `user_id`, `body`, `filename`, `size`, `metadata`, `created_at`, `updated_at`) VALUES ('141', '2', '40', 'Fuga illum porro aliquam in explicabo laboriosam debitis iure laborum, impedit eaque explicabo, ex eligendi facere inventore totam animi nemo mollitia odit reprehenderit a, quas animi amet fuga quam labore earum et in dicta fugiat.', 'magnam', 2720, NULL, '2020-05-24 13:29:59', '2020-12-23 07:28:23');
INSERT INTO `media` (`id`, `media_type_id`, `user_id`, `body`, `filename`, `size`, `metadata`, `created_at`, `updated_at`) VALUES ('142', '2', '83', 'Sunt ut neque ex at, aliquam doloremque quibusdam quae quod error sequi dolorum similique nobis.', 'ad', 4015, NULL, '2021-12-15 10:05:40', '2020-05-01 19:30:10');
INSERT INTO `media` (`id`, `media_type_id`, `user_id`, `body`, `filename`, `size`, `metadata`, `created_at`, `updated_at`) VALUES ('143', '1', '62', 'Nemo est harum blanditiis, fugit animi rerum modi repellendus non eum vel quidem quibusdam, facilis dicta voluptates incidunt.', 'saepe', 2386, NULL, '2020-08-20 11:09:24', '2020-03-16 05:42:12');
INSERT INTO `media` (`id`, `media_type_id`, `user_id`, `body`, `filename`, `size`, `metadata`, `created_at`, `updated_at`) VALUES ('144', '2', '36', 'Tempore ratione nisi ullam aperiam quo officiis necessitatibus vero numquam sunt quasi, nisi illum libero enim iste dolorem harum vero, adipisci facere perferendis temporibus.', 'esse', 5520, NULL, '2020-10-09 01:25:26', '2020-02-18 14:35:56');
INSERT INTO `media` (`id`, `media_type_id`, `user_id`, `body`, `filename`, `size`, `metadata`, `created_at`, `updated_at`) VALUES ('145', '3', '107', 'Architecto eveniet esse possimus cupiditate, quasi reiciendis quia facilis dolorum ullam sed dolore porro soluta tempore quidem, ipsam dolores quas laudantium ullam et a soluta porro, enim quis numquam est obcaecati sapiente at ducimus beatae, est dolores laborum omnis veritatis sed vitae consequuntur quod?', 'cupiditate', 2518, NULL, '2020-01-12 20:18:49', '2020-04-12 23:32:28');
INSERT INTO `media` (`id`, `media_type_id`, `user_id`, `body`, `filename`, `size`, `metadata`, `created_at`, `updated_at`) VALUES ('146', '3', '129', 'Debitis nam ipsum aut autem laboriosam deserunt, incidunt totam eveniet adipisci quasi architecto, autem dolores sint iure deleniti molestias laboriosam cumque aliquid vel, repudiandae eum labore consectetur laudantium omnis provident, ex praesentium velit hic error quasi tempora impedit reiciendis tenetur quo debitis?', 'autem', 5178, NULL, '2021-08-19 15:15:51', '2020-09-24 19:27:51');
INSERT INTO `media` (`id`, `media_type_id`, `user_id`, `body`, `filename`, `size`, `metadata`, `created_at`, `updated_at`) VALUES ('147', '1', '76', 'Laudantium atque quasi ipsum rem animi, laborum consequatur delectus dicta ab?', 'impedit', 8416, NULL, '2021-07-23 07:27:52', '2020-03-02 14:09:18');
INSERT INTO `media` (`id`, `media_type_id`, `user_id`, `body`, `filename`, `size`, `metadata`, `created_at`, `updated_at`) VALUES ('148', '3', '27', 'Facilis commodi sint provident itaque perferendis ex, error alias culpa voluptatum.', 'quis', 4506, NULL, '2021-03-13 13:25:55', '2021-07-26 13:23:44');
INSERT INTO `media` (`id`, `media_type_id`, `user_id`, `body`, `filename`, `size`, `metadata`, `created_at`, `updated_at`) VALUES ('149', '3', '61', 'Unde officia deserunt quasi in reprehenderit, tempora amet voluptatem, eum molestias ducimus.', 'impedit', 2073, NULL, '2021-09-23 02:22:19', '2020-10-19 22:29:50');
INSERT INTO `media` (`id`, `media_type_id`, `user_id`, `body`, `filename`, `size`, `metadata`, `created_at`, `updated_at`) VALUES ('150', '3', '146', 'Qui officiis impedit nulla neque culpa nihil mollitia soluta voluptate, ea voluptatem libero molestias unde officia similique voluptatibus sequi repellendus ipsa quam, nostrum esse corporis debitis reiciendis minima ab atque magnam blanditiis?', 'repellat', 6205, NULL, '2020-09-26 10:31:37', '2021-05-10 18:34:33');
INSERT INTO `media` (`id`, `media_type_id`, `user_id`, `body`, `filename`, `size`, `metadata`, `created_at`, `updated_at`) VALUES ('151', '1', '26', 'Dolor rem dolorem accusamus suscipit esse maxime autem mollitia consequuntur, porro enim assumenda culpa, id incidunt nulla illo iure esse quo mollitia quisquam fugit sed, nesciunt adipisci quas provident dicta eos sequi dolorum, harum voluptatum ipsam enim at voluptates magni dolores sed quidem?', 'esse', 5246, NULL, '2021-04-11 06:17:15', '2020-12-11 10:25:26');
INSERT INTO `media` (`id`, `media_type_id`, `user_id`, `body`, `filename`, `size`, `metadata`, `created_at`, `updated_at`) VALUES ('152', '1', '52', 'Facilis quo sequi, nisi quas qui animi corporis dolorum non ratione est sunt officia soluta?', 'tempora', 2343, NULL, '2020-07-25 14:19:18', '2020-09-09 11:57:58');
INSERT INTO `media` (`id`, `media_type_id`, `user_id`, `body`, `filename`, `size`, `metadata`, `created_at`, `updated_at`) VALUES ('153', '4', '73', 'Ducimus minima numquam, odio aperiam amet optio facilis cum blanditiis aliquam porro, enim vitae iure omnis modi quidem et quisquam sit facere laboriosam?', 'quo', 176, NULL, '2021-09-04 20:33:13', '2021-12-13 16:59:52');
INSERT INTO `media` (`id`, `media_type_id`, `user_id`, `body`, `filename`, `size`, `metadata`, `created_at`, `updated_at`) VALUES ('154', '3', '42', 'Aspernatur qui nobis accusamus vitae mollitia, libero repudiandae aut impedit eos et fugit corrupti ratione, corporis repellat nemo eius minus officiis deleniti aperiam porro ullam quia, accusamus consequatur optio itaque beatae explicabo assumenda aspernatur dicta eligendi deleniti.', 'doloremque', 1292, NULL, '2021-06-05 18:20:06', '2021-08-07 23:34:31');
INSERT INTO `media` (`id`, `media_type_id`, `user_id`, `body`, `filename`, `size`, `metadata`, `created_at`, `updated_at`) VALUES ('155', '2', '18', 'Enim autem repellendus odio reiciendis, praesentium omnis voluptatum ullam ea quo exercitationem autem voluptas esse, consequuntur iusto nisi nihil aut placeat nesciunt deleniti cumque labore amet illum, soluta fugit quisquam fuga voluptatem odio aliquam quaerat, odio beatae suscipit velit hic vel blanditiis perferendis autem iure voluptas nobis?', 'nihil', 310, NULL, '2020-12-03 18:35:49', '2021-05-27 12:39:28');
INSERT INTO `media` (`id`, `media_type_id`, `user_id`, `body`, `filename`, `size`, `metadata`, `created_at`, `updated_at`) VALUES ('156', '1', '49', 'Provident magnam totam ullam accusantium optio eos aliquid atque libero ab vel, quisquam quaerat veniam assumenda.', 'iure', 5242, NULL, '2020-02-16 08:47:57', '2021-01-10 02:40:18');
INSERT INTO `media` (`id`, `media_type_id`, `user_id`, `body`, `filename`, `size`, `metadata`, `created_at`, `updated_at`) VALUES ('157', '2', '120', 'Quia harum in eaque soluta ut ab ullam optio explicabo neque sunt, maxime aut delectus eos repudiandae ex molestias optio eius excepturi alias, adipisci nam veritatis laborum architecto labore?', 'beatae', 2830, NULL, '2020-03-14 09:18:36', '2020-04-07 01:20:52');
INSERT INTO `media` (`id`, `media_type_id`, `user_id`, `body`, `filename`, `size`, `metadata`, `created_at`, `updated_at`) VALUES ('158', '1', '103', 'Iste nam magnam saepe laudantium obcaecati cumque dolores est quod voluptatem, commodi consectetur aspernatur optio et ea nisi esse, nam minus voluptate officiis enim dolores fugiat corporis aperiam quia ipsum explicabo, numquam a eligendi, odio similique voluptas dolorem?', 'consequatur', 6512, NULL, '2020-07-22 12:09:14', '2021-03-09 00:32:14');
INSERT INTO `media` (`id`, `media_type_id`, `user_id`, `body`, `filename`, `size`, `metadata`, `created_at`, `updated_at`) VALUES ('159', '3', '144', 'Quis perspiciatis praesentium, animi sunt debitis velit maxime repellat quos nobis recusandae, iusto molestiae fuga dignissimos beatae?', 'accusantium', 6224, NULL, '2021-09-27 04:23:51', '2021-11-22 18:08:05');
INSERT INTO `media` (`id`, `media_type_id`, `user_id`, `body`, `filename`, `size`, `metadata`, `created_at`, `updated_at`) VALUES ('160', '4', '75', 'Amet corporis cum deserunt commodi obcaecati dolores possimus totam eius porro, qui deserunt nulla voluptatem magnam minus ea neque, dolorum enim libero eius porro ducimus alias iure repellat perspiciatis saepe sint, officiis suscipit non itaque mollitia eius sed quia distinctio?', 'blanditiis', 6471, NULL, '2020-05-14 10:32:25', '2020-09-25 19:58:37');
INSERT INTO `media` (`id`, `media_type_id`, `user_id`, `body`, `filename`, `size`, `metadata`, `created_at`, `updated_at`) VALUES ('161', '3', '27', 'Architecto qui esse beatae eligendi dicta, impedit dolores fugiat esse nulla aut animi eveniet?', 'optio', 1528, NULL, '2020-11-04 15:13:44', '2021-09-09 15:08:31');
INSERT INTO `media` (`id`, `media_type_id`, `user_id`, `body`, `filename`, `size`, `metadata`, `created_at`, `updated_at`) VALUES ('162', '2', '113', 'Sapiente error beatae, consequatur at dolor earum libero dignissimos possimus magnam exercitationem minus blanditiis illum, quis deleniti ab dolore animi est in dolorum possimus omnis, fugit voluptate ullam obcaecati eum inventore voluptatibus repellendus eaque minus nisi sed.', 'quos', 7755, NULL, '2020-02-24 19:58:15', '2021-05-06 12:18:17');
INSERT INTO `media` (`id`, `media_type_id`, `user_id`, `body`, `filename`, `size`, `metadata`, `created_at`, `updated_at`) VALUES ('163', '3', '133', 'Vero mollitia odit nesciunt officia sapiente ut recusandae distinctio, fugit exercitationem minus voluptates inventore pariatur ad ipsam velit, ipsam placeat nesciunt.', 'dignissimos', 7171, NULL, '2020-12-22 10:51:58', '2021-06-08 07:08:00');
INSERT INTO `media` (`id`, `media_type_id`, `user_id`, `body`, `filename`, `size`, `metadata`, `created_at`, `updated_at`) VALUES ('164', '1', '113', 'Porro et possimus tempora quasi provident quae dolorum omnis, repudiandae vitae dolor.', 'voluptates', 3836, NULL, '2021-08-10 22:50:29', '2020-06-04 20:50:51');
INSERT INTO `media` (`id`, `media_type_id`, `user_id`, `body`, `filename`, `size`, `metadata`, `created_at`, `updated_at`) VALUES ('165', '4', '45', 'Officiis laboriosam quisquam ut repudiandae quos eligendi ab eius, suscipit consectetur impedit quasi dignissimos libero sunt, sequi quaerat iusto molestias beatae magni tempore corporis quia vel cum alias, eaque quaerat deserunt libero ratione?', 'quo', 4041, NULL, '2021-11-01 18:29:49', '2021-07-28 01:01:16');
INSERT INTO `media` (`id`, `media_type_id`, `user_id`, `body`, `filename`, `size`, `metadata`, `created_at`, `updated_at`) VALUES ('166', '3', '138', 'Quisquam aspernatur recusandae, ut quisquam quis est obcaecati non quod necessitatibus vero, asperiores blanditiis itaque ipsa debitis sequi recusandae quasi, veniam nam accusantium repellendus, cum ut impedit eum?', 'ex', 7844, NULL, '2020-04-20 10:41:31', '2020-02-26 16:50:16');
INSERT INTO `media` (`id`, `media_type_id`, `user_id`, `body`, `filename`, `size`, `metadata`, `created_at`, `updated_at`) VALUES ('167', '1', '49', 'Iure laborum expedita cum modi dolore voluptates, consequatur earum rem ducimus sed debitis porro quaerat optio magnam incidunt.', 'voluptatem', 1346, NULL, '2020-07-17 04:45:29', '2021-12-27 12:56:07');
INSERT INTO `media` (`id`, `media_type_id`, `user_id`, `body`, `filename`, `size`, `metadata`, `created_at`, `updated_at`) VALUES ('168', '2', '105', 'Ipsa distinctio dignissimos expedita reprehenderit iure nobis soluta, error quos mollitia consequatur, excepturi harum quod nisi dolores, nisi repudiandae non suscipit adipisci illo quas odio porro obcaecati beatae quibusdam, ea doloremque consequatur quisquam quam perferendis inventore cum nesciunt quidem dolorem eum.', 'totam', 6253, NULL, '2020-07-25 14:03:21', '2020-05-14 06:40:26');
INSERT INTO `media` (`id`, `media_type_id`, `user_id`, `body`, `filename`, `size`, `metadata`, `created_at`, `updated_at`) VALUES ('169', '1', '140', 'Aliquid unde sit numquam alias, laudantium deserunt ullam perspiciatis officia velit fuga?', 'voluptatum', 776, NULL, '2020-09-23 21:40:46', '2021-11-28 02:09:36');
INSERT INTO `media` (`id`, `media_type_id`, `user_id`, `body`, `filename`, `size`, `metadata`, `created_at`, `updated_at`) VALUES ('170', '4', '73', 'Soluta vero facere mollitia tenetur maiores aliquam provident, debitis quos reiciendis aperiam sed natus obcaecati voluptate saepe repellat?', 'accusantium', 3573, NULL, '2021-02-06 10:23:31', '2020-03-04 08:40:06');
INSERT INTO `media` (`id`, `media_type_id`, `user_id`, `body`, `filename`, `size`, `metadata`, `created_at`, `updated_at`) VALUES ('171', '2', '118', 'Provident deserunt praesentium harum inventore, voluptate iste temporibus numquam debitis, est mollitia voluptates?', 'doloremque', 6918, NULL, '2021-10-24 06:07:50', '2020-11-10 17:43:12');
INSERT INTO `media` (`id`, `media_type_id`, `user_id`, `body`, `filename`, `size`, `metadata`, `created_at`, `updated_at`) VALUES ('172', '2', '65', 'In corrupti commodi, molestias necessitatibus ea placeat recusandae tempore reiciendis ad, dolorum placeat vel, dolore doloremque sapiente nam, corporis iure totam nemo error consectetur laudantium.', 'ipsam', 7649, NULL, '2020-09-02 15:41:28', '2020-02-28 11:24:06');
INSERT INTO `media` (`id`, `media_type_id`, `user_id`, `body`, `filename`, `size`, `metadata`, `created_at`, `updated_at`) VALUES ('173', '3', '110', 'Ratione soluta atque quam tenetur odio quis eius optio iusto distinctio, voluptate facilis vitae aut, doloremque consequatur harum dolor eligendi mollitia atque.', 'corrupti', 5216, NULL, '2021-09-15 19:02:08', '2020-05-10 09:32:58');
INSERT INTO `media` (`id`, `media_type_id`, `user_id`, `body`, `filename`, `size`, `metadata`, `created_at`, `updated_at`) VALUES ('174', '2', '1', 'Repellendus quam facere minima modi esse soluta voluptate aperiam quas, esse maxime omnis perspiciatis similique corrupti enim sequi repellat nulla.', 'aliquam', 1520, NULL, '2020-02-26 12:24:53', '2020-06-12 16:01:43');
INSERT INTO `media` (`id`, `media_type_id`, `user_id`, `body`, `filename`, `size`, `metadata`, `created_at`, `updated_at`) VALUES ('175', '3', '91', 'Ad voluptates deserunt non ex veritatis animi consectetur qui sunt id est, delectus vel error, voluptate quo necessitatibus corrupti itaque, neque libero quo quod dolore officiis eligendi totam nihil?', 'maiores', 1175, NULL, '2020-06-24 09:29:53', '2021-04-21 00:37:46');
INSERT INTO `media` (`id`, `media_type_id`, `user_id`, `body`, `filename`, `size`, `metadata`, `created_at`, `updated_at`) VALUES ('176', '3', '64', 'Ratione exercitationem reprehenderit pariatur ad, accusantium sit fugiat in ut debitis dignissimos, minus distinctio delectus aliquam eum quasi asperiores amet, suscipit optio deleniti obcaecati sint distinctio ea?', 'expedita', 4959, NULL, '2020-12-03 00:17:59', '2020-08-02 23:26:35');
INSERT INTO `media` (`id`, `media_type_id`, `user_id`, `body`, `filename`, `size`, `metadata`, `created_at`, `updated_at`) VALUES ('177', '3', '41', 'Incidunt dicta molestias ab obcaecati qui pariatur beatae eos nisi sunt velit, quod saepe delectus officia facere eos sequi unde tenetur ipsum sint, sed quis aliquam ipsum exercitationem impedit quia itaque doloribus magni temporibus?', 'non', 2177, NULL, '2020-06-14 23:17:52', '2021-10-27 20:07:56');
INSERT INTO `media` (`id`, `media_type_id`, `user_id`, `body`, `filename`, `size`, `metadata`, `created_at`, `updated_at`) VALUES ('178', '4', '45', 'Velit est aspernatur vero consectetur esse earum enim iusto laboriosam, quis incidunt doloremque itaque.', 'aut', 4653, NULL, '2020-03-04 13:54:15', '2021-03-14 11:40:10');
INSERT INTO `media` (`id`, `media_type_id`, `user_id`, `body`, `filename`, `size`, `metadata`, `created_at`, `updated_at`) VALUES ('179', '3', '62', 'Eius porro nulla sequi a repudiandae modi ipsa assumenda, omnis consequatur hic ex quod quibusdam incidunt temporibus, nisi provident minus illo est?', 'nulla', 8666, NULL, '2021-08-21 17:52:50', '2021-08-07 12:40:55');
INSERT INTO `media` (`id`, `media_type_id`, `user_id`, `body`, `filename`, `size`, `metadata`, `created_at`, `updated_at`) VALUES ('180', '3', '3', 'Ex ad sit, magnam maxime odio aperiam laborum officia provident, cupiditate maxime praesentium minus, rerum officiis illo unde possimus placeat veniam animi, minima ipsam aspernatur quos autem.', 'omnis', 2763, NULL, '2021-01-19 15:43:13', '2020-08-03 10:25:28');
INSERT INTO `media` (`id`, `media_type_id`, `user_id`, `body`, `filename`, `size`, `metadata`, `created_at`, `updated_at`) VALUES ('181', '3', '141', 'Dolorem et amet explicabo, dignissimos earum excepturi deleniti ducimus placeat libero veritatis mollitia.', 'qui', 4411, NULL, '2020-11-02 01:50:29', '2020-09-06 15:48:23');
INSERT INTO `media` (`id`, `media_type_id`, `user_id`, `body`, `filename`, `size`, `metadata`, `created_at`, `updated_at`) VALUES ('182', '2', '144', 'Magnam porro inventore unde perspiciatis consequuntur saepe rem illum, tenetur vitae molestiae consequuntur debitis accusantium ipsum, consequuntur nostrum placeat tempora molestiae alias eveniet dicta?', 'voluptas', 5661, NULL, '2021-10-25 02:51:34', '2021-11-14 11:24:38');
INSERT INTO `media` (`id`, `media_type_id`, `user_id`, `body`, `filename`, `size`, `metadata`, `created_at`, `updated_at`) VALUES ('183', '3', '97', 'Aliquid quidem beatae veritatis impedit, a nisi rem eum dolorum nostrum autem voluptas sed in eligendi culpa, aspernatur asperiores nemo inventore repellat non ab suscipit, officiis pariatur a animi repellendus similique nihil aut minima?', 'similique', 1860, NULL, '2021-01-28 08:50:00', '2020-11-08 12:33:40');
INSERT INTO `media` (`id`, `media_type_id`, `user_id`, `body`, `filename`, `size`, `metadata`, `created_at`, `updated_at`) VALUES ('184', '1', '76', 'Perferendis laboriosam tenetur maiores soluta repudiandae, ipsa quibusdam voluptates at ut assumenda odio doloribus, fuga quod cumque reiciendis provident, totam autem suscipit illo.', 'ab', 6158, NULL, '2020-01-24 21:59:35', '2020-11-26 22:40:52');
INSERT INTO `media` (`id`, `media_type_id`, `user_id`, `body`, `filename`, `size`, `metadata`, `created_at`, `updated_at`) VALUES ('185', '1', '4', 'Inventore soluta ducimus, eaque voluptatem sit maxime est, voluptatibus perspiciatis velit doloremque cumque sapiente magnam maiores nesciunt?', 'ratione', 8849, NULL, '2020-12-08 18:55:45', '2021-01-16 18:53:48');
INSERT INTO `media` (`id`, `media_type_id`, `user_id`, `body`, `filename`, `size`, `metadata`, `created_at`, `updated_at`) VALUES ('186', '2', '41', 'Atque odit nemo doloremque voluptate doloribus sequi nisi excepturi, accusantium ea ab officia tempore voluptas neque enim aut sint, provident perspiciatis ad voluptatem quia nostrum, fuga libero quidem quaerat dolore magnam molestiae corrupti, tenetur nisi id assumenda.', 'asperiores', 7177, NULL, '2020-06-11 23:55:39', '2021-02-17 12:24:27');
INSERT INTO `media` (`id`, `media_type_id`, `user_id`, `body`, `filename`, `size`, `metadata`, `created_at`, `updated_at`) VALUES ('187', '2', '16', 'Asperiores accusantium similique necessitatibus ab provident deserunt, provident reprehenderit labore, autem maxime inventore vero cum voluptatum fugit, eum nemo explicabo ratione amet suscipit ipsam natus deserunt eligendi aut, eligendi dicta eos omnis.', 'inventore', 9530, NULL, '2021-03-24 21:09:21', '2020-10-23 07:11:44');
INSERT INTO `media` (`id`, `media_type_id`, `user_id`, `body`, `filename`, `size`, `metadata`, `created_at`, `updated_at`) VALUES ('188', '3', '70', 'Provident quae corporis deleniti non laborum facilis amet fugit, minus iusto totam eos soluta.', 'dolore', 4449, NULL, '2021-08-21 23:59:52', '2021-11-03 17:41:16');
INSERT INTO `media` (`id`, `media_type_id`, `user_id`, `body`, `filename`, `size`, `metadata`, `created_at`, `updated_at`) VALUES ('189', '3', '95', 'Consectetur quod doloremque voluptate libero aperiam sint blanditiis unde quae, laboriosam repudiandae quod necessitatibus tenetur tempore modi, tenetur dignissimos vel sed esse eaque.', 'temporibus', 7238, NULL, '2021-01-12 08:54:40', '2021-01-22 17:34:15');
INSERT INTO `media` (`id`, `media_type_id`, `user_id`, `body`, `filename`, `size`, `metadata`, `created_at`, `updated_at`) VALUES ('190', '4', '75', 'Fuga doloremque unde, libero repellendus vero architecto id, quod cupiditate repudiandae nisi commodi inventore, ut numquam deleniti aut?', 'commodi', 6649, NULL, '2020-05-04 18:47:06', '2020-11-25 03:33:20');
INSERT INTO `media` (`id`, `media_type_id`, `user_id`, `body`, `filename`, `size`, `metadata`, `created_at`, `updated_at`) VALUES ('191', '4', '90', 'Velit neque sed sapiente odio minus dolor, saepe fuga non maiores at distinctio eveniet deserunt cupiditate in eius itaque, cum eveniet error neque ratione, molestias non nemo neque?', 'commodi', 1448, NULL, '2021-12-07 03:05:45', '2020-05-03 12:56:50');
INSERT INTO `media` (`id`, `media_type_id`, `user_id`, `body`, `filename`, `size`, `metadata`, `created_at`, `updated_at`) VALUES ('192', '2', '58', 'Quaerat veniam voluptatum iste quasi nam sunt, deleniti asperiores fuga quaerat dolorem nam provident ea officiis, beatae explicabo ut labore mollitia deleniti nobis reprehenderit amet, autem ullam laudantium.', 'quod', 3407, NULL, '2020-09-17 13:36:22', '2020-10-25 17:06:42');
INSERT INTO `media` (`id`, `media_type_id`, `user_id`, `body`, `filename`, `size`, `metadata`, `created_at`, `updated_at`) VALUES ('193', '1', '9', 'Facere vitae fugiat pariatur eos error facilis, totam perspiciatis rem nobis corporis ex cupiditate veniam obcaecati vel, beatae eius natus quis numquam laborum molestias illo, at deserunt sunt nesciunt nostrum hic eos ex.', 'odit', 2520, NULL, '2021-05-05 05:03:25', '2020-05-22 17:16:36');
INSERT INTO `media` (`id`, `media_type_id`, `user_id`, `body`, `filename`, `size`, `metadata`, `created_at`, `updated_at`) VALUES ('194', '1', '119', 'Deleniti voluptatibus hic expedita laudantium quidem id dolor autem necessitatibus, esse atque error nostrum ut facere iusto laboriosam quis eaque consequatur, inventore cupiditate ratione nihil blanditiis deserunt iste officia eos ab voluptates voluptatibus.', 'eveniet', 5891, NULL, '2021-07-15 19:35:02', '2021-02-20 05:42:12');
INSERT INTO `media` (`id`, `media_type_id`, `user_id`, `body`, `filename`, `size`, `metadata`, `created_at`, `updated_at`) VALUES ('195', '1', '119', 'Reiciendis fugiat voluptate accusamus nulla enim fugit ipsa quas a molestiae maiores, corporis unde repellendus sed recusandae temporibus odio perferendis sequi expedita maiores, vitae quibusdam facere nulla aut alias explicabo ratione maiores, quod ea nobis tempore veritatis accusamus fugiat exercitationem repellendus praesentium.', 'non', 240, NULL, '2020-07-23 05:56:25', '2021-07-06 17:00:15');
INSERT INTO `media` (`id`, `media_type_id`, `user_id`, `body`, `filename`, `size`, `metadata`, `created_at`, `updated_at`) VALUES ('196', '1', '122', 'Tempore odit accusamus repudiandae dolorem, voluptatibus ullam fugiat?', 'ullam', 2904, NULL, '2020-05-06 09:51:04', '2021-05-16 09:55:15');
INSERT INTO `media` (`id`, `media_type_id`, `user_id`, `body`, `filename`, `size`, `metadata`, `created_at`, `updated_at`) VALUES ('197', '3', '112', 'Fuga veritatis quae, architecto dignissimos fugiat fuga fugit cum accusantium harum esse unde dolore accusamus?', 'dicta', 1188, NULL, '2020-02-27 07:49:05', '2021-07-06 17:56:22');
INSERT INTO `media` (`id`, `media_type_id`, `user_id`, `body`, `filename`, `size`, `metadata`, `created_at`, `updated_at`) VALUES ('198', '1', '12', 'Odio delectus architecto ullam amet, quasi voluptatibus aperiam amet laboriosam cupiditate delectus suscipit sit hic commodi, labore voluptatem maiores nesciunt sunt officia quasi dicta neque ex in numquam, voluptas vitae nisi vero eveniet eaque enim minus, ab sit laboriosam eaque debitis nam itaque hic voluptatem aspernatur ipsa.', 'perferendis', 9223, NULL, '2020-01-28 08:52:06', '2021-02-26 16:10:41');
INSERT INTO `media` (`id`, `media_type_id`, `user_id`, `body`, `filename`, `size`, `metadata`, `created_at`, `updated_at`) VALUES ('199', '4', '14', 'Illo asperiores ad, sint accusantium a.', 'at', 9704, NULL, '2021-07-08 13:36:45', '2021-03-10 02:12:08');
INSERT INTO `media` (`id`, `media_type_id`, `user_id`, `body`, `filename`, `size`, `metadata`, `created_at`, `updated_at`) VALUES ('200', '2', '62', 'Aspernatur omnis iure possimus, officia odio sint et repudiandae aut, placeat illum ipsum quibusdam?', 'reprehenderit', 3417, NULL, '2020-03-11 23:07:31', '2021-10-08 11:54:32');
INSERT INTO `likes` (`id`, `user_id`, `media_id`, `created_at`) VALUES (NULL, '94', '8', '2020-07-21 00:42:00');
INSERT INTO `likes` (`id`, `user_id`, `media_id`, `created_at`) VALUES (NULL, '48', '85', '2021-08-25 05:02:59');
INSERT INTO `likes` (`id`, `user_id`, `media_id`, `created_at`) VALUES (NULL, '80', '126', '2021-08-20 18:40:21');
INSERT INTO `likes` (`id`, `user_id`, `media_id`, `created_at`) VALUES (NULL, '124', '102', '2021-10-26 17:34:58');
INSERT INTO `likes` (`id`, `user_id`, `media_id`, `created_at`) VALUES (NULL, '95', '88', '2021-06-21 08:33:10');
INSERT INTO `likes` (`id`, `user_id`, `media_id`, `created_at`) VALUES (NULL, '108', '42', '2021-10-01 12:19:17');
INSERT INTO `likes` (`id`, `user_id`, `media_id`, `created_at`) VALUES (NULL, '140', '142', '2020-06-06 04:38:05');
INSERT INTO `likes` (`id`, `user_id`, `media_id`, `created_at`) VALUES (NULL, '55', '95', '2021-06-14 11:08:32');
INSERT INTO `likes` (`id`, `user_id`, `media_id`, `created_at`) VALUES (NULL, '1', '105', '2020-01-18 12:59:20');
INSERT INTO `likes` (`id`, `user_id`, `media_id`, `created_at`) VALUES (NULL, '45', '19', '2020-02-01 19:22:39');
INSERT INTO `likes` (`id`, `user_id`, `media_id`, `created_at`) VALUES (NULL, '13', '52', '2021-05-24 05:39:32');
INSERT INTO `likes` (`id`, `user_id`, `media_id`, `created_at`) VALUES (NULL, '68', '88', '2020-04-07 13:03:10');
INSERT INTO `likes` (`id`, `user_id`, `media_id`, `created_at`) VALUES (NULL, '78', '117', '2021-03-27 15:10:09');
INSERT INTO `likes` (`id`, `user_id`, `media_id`, `created_at`) VALUES (NULL, '55', '78', '2020-02-18 01:51:56');
INSERT INTO `likes` (`id`, `user_id`, `media_id`, `created_at`) VALUES (NULL, '55', '57', '2020-12-24 13:04:56');
INSERT INTO `likes` (`id`, `user_id`, `media_id`, `created_at`) VALUES (NULL, '45', '139', '2020-02-21 07:35:07');
INSERT INTO `likes` (`id`, `user_id`, `media_id`, `created_at`) VALUES (NULL, '91', '19', '2020-05-04 07:39:54');
INSERT INTO `likes` (`id`, `user_id`, `media_id`, `created_at`) VALUES (NULL, '83', '128', '2020-04-24 01:25:31');
INSERT INTO `likes` (`id`, `user_id`, `media_id`, `created_at`) VALUES (NULL, '59', '173', '2020-02-25 12:13:14');
INSERT INTO `likes` (`id`, `user_id`, `media_id`, `created_at`) VALUES (NULL, '38', '47', '2020-10-11 07:06:12');
INSERT INTO `likes` (`id`, `user_id`, `media_id`, `created_at`) VALUES (NULL, '12', '64', '2020-07-22 15:44:42');
INSERT INTO `likes` (`id`, `user_id`, `media_id`, `created_at`) VALUES (NULL, '16', '30', '2021-11-28 00:56:24');
INSERT INTO `likes` (`id`, `user_id`, `media_id`, `created_at`) VALUES (NULL, '121', '37', '2021-09-05 05:50:39');
INSERT INTO `likes` (`id`, `user_id`, `media_id`, `created_at`) VALUES (NULL, '55', '120', '2021-06-20 09:55:42');
INSERT INTO `likes` (`id`, `user_id`, `media_id`, `created_at`) VALUES (NULL, '100', '102', '2020-08-12 10:40:01');
INSERT INTO `likes` (`id`, `user_id`, `media_id`, `created_at`) VALUES (NULL, '87', '157', '2020-03-27 17:16:40');
INSERT INTO `likes` (`id`, `user_id`, `media_id`, `created_at`) VALUES (NULL, '24', '197', '2020-07-12 06:14:54');
INSERT INTO `likes` (`id`, `user_id`, `media_id`, `created_at`) VALUES (NULL, '81', '99', '2021-06-12 22:42:01');
INSERT INTO `likes` (`id`, `user_id`, `media_id`, `created_at`) VALUES (NULL, '31', '105', '2021-04-19 20:08:07');
INSERT INTO `likes` (`id`, `user_id`, `media_id`, `created_at`) VALUES (NULL, '103', '54', '2021-10-03 01:36:27');
INSERT INTO `likes` (`id`, `user_id`, `media_id`, `created_at`) VALUES (NULL, '15', '112', '2020-04-07 08:35:32');
INSERT INTO `likes` (`id`, `user_id`, `media_id`, `created_at`) VALUES (NULL, '67', '16', '2020-11-06 13:28:28');
INSERT INTO `likes` (`id`, `user_id`, `media_id`, `created_at`) VALUES (NULL, '48', '38', '2020-02-18 03:08:23');
INSERT INTO `likes` (`id`, `user_id`, `media_id`, `created_at`) VALUES (NULL, '144', '104', '2020-09-28 10:42:08');
INSERT INTO `likes` (`id`, `user_id`, `media_id`, `created_at`) VALUES (NULL, '100', '50', '2021-06-25 12:17:01');
INSERT INTO `likes` (`id`, `user_id`, `media_id`, `created_at`) VALUES (NULL, '28', '113', '2020-12-13 08:30:48');
INSERT INTO `likes` (`id`, `user_id`, `media_id`, `created_at`) VALUES (NULL, '28', '61', '2020-11-15 02:05:13');
INSERT INTO `likes` (`id`, `user_id`, `media_id`, `created_at`) VALUES (NULL, '141', '32', '2021-07-14 02:22:46');
INSERT INTO `likes` (`id`, `user_id`, `media_id`, `created_at`) VALUES (NULL, '34', '162', '2021-09-01 08:46:49');
INSERT INTO `likes` (`id`, `user_id`, `media_id`, `created_at`) VALUES (NULL, '44', '144', '2020-04-02 00:29:01');
INSERT INTO `likes` (`id`, `user_id`, `media_id`, `created_at`) VALUES (NULL, '148', '159', '2021-06-19 02:39:30');
INSERT INTO `likes` (`id`, `user_id`, `media_id`, `created_at`) VALUES (NULL, '73', '4', '2020-06-04 13:19:54');
INSERT INTO `likes` (`id`, `user_id`, `media_id`, `created_at`) VALUES (NULL, '14', '47', '2021-12-03 21:47:25');
INSERT INTO `likes` (`id`, `user_id`, `media_id`, `created_at`) VALUES (NULL, '80', '71', '2020-10-06 12:56:18');
INSERT INTO `likes` (`id`, `user_id`, `media_id`, `created_at`) VALUES (NULL, '27', '97', '2020-07-02 18:07:54');
INSERT INTO `likes` (`id`, `user_id`, `media_id`, `created_at`) VALUES (NULL, '145', '150', '2021-10-27 23:52:08');
INSERT INTO `likes` (`id`, `user_id`, `media_id`, `created_at`) VALUES (NULL, '94', '187', '2020-06-19 16:52:46');
INSERT INTO `likes` (`id`, `user_id`, `media_id`, `created_at`) VALUES (NULL, '25', '7', '2021-12-10 21:05:27');
INSERT INTO `likes` (`id`, `user_id`, `media_id`, `created_at`) VALUES (NULL, '110', '113', '2021-04-13 17:39:25');
INSERT INTO `likes` (`id`, `user_id`, `media_id`, `created_at`) VALUES (NULL, '15', '62', '2020-01-13 00:57:28');
INSERT INTO `likes` (`id`, `user_id`, `media_id`, `created_at`) VALUES (NULL, '101', '139', '2020-11-01 12:26:18');
INSERT INTO `likes` (`id`, `user_id`, `media_id`, `created_at`) VALUES (NULL, '19', '5', '2020-01-19 08:20:07');
INSERT INTO `likes` (`id`, `user_id`, `media_id`, `created_at`) VALUES (NULL, '45', '63', '2021-12-24 03:24:30');
INSERT INTO `likes` (`id`, `user_id`, `media_id`, `created_at`) VALUES (NULL, '86', '120', '2020-01-20 11:56:22');
INSERT INTO `likes` (`id`, `user_id`, `media_id`, `created_at`) VALUES (NULL, '118', '178', '2021-01-11 01:23:48');
INSERT INTO `likes` (`id`, `user_id`, `media_id`, `created_at`) VALUES (NULL, '49', '139', '2021-11-10 21:31:55');
INSERT INTO `likes` (`id`, `user_id`, `media_id`, `created_at`) VALUES (NULL, '125', '193', '2021-10-04 16:24:36');
INSERT INTO `likes` (`id`, `user_id`, `media_id`, `created_at`) VALUES (NULL, '23', '19', '2020-09-23 13:43:29');
INSERT INTO `likes` (`id`, `user_id`, `media_id`, `created_at`) VALUES (NULL, '143', '171', '2020-06-08 11:15:15');
INSERT INTO `likes` (`id`, `user_id`, `media_id`, `created_at`) VALUES (NULL, '54', '24', '2021-03-08 10:23:55');
INSERT INTO `likes` (`id`, `user_id`, `media_id`, `created_at`) VALUES (NULL, '107', '197', '2020-01-20 10:26:31');
INSERT INTO `likes` (`id`, `user_id`, `media_id`, `created_at`) VALUES (NULL, '141', '47', '2020-03-01 10:55:21');
INSERT INTO `likes` (`id`, `user_id`, `media_id`, `created_at`) VALUES (NULL, '97', '82', '2021-08-20 18:19:59');
INSERT INTO `likes` (`id`, `user_id`, `media_id`, `created_at`) VALUES (NULL, '39', '128', '2021-03-21 12:28:54');
INSERT INTO `likes` (`id`, `user_id`, `media_id`, `created_at`) VALUES (NULL, '33', '106', '2020-03-07 12:25:27');
INSERT INTO `likes` (`id`, `user_id`, `media_id`, `created_at`) VALUES (NULL, '4', '76', '2020-12-04 02:58:53');
INSERT INTO `likes` (`id`, `user_id`, `media_id`, `created_at`) VALUES (NULL, '38', '111', '2021-10-15 23:42:31');
INSERT INTO `likes` (`id`, `user_id`, `media_id`, `created_at`) VALUES (NULL, '30', '116', '2020-02-11 18:26:20');
INSERT INTO `likes` (`id`, `user_id`, `media_id`, `created_at`) VALUES (NULL, '27', '91', '2020-12-19 18:34:55');
INSERT INTO `likes` (`id`, `user_id`, `media_id`, `created_at`) VALUES (NULL, '120', '146', '2020-03-07 11:12:12');
INSERT INTO `likes` (`id`, `user_id`, `media_id`, `created_at`) VALUES (NULL, '116', '150', '2021-10-10 17:36:17');
INSERT INTO `likes` (`id`, `user_id`, `media_id`, `created_at`) VALUES (NULL, '124', '59', '2021-04-10 23:44:13');
INSERT INTO `likes` (`id`, `user_id`, `media_id`, `created_at`) VALUES (NULL, '102', '46', '2020-11-05 02:00:13');
INSERT INTO `likes` (`id`, `user_id`, `media_id`, `created_at`) VALUES (NULL, '76', '66', '2021-03-11 21:35:41');
INSERT INTO `likes` (`id`, `user_id`, `media_id`, `created_at`) VALUES (NULL, '99', '188', '2020-04-19 06:14:18');
INSERT INTO `likes` (`id`, `user_id`, `media_id`, `created_at`) VALUES (NULL, '74', '132', '2020-05-07 09:55:46');
INSERT INTO `likes` (`id`, `user_id`, `media_id`, `created_at`) VALUES (NULL, '86', '176', '2020-01-11 14:27:22');
INSERT INTO `likes` (`id`, `user_id`, `media_id`, `created_at`) VALUES (NULL, '148', '39', '2021-05-08 18:07:29');
INSERT INTO `likes` (`id`, `user_id`, `media_id`, `created_at`) VALUES (NULL, '24', '136', '2020-09-10 00:02:19');
INSERT INTO `likes` (`id`, `user_id`, `media_id`, `created_at`) VALUES (NULL, '77', '92', '2020-05-22 16:12:20');
INSERT INTO `likes` (`id`, `user_id`, `media_id`, `created_at`) VALUES (NULL, '84', '153', '2020-08-17 20:12:32');
INSERT INTO `likes` (`id`, `user_id`, `media_id`, `created_at`) VALUES (NULL, '47', '42', '2021-04-12 08:23:40');
INSERT INTO `likes` (`id`, `user_id`, `media_id`, `created_at`) VALUES (NULL, '93', '68', '2021-12-07 23:00:43');
INSERT INTO `likes` (`id`, `user_id`, `media_id`, `created_at`) VALUES (NULL, '70', '69', '2020-02-15 23:01:35');
INSERT INTO `likes` (`id`, `user_id`, `media_id`, `created_at`) VALUES (NULL, '149', '172', '2020-03-25 04:23:45');
INSERT INTO `likes` (`id`, `user_id`, `media_id`, `created_at`) VALUES (NULL, '107', '119', '2021-02-13 22:36:10');
INSERT INTO `likes` (`id`, `user_id`, `media_id`, `created_at`) VALUES (NULL, '2', '178', '2020-01-28 04:21:04');
INSERT INTO `likes` (`id`, `user_id`, `media_id`, `created_at`) VALUES (NULL, '20', '13', '2021-11-05 04:52:17');
INSERT INTO `likes` (`id`, `user_id`, `media_id`, `created_at`) VALUES (NULL, '68', '111', '2021-02-18 18:31:30');
INSERT INTO `likes` (`id`, `user_id`, `media_id`, `created_at`) VALUES (NULL, '58', '132', '2020-06-07 17:09:37');
INSERT INTO `likes` (`id`, `user_id`, `media_id`, `created_at`) VALUES (NULL, '111', '160', '2020-11-06 13:59:42');
INSERT INTO `likes` (`id`, `user_id`, `media_id`, `created_at`) VALUES (NULL, '113', '45', '2021-03-13 06:18:57');
INSERT INTO `likes` (`id`, `user_id`, `media_id`, `created_at`) VALUES (NULL, '74', '173', '2021-03-10 23:06:48');
INSERT INTO `likes` (`id`, `user_id`, `media_id`, `created_at`) VALUES (NULL, '36', '79', '2021-06-13 20:12:33');
INSERT INTO `likes` (`id`, `user_id`, `media_id`, `created_at`) VALUES (NULL, '24', '58', '2021-01-24 07:53:49');
INSERT INTO `likes` (`id`, `user_id`, `media_id`, `created_at`) VALUES (NULL, '110', '44', '2021-07-15 01:21:49');
INSERT INTO `likes` (`id`, `user_id`, `media_id`, `created_at`) VALUES (NULL, '85', '127', '2021-04-11 18:00:36');
INSERT INTO `likes` (`id`, `user_id`, `media_id`, `created_at`) VALUES (NULL, '105', '157', '2021-12-24 14:36:54');
INSERT INTO `likes` (`id`, `user_id`, `media_id`, `created_at`) VALUES (NULL, '101', '115', '2020-10-18 05:53:34');
INSERT INTO `likes` (`id`, `user_id`, `media_id`, `created_at`) VALUES (NULL, '32', '45', '2021-12-23 23:32:37');
INSERT INTO `likes` (`id`, `user_id`, `media_id`, `created_at`) VALUES (NULL, '57', '85', '2021-11-15 15:41:12');
INSERT INTO `likes` (`id`, `user_id`, `media_id`, `created_at`) VALUES (NULL, '98', '127', '2020-01-15 18:46:12');
INSERT INTO `likes` (`id`, `user_id`, `media_id`, `created_at`) VALUES (NULL, '67', '27', '2021-07-26 18:48:05');
INSERT INTO `likes` (`id`, `user_id`, `media_id`, `created_at`) VALUES (NULL, '84', '25', '2021-04-16 13:03:59');
INSERT INTO `likes` (`id`, `user_id`, `media_id`, `created_at`) VALUES (NULL, '110', '125', '2020-05-28 15:25:49');
INSERT INTO `likes` (`id`, `user_id`, `media_id`, `created_at`) VALUES (NULL, '105', '152', '2020-08-06 14:37:57');
INSERT INTO `likes` (`id`, `user_id`, `media_id`, `created_at`) VALUES (NULL, '136', '139', '2020-10-13 22:43:07');
INSERT INTO `likes` (`id`, `user_id`, `media_id`, `created_at`) VALUES (NULL, '44', '17', '2020-04-27 16:02:26');
INSERT INTO `likes` (`id`, `user_id`, `media_id`, `created_at`) VALUES (NULL, '29', '151', '2020-06-26 02:06:42');
INSERT INTO `likes` (`id`, `user_id`, `media_id`, `created_at`) VALUES (NULL, '105', '82', '2021-10-23 23:42:38');
INSERT INTO `likes` (`id`, `user_id`, `media_id`, `created_at`) VALUES (NULL, '136', '72', '2020-09-16 21:54:01');
INSERT INTO `likes` (`id`, `user_id`, `media_id`, `created_at`) VALUES (NULL, '62', '62', '2020-08-25 11:13:44');
INSERT INTO `likes` (`id`, `user_id`, `media_id`, `created_at`) VALUES (NULL, '83', '165', '2021-05-14 04:02:42');
INSERT INTO `likes` (`id`, `user_id`, `media_id`, `created_at`) VALUES (NULL, '82', '106', '2020-02-06 17:30:38');
INSERT INTO `likes` (`id`, `user_id`, `media_id`, `created_at`) VALUES (NULL, '87', '159', '2021-06-23 02:36:36');
INSERT INTO `likes` (`id`, `user_id`, `media_id`, `created_at`) VALUES (NULL, '44', '5', '2021-12-24 10:25:59');
INSERT INTO `likes` (`id`, `user_id`, `media_id`, `created_at`) VALUES (NULL, '54', '133', '2020-06-14 00:54:29');
INSERT INTO `likes` (`id`, `user_id`, `media_id`, `created_at`) VALUES (NULL, '68', '71', '2021-10-23 16:39:48');
INSERT INTO `likes` (`id`, `user_id`, `media_id`, `created_at`) VALUES (NULL, '146', '148', '2021-09-23 13:24:19');
INSERT INTO `likes` (`id`, `user_id`, `media_id`, `created_at`) VALUES (NULL, '95', '79', '2020-02-08 23:43:50');
INSERT INTO `likes` (`id`, `user_id`, `media_id`, `created_at`) VALUES (NULL, '90', '184', '2021-08-21 19:28:40');
INSERT INTO `likes` (`id`, `user_id`, `media_id`, `created_at`) VALUES (NULL, '92', '8', '2021-05-21 17:27:30');
INSERT INTO `likes` (`id`, `user_id`, `media_id`, `created_at`) VALUES (NULL, '131', '45', '2020-05-14 21:03:25');
INSERT INTO `likes` (`id`, `user_id`, `media_id`, `created_at`) VALUES (NULL, '97', '77', '2021-03-11 19:58:47');
INSERT INTO `likes` (`id`, `user_id`, `media_id`, `created_at`) VALUES (NULL, '69', '181', '2021-01-07 06:41:46');
INSERT INTO `likes` (`id`, `user_id`, `media_id`, `created_at`) VALUES (NULL, '73', '100', '2020-05-01 04:07:12');
INSERT INTO `likes` (`id`, `user_id`, `media_id`, `created_at`) VALUES (NULL, '106', '145', '2020-09-26 00:28:44');
INSERT INTO `likes` (`id`, `user_id`, `media_id`, `created_at`) VALUES (NULL, '83', '136', '2020-11-06 05:44:11');
INSERT INTO `likes` (`id`, `user_id`, `media_id`, `created_at`) VALUES (NULL, '146', '22', '2021-08-05 08:26:59');
INSERT INTO `likes` (`id`, `user_id`, `media_id`, `created_at`) VALUES (NULL, '65', '140', '2021-11-23 20:06:19');
INSERT INTO `likes` (`id`, `user_id`, `media_id`, `created_at`) VALUES (NULL, '7', '20', '2021-06-19 19:44:49');
INSERT INTO `likes` (`id`, `user_id`, `media_id`, `created_at`) VALUES (NULL, '130', '145', '2021-04-11 21:54:20');
INSERT INTO `likes` (`id`, `user_id`, `media_id`, `created_at`) VALUES (NULL, '29', '50', '2020-12-22 12:49:00');
INSERT INTO `likes` (`id`, `user_id`, `media_id`, `created_at`) VALUES (NULL, '9', '46', '2021-01-21 00:04:52');
INSERT INTO `likes` (`id`, `user_id`, `media_id`, `created_at`) VALUES (NULL, '75', '113', '2021-09-13 22:09:34');
INSERT INTO `likes` (`id`, `user_id`, `media_id`, `created_at`) VALUES (NULL, '144', '143', '2020-05-17 22:24:09');
INSERT INTO `likes` (`id`, `user_id`, `media_id`, `created_at`) VALUES (NULL, '121', '15', '2020-11-03 16:21:28');
INSERT INTO `likes` (`id`, `user_id`, `media_id`, `created_at`) VALUES (NULL, '36', '80', '2021-11-10 19:55:47');
INSERT INTO `likes` (`id`, `user_id`, `media_id`, `created_at`) VALUES (NULL, '125', '172', '2021-09-06 06:44:51');
INSERT INTO `likes` (`id`, `user_id`, `media_id`, `created_at`) VALUES (NULL, '142', '176', '2021-12-08 02:11:08');
INSERT INTO `likes` (`id`, `user_id`, `media_id`, `created_at`) VALUES (NULL, '14', '194', '2021-02-25 20:01:54');
INSERT INTO `likes` (`id`, `user_id`, `media_id`, `created_at`) VALUES (NULL, '20', '79', '2021-09-21 14:57:38');
INSERT INTO `likes` (`id`, `user_id`, `media_id`, `created_at`) VALUES (NULL, '57', '37', '2021-11-05 13:04:23');
INSERT INTO `likes` (`id`, `user_id`, `media_id`, `created_at`) VALUES (NULL, '71', '47', '2020-07-15 06:29:11');
INSERT INTO `likes` (`id`, `user_id`, `media_id`, `created_at`) VALUES (NULL, '5', '102', '2021-05-05 07:37:46');
INSERT INTO `likes` (`id`, `user_id`, `media_id`, `created_at`) VALUES (NULL, '128', '152', '2020-02-02 00:22:46');
INSERT INTO `likes` (`id`, `user_id`, `media_id`, `created_at`) VALUES (NULL, '131', '122', '2020-05-21 03:07:40');
INSERT INTO `likes` (`id`, `user_id`, `media_id`, `created_at`) VALUES (NULL, '30', '43', '2020-06-04 23:47:21');
INSERT INTO `likes` (`id`, `user_id`, `media_id`, `created_at`) VALUES (NULL, '110', '188', '2021-12-20 04:28:05');
INSERT INTO `likes` (`id`, `user_id`, `media_id`, `created_at`) VALUES (NULL, '16', '170', '2021-12-22 22:12:31');
INSERT INTO `photo_albums` (`id`, `name`, `user_id`) VALUES ('1', 'consectetur', '99');
INSERT INTO `photo_albums` (`id`, `name`, `user_id`) VALUES ('2', 'laboriosam', '33');
INSERT INTO `photo_albums` (`id`, `name`, `user_id`) VALUES ('3', 'quisquam', '5');
INSERT INTO `photo_albums` (`id`, `name`, `user_id`) VALUES ('4', 'fuga', '80');
INSERT INTO `photo_albums` (`id`, `name`, `user_id`) VALUES ('5', 'dolor', '71');
INSERT INTO `photo_albums` (`id`, `name`, `user_id`) VALUES ('6', 'numquam', '148');
INSERT INTO `photo_albums` (`id`, `name`, `user_id`) VALUES ('7', 'voluptatibus', '33');
INSERT INTO `photo_albums` (`id`, `name`, `user_id`) VALUES ('8', 'sint', '19');
INSERT INTO `photo_albums` (`id`, `name`, `user_id`) VALUES ('9', 'cupiditate', '146');
INSERT INTO `photo_albums` (`id`, `name`, `user_id`) VALUES ('10', 'voluptatibus', '13');
INSERT INTO `photo_albums` (`id`, `name`, `user_id`) VALUES ('11', 'dicta', '133');
INSERT INTO `photo_albums` (`id`, `name`, `user_id`) VALUES ('12', 'accusamus', '81');
INSERT INTO `photo_albums` (`id`, `name`, `user_id`) VALUES ('13', 'tempora', '15');
INSERT INTO `photo_albums` (`id`, `name`, `user_id`) VALUES ('14', 'beatae', '106');
INSERT INTO `photo_albums` (`id`, `name`, `user_id`) VALUES ('15', 'dolore', '64');
INSERT INTO `photo_albums` (`id`, `name`, `user_id`) VALUES ('16', 'consequatur', '81');
INSERT INTO `photo_albums` (`id`, `name`, `user_id`) VALUES ('17', 'ea', '20');
INSERT INTO `photo_albums` (`id`, `name`, `user_id`) VALUES ('18', 'doloremque', '75');
INSERT INTO `photo_albums` (`id`, `name`, `user_id`) VALUES ('19', 'minus', '97');
INSERT INTO `photo_albums` (`id`, `name`, `user_id`) VALUES ('20', 'ullam', '48');
INSERT INTO `photo_albums` (`id`, `name`, `user_id`) VALUES ('21', 'tenetur', '83');
INSERT INTO `photo_albums` (`id`, `name`, `user_id`) VALUES ('22', 'dicta', '82');
INSERT INTO `photo_albums` (`id`, `name`, `user_id`) VALUES ('23', 'veritatis', '29');
INSERT INTO `photo_albums` (`id`, `name`, `user_id`) VALUES ('24', 'beatae', '87');
INSERT INTO `photo_albums` (`id`, `name`, `user_id`) VALUES ('25', 'at', '46');
INSERT INTO `photo_albums` (`id`, `name`, `user_id`) VALUES ('26', 'sint', '117');
INSERT INTO `photo_albums` (`id`, `name`, `user_id`) VALUES ('27', 'minima', '132');
INSERT INTO `photo_albums` (`id`, `name`, `user_id`) VALUES ('28', 'error', '43');
INSERT INTO `photo_albums` (`id`, `name`, `user_id`) VALUES ('29', 'ipsa', '60');
INSERT INTO `photo_albums` (`id`, `name`, `user_id`) VALUES ('30', 'consequatur', '25');
INSERT INTO `photo_albums` (`id`, `name`, `user_id`) VALUES ('31', 'qui', '111');
INSERT INTO `photo_albums` (`id`, `name`, `user_id`) VALUES ('32', 'rerum', '94');
INSERT INTO `photo_albums` (`id`, `name`, `user_id`) VALUES ('33', 'debitis', '70');
INSERT INTO `photo_albums` (`id`, `name`, `user_id`) VALUES ('34', 'nemo', '46');
INSERT INTO `photo_albums` (`id`, `name`, `user_id`) VALUES ('35', 'placeat', '83');
INSERT INTO `photo_albums` (`id`, `name`, `user_id`) VALUES ('36', 'laudantium', '55');
INSERT INTO `photo_albums` (`id`, `name`, `user_id`) VALUES ('37', 'aperiam', '83');
INSERT INTO `photo_albums` (`id`, `name`, `user_id`) VALUES ('38', 'odio', '68');
INSERT INTO `photo_albums` (`id`, `name`, `user_id`) VALUES ('39', 'ut', '121');
INSERT INTO `photo_albums` (`id`, `name`, `user_id`) VALUES ('40', 'itaque', '32');
INSERT INTO `photo_albums` (`id`, `name`, `user_id`) VALUES ('41', 'perferendis', '11');
INSERT INTO `photo_albums` (`id`, `name`, `user_id`) VALUES ('42', 'velit', '48');
INSERT INTO `photo_albums` (`id`, `name`, `user_id`) VALUES ('43', 'aliquam', '82');
INSERT INTO `photo_albums` (`id`, `name`, `user_id`) VALUES ('44', 'facilis', '120');
INSERT INTO `photo_albums` (`id`, `name`, `user_id`) VALUES ('45', 'ab', '139');
INSERT INTO `photo_albums` (`id`, `name`, `user_id`) VALUES ('46', 'sed', '12');
INSERT INTO `photo_albums` (`id`, `name`, `user_id`) VALUES ('47', 'illum', '2');
INSERT INTO `photo_albums` (`id`, `name`, `user_id`) VALUES ('48', 'harum', '35');
INSERT INTO `photo_albums` (`id`, `name`, `user_id`) VALUES ('49', 'facilis', '29');
INSERT INTO `photo_albums` (`id`, `name`, `user_id`) VALUES ('50', 'accusamus', '76');
INSERT INTO `photos` (`id`, `album_id`, `media_id`) VALUES ('1', '48', '42');
INSERT INTO `photos` (`id`, `album_id`, `media_id`) VALUES ('2', '29', '48');
INSERT INTO `photos` (`id`, `album_id`, `media_id`) VALUES ('3', '42', '82');
INSERT INTO `photos` (`id`, `album_id`, `media_id`) VALUES ('4', '40', '95');
INSERT INTO `photos` (`id`, `album_id`, `media_id`) VALUES ('5', '49', '13');
INSERT INTO `photos` (`id`, `album_id`, `media_id`) VALUES ('6', '9', '150');
INSERT INTO `photos` (`id`, `album_id`, `media_id`) VALUES ('7', '29', '48');
INSERT INTO `photos` (`id`, `album_id`, `media_id`) VALUES ('8', '22', '106');
INSERT INTO `photos` (`id`, `album_id`, `media_id`) VALUES ('9', '8', '100');
INSERT INTO `photos` (`id`, `album_id`, `media_id`) VALUES ('10', '22', '106');
INSERT INTO `photos` (`id`, `album_id`, `media_id`) VALUES ('11', '22', '106');
INSERT INTO `photos` (`id`, `album_id`, `media_id`) VALUES ('12', '46', '51');
INSERT INTO `photos` (`id`, `album_id`, `media_id`) VALUES ('13', '19', '183');
INSERT INTO `photos` (`id`, `album_id`, `media_id`) VALUES ('14', '27', '74');
INSERT INTO `photos` (`id`, `album_id`, `media_id`) VALUES ('15', '23', '52');
INSERT INTO `photos` (`id`, `album_id`, `media_id`) VALUES ('16', '47', '110');
INSERT INTO `photos` (`id`, `album_id`, `media_id`) VALUES ('17', '44', '157');
INSERT INTO `photos` (`id`, `album_id`, `media_id`) VALUES ('18', '32', '16');
INSERT INTO `photos` (`id`, `album_id`, `media_id`) VALUES ('19', '15', '176');
INSERT INTO `photos` (`id`, `album_id`, `media_id`) VALUES ('20', '42', '82');
INSERT INTO `photos` (`id`, `album_id`, `media_id`) VALUES ('21', '50', '184');
INSERT INTO `photos` (`id`, `album_id`, `media_id`) VALUES ('22', '9', '150');
INSERT INTO `photos` (`id`, `album_id`, `media_id`) VALUES ('23', '42', '99');
INSERT INTO `photos` (`id`, `album_id`, `media_id`) VALUES ('24', '38', '87');
INSERT INTO `photos` (`id`, `album_id`, `media_id`) VALUES ('25', '23', '13');
INSERT INTO `photos` (`id`, `album_id`, `media_id`) VALUES ('26', '33', '188');
INSERT INTO `photos` (`id`, `album_id`, `media_id`) VALUES ('27', '40', '95');
INSERT INTO `photos` (`id`, `album_id`, `media_id`) VALUES ('28', '42', '99');
INSERT INTO `photos` (`id`, `album_id`, `media_id`) VALUES ('29', '15', '176');
INSERT INTO `photos` (`id`, `album_id`, `media_id`) VALUES ('30', '18', '4');
INSERT INTO `photos` (`id`, `album_id`, `media_id`) VALUES ('31', '49', '13');
INSERT INTO `photos` (`id`, `album_id`, `media_id`) VALUES ('32', '14', '39');
INSERT INTO `photos` (`id`, `album_id`, `media_id`) VALUES ('33', '48', '105');
INSERT INTO `photos` (`id`, `album_id`, `media_id`) VALUES ('34', '15', '176');
INSERT INTO `photos` (`id`, `album_id`, `media_id`) VALUES ('35', '26', '91');
INSERT INTO `photos` (`id`, `album_id`, `media_id`) VALUES ('36', '32', '16');
INSERT INTO `photos` (`id`, `album_id`, `media_id`) VALUES ('37', '8', '100');
INSERT INTO `photos` (`id`, `album_id`, `media_id`) VALUES ('38', '47', '110');
INSERT INTO `photos` (`id`, `album_id`, `media_id`) VALUES ('39', '40', '95');
INSERT INTO `photos` (`id`, `album_id`, `media_id`) VALUES ('40', '32', '16');
INSERT INTO `photos` (`id`, `album_id`, `media_id`) VALUES ('41', '48', '42');
INSERT INTO `photos` (`id`, `album_id`, `media_id`) VALUES ('42', '22', '106');
INSERT INTO `photos` (`id`, `album_id`, `media_id`) VALUES ('43', '44', '157');
INSERT INTO `photos` (`id`, `album_id`, `media_id`) VALUES ('44', '47', '110');
INSERT INTO `photos` (`id`, `album_id`, `media_id`) VALUES ('45', '26', '84');
INSERT INTO `photos` (`id`, `album_id`, `media_id`) VALUES ('46', '48', '105');
INSERT INTO `photos` (`id`, `album_id`, `media_id`) VALUES ('47', '38', '87');
INSERT INTO `photos` (`id`, `album_id`, `media_id`) VALUES ('48', '37', '38');
INSERT INTO `photos` (`id`, `album_id`, `media_id`) VALUES ('49', '33', '188');
INSERT INTO `photos` (`id`, `album_id`, `media_id`) VALUES ('50', '22', '106');
INSERT INTO `photos` (`id`, `album_id`, `media_id`) VALUES ('51', '1', '12');
INSERT INTO `photos` (`id`, `album_id`, `media_id`) VALUES ('52', '1', '9');
INSERT INTO `photos` (`id`, `album_id`, `media_id`) VALUES ('53', '11', '163');
INSERT INTO `photos` (`id`, `album_id`, `media_id`) VALUES ('54', '29', '48');
INSERT INTO `photos` (`id`, `album_id`, `media_id`) VALUES ('55', '17', '140');
INSERT INTO `photos` (`id`, `album_id`, `media_id`) VALUES ('56', '15', '176');
INSERT INTO `photos` (`id`, `album_id`, `media_id`) VALUES ('57', '11', '64');
INSERT INTO `photos` (`id`, `album_id`, `media_id`) VALUES ('58', '22', '106');
INSERT INTO `photos` (`id`, `album_id`, `media_id`) VALUES ('59', '8', '132');
INSERT INTO `photos` (`id`, `album_id`, `media_id`) VALUES ('60', '47', '110');
INSERT INTO `photos` (`id`, `album_id`, `media_id`) VALUES ('61', '32', '16');
INSERT INTO `photos` (`id`, `album_id`, `media_id`) VALUES ('62', '49', '96');
INSERT INTO `photos` (`id`, `album_id`, `media_id`) VALUES ('63', '38', '73');
INSERT INTO `photos` (`id`, `album_id`, `media_id`) VALUES ('64', '8', '100');
INSERT INTO `photos` (`id`, `album_id`, `media_id`) VALUES ('65', '44', '157');
INSERT INTO `photos` (`id`, `album_id`, `media_id`) VALUES ('66', '42', '99');
INSERT INTO `photos` (`id`, `album_id`, `media_id`) VALUES ('67', '46', '51');
INSERT INTO `photos` (`id`, `album_id`, `media_id`) VALUES ('68', '30', '117');
INSERT INTO `photos` (`id`, `album_id`, `media_id`) VALUES ('69', '48', '105');
INSERT INTO `photos` (`id`, `album_id`, `media_id`) VALUES ('70', '23', '96');
INSERT INTO `photos` (`id`, `album_id`, `media_id`) VALUES ('71', '22', '106');
INSERT INTO `photos` (`id`, `album_id`, `media_id`) VALUES ('72', '30', '117');
INSERT INTO `photos` (`id`, `album_id`, `media_id`) VALUES ('73', '37', '38');
INSERT INTO `photos` (`id`, `album_id`, `media_id`) VALUES ('74', '40', '95');
INSERT INTO `photos` (`id`, `album_id`, `media_id`) VALUES ('75', '50', '147');
INSERT INTO `photos` (`id`, `album_id`, `media_id`) VALUES ('76', '32', '16');
INSERT INTO `photos` (`id`, `album_id`, `media_id`) VALUES ('77', '22', '106');
INSERT INTO `photos` (`id`, `album_id`, `media_id`) VALUES ('78', '30', '117');
INSERT INTO `photos` (`id`, `album_id`, `media_id`) VALUES ('79', '49', '52');
INSERT INTO `photos` (`id`, `album_id`, `media_id`) VALUES ('80', '30', '97');
INSERT INTO `photos` (`id`, `album_id`, `media_id`) VALUES ('81', '35', '142');
INSERT INTO `photos` (`id`, `album_id`, `media_id`) VALUES ('82', '26', '91');
INSERT INTO `photos` (`id`, `album_id`, `media_id`) VALUES ('83', '8', '100');
INSERT INTO `photos` (`id`, `album_id`, `media_id`) VALUES ('84', '8', '100');
INSERT INTO `photos` (`id`, `album_id`, `media_id`) VALUES ('85', '17', '140');
INSERT INTO `photos` (`id`, `album_id`, `media_id`) VALUES ('86', '38', '73');
INSERT INTO `photos` (`id`, `album_id`, `media_id`) VALUES ('87', '26', '84');
INSERT INTO `photos` (`id`, `album_id`, `media_id`) VALUES ('88', '19', '183');
INSERT INTO `photos` (`id`, `album_id`, `media_id`) VALUES ('89', '48', '42');
INSERT INTO `photos` (`id`, `album_id`, `media_id`) VALUES ('90', '32', '16');
INSERT INTO `photos` (`id`, `album_id`, `media_id`) VALUES ('91', '47', '110');
INSERT INTO `photos` (`id`, `album_id`, `media_id`) VALUES ('92', '45', '128');
INSERT INTO `photos` (`id`, `album_id`, `media_id`) VALUES ('93', '18', '160');
INSERT INTO `photos` (`id`, `album_id`, `media_id`) VALUES ('94', '23', '96');
INSERT INTO `photos` (`id`, `album_id`, `media_id`) VALUES ('95', '46', '51');
INSERT INTO `photos` (`id`, `album_id`, `media_id`) VALUES ('96', '23', '52');
INSERT INTO `photos` (`id`, `album_id`, `media_id`) VALUES ('97', '19', '183');
INSERT INTO `photos` (`id`, `album_id`, `media_id`) VALUES ('98', '17', '140');
INSERT INTO `photos` (`id`, `album_id`, `media_id`) VALUES ('99', '46', '51');
INSERT INTO `photos` (`id`, `album_id`, `media_id`) VALUES ('100', '47', '110');
INSERT INTO `photos` (`id`, `album_id`, `media_id`) VALUES ('101', '20', '99');
INSERT INTO `photos` (`id`, `album_id`, `media_id`) VALUES ('102', '27', '74');
INSERT INTO `photos` (`id`, `album_id`, `media_id`) VALUES ('103', '44', '157');
INSERT INTO `photos` (`id`, `album_id`, `media_id`) VALUES ('104', '47', '110');
INSERT INTO `photos` (`id`, `album_id`, `media_id`) VALUES ('105', '40', '95');
INSERT INTO `photos` (`id`, `album_id`, `media_id`) VALUES ('106', '14', '39');
INSERT INTO `photos` (`id`, `album_id`, `media_id`) VALUES ('107', '1', '12');
INSERT INTO `photos` (`id`, `album_id`, `media_id`) VALUES ('108', '29', '48');
INSERT INTO `photos` (`id`, `album_id`, `media_id`) VALUES ('109', '38', '73');
INSERT INTO `photos` (`id`, `album_id`, `media_id`) VALUES ('110', '40', '95');
INSERT INTO `photos` (`id`, `album_id`, `media_id`) VALUES ('111', '45', '128');
INSERT INTO `photos` (`id`, `album_id`, `media_id`) VALUES ('112', '38', '73');
INSERT INTO `photos` (`id`, `album_id`, `media_id`) VALUES ('113', '29', '48');
INSERT INTO `photos` (`id`, `album_id`, `media_id`) VALUES ('114', '11', '163');
INSERT INTO `photos` (`id`, `album_id`, `media_id`) VALUES ('115', '18', '190');
INSERT INTO `photos` (`id`, `album_id`, `media_id`) VALUES ('116', '33', '188');
INSERT INTO `photos` (`id`, `album_id`, `media_id`) VALUES ('117', '33', '188');
INSERT INTO `photos` (`id`, `album_id`, `media_id`) VALUES ('118', '11', '163');
INSERT INTO `photos` (`id`, `album_id`, `media_id`) VALUES ('119', '47', '110');
INSERT INTO `photos` (`id`, `album_id`, `media_id`) VALUES ('120', '29', '48');
INSERT INTO `photos` (`id`, `album_id`, `media_id`) VALUES ('121', '40', '95');
INSERT INTO `photos` (`id`, `album_id`, `media_id`) VALUES ('122', '9', '150');
INSERT INTO `photos` (`id`, `album_id`, `media_id`) VALUES ('123', '33', '104');
INSERT INTO `photos` (`id`, `album_id`, `media_id`) VALUES ('124', '43', '106');
INSERT INTO `photos` (`id`, `album_id`, `media_id`) VALUES ('125', '26', '84');
INSERT INTO `photos` (`id`, `album_id`, `media_id`) VALUES ('126', '8', '132');
INSERT INTO `photos` (`id`, `album_id`, `media_id`) VALUES ('127', '27', '74');
INSERT INTO `photos` (`id`, `album_id`, `media_id`) VALUES ('128', '9', '150');
INSERT INTO `photos` (`id`, `album_id`, `media_id`) VALUES ('129', '21', '142');
INSERT INTO `photos` (`id`, `album_id`, `media_id`) VALUES ('130', '18', '160');
INSERT INTO `photos` (`id`, `album_id`, `media_id`) VALUES ('131', '19', '183');
INSERT INTO `photos` (`id`, `album_id`, `media_id`) VALUES ('132', '37', '38');
INSERT INTO `photos` (`id`, `album_id`, `media_id`) VALUES ('133', '20', '82');
INSERT INTO `photos` (`id`, `album_id`, `media_id`) VALUES ('134', '17', '140');
INSERT INTO `photos` (`id`, `album_id`, `media_id`) VALUES ('135', '32', '16');
INSERT INTO `photos` (`id`, `album_id`, `media_id`) VALUES ('136', '11', '163');
INSERT INTO `photos` (`id`, `album_id`, `media_id`) VALUES ('137', '26', '91');
INSERT INTO `photos` (`id`, `album_id`, `media_id`) VALUES ('138', '47', '110');
INSERT INTO `photos` (`id`, `album_id`, `media_id`) VALUES ('139', '15', '176');
INSERT INTO `photos` (`id`, `album_id`, `media_id`) VALUES ('140', '27', '74');
INSERT INTO `photos` (`id`, `album_id`, `media_id`) VALUES ('141', '1', '9');
INSERT INTO `photos` (`id`, `album_id`, `media_id`) VALUES ('142', '18', '4');
INSERT INTO `photos` (`id`, `album_id`, `media_id`) VALUES ('143', '17', '140');
INSERT INTO `photos` (`id`, `album_id`, `media_id`) VALUES ('144', '8', '100');
INSERT INTO `photos` (`id`, `album_id`, `media_id`) VALUES ('145', '50', '58');
INSERT INTO `photos` (`id`, `album_id`, `media_id`) VALUES ('146', '33', '188');
INSERT INTO `photos` (`id`, `album_id`, `media_id`) VALUES ('147', '30', '93');
INSERT INTO `photos` (`id`, `album_id`, `media_id`) VALUES ('148', '29', '48');
INSERT INTO `photos` (`id`, `album_id`, `media_id`) VALUES ('149', '17', '140');
INSERT INTO `photos` (`id`, `album_id`, `media_id`) VALUES ('150', '33', '104');
INSERT INTO `photos` (`id`, `album_id`, `media_id`) VALUES ('151', '38', '73');
INSERT INTO `photos` (`id`, `album_id`, `media_id`) VALUES ('152', '30', '117');
INSERT INTO `photos` (`id`, `album_id`, `media_id`) VALUES ('153', '40', '95');
INSERT INTO `photos` (`id`, `album_id`, `media_id`) VALUES ('154', '1', '12');
INSERT INTO `photos` (`id`, `album_id`, `media_id`) VALUES ('155', '38', '73');
INSERT INTO `photos` (`id`, `album_id`, `media_id`) VALUES ('156', '8', '132');
INSERT INTO `photos` (`id`, `album_id`, `media_id`) VALUES ('157', '46', '51');
INSERT INTO `photos` (`id`, `album_id`, `media_id`) VALUES ('158', '26', '91');
INSERT INTO `photos` (`id`, `album_id`, `media_id`) VALUES ('159', '45', '128');
INSERT INTO `photos` (`id`, `album_id`, `media_id`) VALUES ('160', '40', '95');
INSERT INTO `photos` (`id`, `album_id`, `media_id`) VALUES ('161', '29', '48');
INSERT INTO `photos` (`id`, `album_id`, `media_id`) VALUES ('162', '27', '74');
INSERT INTO `photos` (`id`, `album_id`, `media_id`) VALUES ('163', '33', '188');
INSERT INTO `photos` (`id`, `album_id`, `media_id`) VALUES ('164', '50', '147');
INSERT INTO `photos` (`id`, `album_id`, `media_id`) VALUES ('165', '27', '74');
INSERT INTO `photos` (`id`, `album_id`, `media_id`) VALUES ('166', '45', '44');
INSERT INTO `photos` (`id`, `album_id`, `media_id`) VALUES ('167', '42', '82');
INSERT INTO `photos` (`id`, `album_id`, `media_id`) VALUES ('168', '38', '87');
INSERT INTO `photos` (`id`, `album_id`, `media_id`) VALUES ('169', '19', '183');
INSERT INTO `photos` (`id`, `album_id`, `media_id`) VALUES ('170', '49', '52');
INSERT INTO `photos` (`id`, `album_id`, `media_id`) VALUES ('171', '20', '82');
INSERT INTO `photos` (`id`, `album_id`, `media_id`) VALUES ('172', '38', '87');
INSERT INTO `photos` (`id`, `album_id`, `media_id`) VALUES ('173', '32', '16');
INSERT INTO `photos` (`id`, `album_id`, `media_id`) VALUES ('174', '30', '117');
INSERT INTO `photos` (`id`, `album_id`, `media_id`) VALUES ('175', '9', '150');
INSERT INTO `photos` (`id`, `album_id`, `media_id`) VALUES ('176', '33', '188');
INSERT INTO `photos` (`id`, `album_id`, `media_id`) VALUES ('177', '18', '190');
INSERT INTO `photos` (`id`, `album_id`, `media_id`) VALUES ('178', '48', '105');
INSERT INTO `photos` (`id`, `album_id`, `media_id`) VALUES ('179', '29', '48');
INSERT INTO `photos` (`id`, `album_id`, `media_id`) VALUES ('180', '47', '110');
INSERT INTO `photos` (`id`, `album_id`, `media_id`) VALUES ('181', '17', '140');
INSERT INTO `photos` (`id`, `album_id`, `media_id`) VALUES ('182', '26', '91');
INSERT INTO `photos` (`id`, `album_id`, `media_id`) VALUES ('183', '40', '95');
INSERT INTO `photos` (`id`, `album_id`, `media_id`) VALUES ('184', '37', '142');
INSERT INTO `photos` (`id`, `album_id`, `media_id`) VALUES ('185', '8', '100');
INSERT INTO `photos` (`id`, `album_id`, `media_id`) VALUES ('186', '30', '117');
INSERT INTO `photos` (`id`, `album_id`, `media_id`) VALUES ('187', '30', '93');
INSERT INTO `photos` (`id`, `album_id`, `media_id`) VALUES ('188', '18', '190');
INSERT INTO `photos` (`id`, `album_id`, `media_id`) VALUES ('189', '17', '140');
INSERT INTO `photos` (`id`, `album_id`, `media_id`) VALUES ('190', '11', '64');
INSERT INTO `photos` (`id`, `album_id`, `media_id`) VALUES ('191', '48', '105');
INSERT INTO `photos` (`id`, `album_id`, `media_id`) VALUES ('192', '11', '163');
INSERT INTO `photos` (`id`, `album_id`, `media_id`) VALUES ('193', '1', '9');
INSERT INTO `photos` (`id`, `album_id`, `media_id`) VALUES ('194', '32', '16');
INSERT INTO `photos` (`id`, `album_id`, `media_id`) VALUES ('195', '21', '38');
INSERT INTO `photos` (`id`, `album_id`, `media_id`) VALUES ('196', '48', '70');
INSERT INTO `photos` (`id`, `album_id`, `media_id`) VALUES ('197', '17', '140');
INSERT INTO `photos` (`id`, `album_id`, `media_id`) VALUES ('198', '45', '128');
INSERT INTO `photos` (`id`, `album_id`, `media_id`) VALUES ('199', '50', '147');
INSERT INTO `photos` (`id`, `album_id`, `media_id`) VALUES ('200', '50', '58');
INSERT INTO `photos` (`id`, `album_id`, `media_id`) VALUES ('201', '17', '140');
INSERT INTO `photos` (`id`, `album_id`, `media_id`) VALUES ('202', '15', '176');
INSERT INTO `photos` (`id`, `album_id`, `media_id`) VALUES ('203', '26', '91');
INSERT INTO `photos` (`id`, `album_id`, `media_id`) VALUES ('204', '18', '4');
INSERT INTO `photos` (`id`, `album_id`, `media_id`) VALUES ('205', '27', '74');
INSERT INTO `photos` (`id`, `album_id`, `media_id`) VALUES ('206', '38', '73');
INSERT INTO `photos` (`id`, `album_id`, `media_id`) VALUES ('207', '26', '91');
INSERT INTO `photos` (`id`, `album_id`, `media_id`) VALUES ('208', '26', '84');
INSERT INTO `photos` (`id`, `album_id`, `media_id`) VALUES ('209', '50', '58');
INSERT INTO `photos` (`id`, `album_id`, `media_id`) VALUES ('210', '30', '93');
INSERT INTO `photos` (`id`, `album_id`, `media_id`) VALUES ('211', '19', '183');
INSERT INTO `photos` (`id`, `album_id`, `media_id`) VALUES ('212', '8', '132');
INSERT INTO `photos` (`id`, `album_id`, `media_id`) VALUES ('213', '30', '97');
INSERT INTO `photos` (`id`, `album_id`, `media_id`) VALUES ('214', '35', '142');
INSERT INTO `photos` (`id`, `album_id`, `media_id`) VALUES ('215', '27', '74');
INSERT INTO `photos` (`id`, `album_id`, `media_id`) VALUES ('216', '26', '84');
INSERT INTO `photos` (`id`, `album_id`, `media_id`) VALUES ('217', '26', '91');
INSERT INTO `photos` (`id`, `album_id`, `media_id`) VALUES ('218', '20', '82');
INSERT INTO `photos` (`id`, `album_id`, `media_id`) VALUES ('219', '45', '44');
INSERT INTO `photos` (`id`, `album_id`, `media_id`) VALUES ('220', '29', '48');
INSERT INTO `photos` (`id`, `album_id`, `media_id`) VALUES ('221', '17', '140');
INSERT INTO `photos` (`id`, `album_id`, `media_id`) VALUES ('222', '26', '91');
INSERT INTO `photos` (`id`, `album_id`, `media_id`) VALUES ('223', '15', '176');
INSERT INTO `photos` (`id`, `album_id`, `media_id`) VALUES ('224', '30', '93');
INSERT INTO `photos` (`id`, `album_id`, `media_id`) VALUES ('225', '14', '39');
INSERT INTO `photos` (`id`, `album_id`, `media_id`) VALUES ('226', '19', '183');
INSERT INTO `photos` (`id`, `album_id`, `media_id`) VALUES ('227', '44', '157');
INSERT INTO `photos` (`id`, `album_id`, `media_id`) VALUES ('228', '29', '48');
INSERT INTO `photos` (`id`, `album_id`, `media_id`) VALUES ('229', '32', '16');
INSERT INTO `photos` (`id`, `album_id`, `media_id`) VALUES ('230', '19', '183');
INSERT INTO `photos` (`id`, `album_id`, `media_id`) VALUES ('231', '47', '110');
INSERT INTO `photos` (`id`, `album_id`, `media_id`) VALUES ('232', '50', '184');
INSERT INTO `photos` (`id`, `album_id`, `media_id`) VALUES ('233', '17', '140');
INSERT INTO `photos` (`id`, `album_id`, `media_id`) VALUES ('234', '44', '157');
INSERT INTO `photos` (`id`, `album_id`, `media_id`) VALUES ('235', '20', '99');
INSERT INTO `photos` (`id`, `album_id`, `media_id`) VALUES ('236', '40', '95');
INSERT INTO `photos` (`id`, `album_id`, `media_id`) VALUES ('237', '37', '38');
INSERT INTO `photos` (`id`, `album_id`, `media_id`) VALUES ('238', '33', '104');
INSERT INTO `photos` (`id`, `album_id`, `media_id`) VALUES ('239', '11', '64');
INSERT INTO `photos` (`id`, `album_id`, `media_id`) VALUES ('240', '45', '44');
INSERT INTO `photos` (`id`, `album_id`, `media_id`) VALUES ('241', '46', '198');
INSERT INTO `photos` (`id`, `album_id`, `media_id`) VALUES ('242', '46', '198');
INSERT INTO `photos` (`id`, `album_id`, `media_id`) VALUES ('243', '19', '183');
INSERT INTO `photos` (`id`, `album_id`, `media_id`) VALUES ('244', '50', '184');
INSERT INTO `photos` (`id`, `album_id`, `media_id`) VALUES ('245', '19', '183');
INSERT INTO `photos` (`id`, `album_id`, `media_id`) VALUES ('246', '49', '13');
INSERT INTO `photos` (`id`, `album_id`, `media_id`) VALUES ('247', '44', '157');
INSERT INTO `photos` (`id`, `album_id`, `media_id`) VALUES ('248', '27', '74');
INSERT INTO `photos` (`id`, `album_id`, `media_id`) VALUES ('249', '46', '51');
INSERT INTO `photos` (`id`, `album_id`, `media_id`) VALUES ('250', '29', '48');
INSERT INTO `photos` (`id`, `album_id`, `media_id`) VALUES ('251', '38', '73');
INSERT INTO `photos` (`id`, `album_id`, `media_id`) VALUES ('252', '45', '128');
INSERT INTO `photos` (`id`, `album_id`, `media_id`) VALUES ('253', '45', '44');
INSERT INTO `photos` (`id`, `album_id`, `media_id`) VALUES ('254', '43', '106');
INSERT INTO `photos` (`id`, `album_id`, `media_id`) VALUES ('255', '23', '52');
INSERT INTO `photos` (`id`, `album_id`, `media_id`) VALUES ('256', '32', '16');
INSERT INTO `photos` (`id`, `album_id`, `media_id`) VALUES ('257', '46', '51');
INSERT INTO `photos` (`id`, `album_id`, `media_id`) VALUES ('258', '50', '58');
INSERT INTO `photos` (`id`, `album_id`, `media_id`) VALUES ('259', '8', '100');
INSERT INTO `photos` (`id`, `album_id`, `media_id`) VALUES ('260', '32', '16');
INSERT INTO `photos` (`id`, `album_id`, `media_id`) VALUES ('261', '45', '44');
INSERT INTO `photos` (`id`, `album_id`, `media_id`) VALUES ('262', '49', '52');
INSERT INTO `photos` (`id`, `album_id`, `media_id`) VALUES ('263', '40', '95');
INSERT INTO `photos` (`id`, `album_id`, `media_id`) VALUES ('264', '27', '74');
INSERT INTO `photos` (`id`, `album_id`, `media_id`) VALUES ('265', '32', '16');
INSERT INTO `photos` (`id`, `album_id`, `media_id`) VALUES ('266', '44', '157');
INSERT INTO `photos` (`id`, `album_id`, `media_id`) VALUES ('267', '45', '128');
INSERT INTO `photos` (`id`, `album_id`, `media_id`) VALUES ('268', '27', '74');
INSERT INTO `photos` (`id`, `album_id`, `media_id`) VALUES ('269', '15', '176');
INSERT INTO `photos` (`id`, `album_id`, `media_id`) VALUES ('270', '40', '95');
INSERT INTO `photos` (`id`, `album_id`, `media_id`) VALUES ('271', '35', '38');
INSERT INTO `photos` (`id`, `album_id`, `media_id`) VALUES ('272', '18', '190');
INSERT INTO `photos` (`id`, `album_id`, `media_id`) VALUES ('273', '45', '44');
INSERT INTO `photos` (`id`, `album_id`, `media_id`) VALUES ('274', '15', '176');
INSERT INTO `photos` (`id`, `album_id`, `media_id`) VALUES ('275', '1', '9');
INSERT INTO `photos` (`id`, `album_id`, `media_id`) VALUES ('276', '1', '12');
INSERT INTO `photos` (`id`, `album_id`, `media_id`) VALUES ('277', '40', '95');
INSERT INTO `photos` (`id`, `album_id`, `media_id`) VALUES ('278', '26', '84');
INSERT INTO `photos` (`id`, `album_id`, `media_id`) VALUES ('279', '18', '4');
INSERT INTO `photos` (`id`, `album_id`, `media_id`) VALUES ('280', '35', '142');
INSERT INTO `photos` (`id`, `album_id`, `media_id`) VALUES ('281', '49', '96');
INSERT INTO `photos` (`id`, `album_id`, `media_id`) VALUES ('282', '48', '42');
INSERT INTO `photos` (`id`, `album_id`, `media_id`) VALUES ('283', '44', '157');
INSERT INTO `photos` (`id`, `album_id`, `media_id`) VALUES ('284', '32', '16');
INSERT INTO `photos` (`id`, `album_id`, `media_id`) VALUES ('285', '32', '16');
INSERT INTO `photos` (`id`, `album_id`, `media_id`) VALUES ('286', '9', '150');
INSERT INTO `photos` (`id`, `album_id`, `media_id`) VALUES ('287', '19', '183');
INSERT INTO `photos` (`id`, `album_id`, `media_id`) VALUES ('288', '32', '16');
INSERT INTO `photos` (`id`, `album_id`, `media_id`) VALUES ('289', '43', '106');
INSERT INTO `photos` (`id`, `album_id`, `media_id`) VALUES ('290', '50', '184');
INSERT INTO `photos` (`id`, `album_id`, `media_id`) VALUES ('291', '26', '91');
INSERT INTO `photos` (`id`, `album_id`, `media_id`) VALUES ('292', '32', '16');
INSERT INTO `photos` (`id`, `album_id`, `media_id`) VALUES ('293', '14', '39');
INSERT INTO `photos` (`id`, `album_id`, `media_id`) VALUES ('294', '42', '99');
INSERT INTO `photos` (`id`, `album_id`, `media_id`) VALUES ('295', '33', '104');
INSERT INTO `photos` (`id`, `album_id`, `media_id`) VALUES ('296', '33', '188');
INSERT INTO `photos` (`id`, `album_id`, `media_id`) VALUES ('297', '33', '188');
INSERT INTO `photos` (`id`, `album_id`, `media_id`) VALUES ('298', '18', '160');
INSERT INTO `photos` (`id`, `album_id`, `media_id`) VALUES ('299', '22', '106');
INSERT INTO `photos` (`id`, `album_id`, `media_id`) VALUES ('300', '29', '48');
INSERT INTO `profiles` (`user_id`, `gender`, `birthday`, `photo_id`, `created_at`, `hometown`) VALUES ('1', 'f', '1941-11-28', 53, '2021-04-05 13:24:03', 'inventore');
INSERT INTO `profiles` (`user_id`, `gender`, `birthday`, `photo_id`, `created_at`, `hometown`) VALUES ('2', 'm', '1945-07-28', 110, '2021-04-21 04:45:47', 'fugit');
INSERT INTO `profiles` (`user_id`, `gender`, `birthday`, `photo_id`, `created_at`, `hometown`) VALUES ('3', 'f', '1936-12-01', 126, '2020-05-08 01:05:52', 'explicabo');
INSERT INTO `profiles` (`user_id`, `gender`, `birthday`, `photo_id`, `created_at`, `hometown`) VALUES ('4', 'm', '1977-10-02', 43, '2020-12-24 15:12:59', 'quo');
INSERT INTO `profiles` (`user_id`, `gender`, `birthday`, `photo_id`, `created_at`, `hometown`) VALUES ('5', 'f', '2013-06-06', NULL, '2020-12-15 06:06:19', 'consectetur');
INSERT INTO `profiles` (`user_id`, `gender`, `birthday`, `photo_id`, `created_at`, `hometown`) VALUES ('6', 'm', '1999-02-07', 30, '2021-07-24 17:32:56', 'asperiores');
INSERT INTO `profiles` (`user_id`, `gender`, `birthday`, `photo_id`, `created_at`, `hometown`) VALUES ('7', 'm', '1968-07-19', 67, '2020-09-28 04:39:58', 'modi');
INSERT INTO `profiles` (`user_id`, `gender`, `birthday`, `photo_id`, `created_at`, `hometown`) VALUES ('8', 'f', '1943-01-20', NULL, '2020-10-09 01:27:00', 'expedita');
INSERT INTO `profiles` (`user_id`, `gender`, `birthday`, `photo_id`, `created_at`, `hometown`) VALUES ('9', 'm', '1954-03-21', 193, '2020-02-01 18:28:23', 'veniam');
INSERT INTO `profiles` (`user_id`, `gender`, `birthday`, `photo_id`, `created_at`, `hometown`) VALUES ('10', 'm', '1990-11-17', 33, '2020-08-22 15:08:22', 'fuga');
INSERT INTO `profiles` (`user_id`, `gender`, `birthday`, `photo_id`, `created_at`, `hometown`) VALUES ('11', 'm', '1982-12-09', NULL, '2021-01-18 05:24:44', 'veritatis');
INSERT INTO `profiles` (`user_id`, `gender`, `birthday`, `photo_id`, `created_at`, `hometown`) VALUES ('12', 'f', '1980-05-11', 51, '2021-06-09 22:11:48', 'molestiae');
INSERT INTO `profiles` (`user_id`, `gender`, `birthday`, `photo_id`, `created_at`, `hometown`) VALUES ('13', 'f', '1985-10-01', NULL, '2020-10-23 02:14:36', 'ipsam');
INSERT INTO `profiles` (`user_id`, `gender`, `birthday`, `photo_id`, `created_at`, `hometown`) VALUES ('14', 'm', '2006-04-15', 199, '2020-01-26 17:40:12', 'culpa');
INSERT INTO `profiles` (`user_id`, `gender`, `birthday`, `photo_id`, `created_at`, `hometown`) VALUES ('15', 'm', '1961-12-12', NULL, '2021-08-22 04:21:02', 'totam');
INSERT INTO `profiles` (`user_id`, `gender`, `birthday`, `photo_id`, `created_at`, `hometown`) VALUES ('16', 'f', '1987-11-04', 187, '2020-01-11 07:43:12', 'fugiat');
INSERT INTO `profiles` (`user_id`, `gender`, `birthday`, `photo_id`, `created_at`, `hometown`) VALUES ('17', 'm', '1946-06-16', 25, '2020-03-21 14:25:59', 'impedit');
INSERT INTO `profiles` (`user_id`, `gender`, `birthday`, `photo_id`, `created_at`, `hometown`) VALUES ('18', 'f', '1931-07-19', 155, '2020-12-03 03:39:12', 'culpa');
INSERT INTO `profiles` (`user_id`, `gender`, `birthday`, `photo_id`, `created_at`, `hometown`) VALUES ('19', 'f', '1984-01-25', 132, '2020-03-22 14:52:19', 'vero');
INSERT INTO `profiles` (`user_id`, `gender`, `birthday`, `photo_id`, `created_at`, `hometown`) VALUES ('20', 'm', '2000-04-20', 140, '2020-11-16 09:09:16', 'vel');
INSERT INTO `profiles` (`user_id`, `gender`, `birthday`, `photo_id`, `created_at`, `hometown`) VALUES ('21', 'f', '1991-08-07', NULL, '2021-08-09 23:20:18', 'ipsum');
INSERT INTO `profiles` (`user_id`, `gender`, `birthday`, `photo_id`, `created_at`, `hometown`) VALUES ('22', 'm', '1935-08-01', NULL, '2020-04-05 22:28:10', 'consequuntur');
INSERT INTO `profiles` (`user_id`, `gender`, `birthday`, `photo_id`, `created_at`, `hometown`) VALUES ('23', 'f', '1991-06-22', 134, '2020-03-25 18:17:30', 'quia');
INSERT INTO `profiles` (`user_id`, `gender`, `birthday`, `photo_id`, `created_at`, `hometown`) VALUES ('24', 'm', '1932-11-15', 112, '2020-01-20 14:36:41', 'obcaecati');
INSERT INTO `profiles` (`user_id`, `gender`, `birthday`, `photo_id`, `created_at`, `hometown`) VALUES ('25', 'm', '1992-07-21', 93, '2020-05-12 19:28:19', 'magni');
INSERT INTO `profiles` (`user_id`, `gender`, `birthday`, `photo_id`, `created_at`, `hometown`) VALUES ('26', 'f', '1931-12-10', 151, '2020-11-06 12:55:04', 'nesciunt');
INSERT INTO `profiles` (`user_id`, `gender`, `birthday`, `photo_id`, `created_at`, `hometown`) VALUES ('27', 'm', '1976-03-05', 148, '2021-08-12 08:14:08', 'repudiandae');
INSERT INTO `profiles` (`user_id`, `gender`, `birthday`, `photo_id`, `created_at`, `hometown`) VALUES ('28', 'm', '1992-02-17', 115, '2021-07-14 21:27:58', 'cum');
INSERT INTO `profiles` (`user_id`, `gender`, `birthday`, `photo_id`, `created_at`, `hometown`) VALUES ('29', 'f', '1997-12-14', 96, '2020-01-11 04:57:56', 'voluptas');
INSERT INTO `profiles` (`user_id`, `gender`, `birthday`, `photo_id`, `created_at`, `hometown`) VALUES ('30', 'm', '2008-12-25', NULL, '2020-11-16 04:45:59', 'natus');
INSERT INTO `profiles` (`user_id`, `gender`, `birthday`, `photo_id`, `created_at`, `hometown`) VALUES ('31', 'm', '1949-10-11', NULL, '2021-01-10 22:55:00', 'veritatis');
INSERT INTO `profiles` (`user_id`, `gender`, `birthday`, `photo_id`, `created_at`, `hometown`) VALUES ('32', 'f', '1964-12-22', 95, '2020-03-06 13:29:59', 'temporibus');
INSERT INTO `profiles` (`user_id`, `gender`, `birthday`, `photo_id`, `created_at`, `hometown`) VALUES ('33', 'm', '1946-11-01', NULL, '2021-05-03 21:43:01', 'tenetur');
INSERT INTO `profiles` (`user_id`, `gender`, `birthday`, `photo_id`, `created_at`, `hometown`) VALUES ('34', 'm', '2007-04-14', 66, '2021-03-10 14:10:40', 'quasi');
INSERT INTO `profiles` (`user_id`, `gender`, `birthday`, `photo_id`, `created_at`, `hometown`) VALUES ('35', 'f', '1986-02-15', 105, '2020-10-08 06:24:40', 'blanditiis');
INSERT INTO `profiles` (`user_id`, `gender`, `birthday`, `photo_id`, `created_at`, `hometown`) VALUES ('36', 'm', '1972-09-10', 21, '2021-04-23 23:54:44', 'adipisci');
INSERT INTO `profiles` (`user_id`, `gender`, `birthday`, `photo_id`, `created_at`, `hometown`) VALUES ('37', 'f', '1930-02-19', 139, '2021-10-01 14:07:08', 'at');
INSERT INTO `profiles` (`user_id`, `gender`, `birthday`, `photo_id`, `created_at`, `hometown`) VALUES ('38', 'f', '1956-07-12', 31, '2020-11-11 14:59:58', 'eos');
INSERT INTO `profiles` (`user_id`, `gender`, `birthday`, `photo_id`, `created_at`, `hometown`) VALUES ('39', 'f', '2010-03-12', NULL, '2020-11-07 23:13:08', 'cum');
INSERT INTO `profiles` (`user_id`, `gender`, `birthday`, `photo_id`, `created_at`, `hometown`) VALUES ('40', 'm', '1985-01-16', 50, '2020-04-11 20:06:23', 'est');
INSERT INTO `profiles` (`user_id`, `gender`, `birthday`, `photo_id`, `created_at`, `hometown`) VALUES ('41', 'm', '1933-07-12', 177, '2021-06-02 18:24:11', 'adipisci');
INSERT INTO `profiles` (`user_id`, `gender`, `birthday`, `photo_id`, `created_at`, `hometown`) VALUES ('42', 'f', '1978-06-26', 154, '2020-04-07 08:12:53', 'veniam');
INSERT INTO `profiles` (`user_id`, `gender`, `birthday`, `photo_id`, `created_at`, `hometown`) VALUES ('43', 'f', '2001-12-17', NULL, '2021-02-06 01:43:51', 'molestiae');
INSERT INTO `profiles` (`user_id`, `gender`, `birthday`, `photo_id`, `created_at`, `hometown`) VALUES ('44', 'f', '1998-03-24', 123, '2020-05-05 23:39:18', 'molestiae');
INSERT INTO `profiles` (`user_id`, `gender`, `birthday`, `photo_id`, `created_at`, `hometown`) VALUES ('45', 'f', '1986-02-17', 178, '2021-03-10 05:33:15', 'sed');
INSERT INTO `profiles` (`user_id`, `gender`, `birthday`, `photo_id`, `created_at`, `hometown`) VALUES ('46', 'f', '1943-12-23', NULL, '2020-04-19 16:13:34', 'quam');
INSERT INTO `profiles` (`user_id`, `gender`, `birthday`, `photo_id`, `created_at`, `hometown`) VALUES ('47', 'm', '1983-01-22', NULL, '2021-04-19 23:55:00', 'omnis');
INSERT INTO `profiles` (`user_id`, `gender`, `birthday`, `photo_id`, `created_at`, `hometown`) VALUES ('48', 'f', '1956-03-21', 99, '2020-12-13 18:25:50', 'consectetur');
INSERT INTO `profiles` (`user_id`, `gender`, `birthday`, `photo_id`, `created_at`, `hometown`) VALUES ('49', 'f', '1937-05-23', 167, '2021-11-14 07:31:11', 'deserunt');
INSERT INTO `profiles` (`user_id`, `gender`, `birthday`, `photo_id`, `created_at`, `hometown`) VALUES ('50', 'm', '1961-10-25', NULL, '2020-04-23 00:37:24', 'sit');
INSERT INTO `profiles` (`user_id`, `gender`, `birthday`, `photo_id`, `created_at`, `hometown`) VALUES ('51', 'f', '1981-09-13', NULL, '2020-06-20 01:21:38', 'quas');
INSERT INTO `profiles` (`user_id`, `gender`, `birthday`, `photo_id`, `created_at`, `hometown`) VALUES ('52', 'm', '2001-05-12', 152, '2020-12-12 21:52:21', 'maxime');
INSERT INTO `profiles` (`user_id`, `gender`, `birthday`, `photo_id`, `created_at`, `hometown`) VALUES ('53', 'f', '1987-11-20', NULL, '2021-03-19 18:10:16', 'non');
INSERT INTO `profiles` (`user_id`, `gender`, `birthday`, `photo_id`, `created_at`, `hometown`) VALUES ('54', 'f', '1967-06-14', 75, '2021-06-02 09:00:34', 'ipsam');
INSERT INTO `profiles` (`user_id`, `gender`, `birthday`, `photo_id`, `created_at`, `hometown`) VALUES ('55', 'm', '1991-11-05', NULL, '2020-09-04 21:08:00', 'assumenda');
INSERT INTO `profiles` (`user_id`, `gender`, `birthday`, `photo_id`, `created_at`, `hometown`) VALUES ('56', 'f', '1951-02-03', NULL, '2021-03-11 02:29:13', 'asperiores');
INSERT INTO `profiles` (`user_id`, `gender`, `birthday`, `photo_id`, `created_at`, `hometown`) VALUES ('57', 'm', '1944-11-22', 118, '2020-06-20 22:54:06', 'cupiditate');
INSERT INTO `profiles` (`user_id`, `gender`, `birthday`, `photo_id`, `created_at`, `hometown`) VALUES ('58', 'm', '1999-03-13', 192, '2021-11-28 06:18:39', 'ut');
INSERT INTO `profiles` (`user_id`, `gender`, `birthday`, `photo_id`, `created_at`, `hometown`) VALUES ('59', 'm', '1954-01-28', 135, '2020-02-07 19:11:39', 'doloremque');
INSERT INTO `profiles` (`user_id`, `gender`, `birthday`, `photo_id`, `created_at`, `hometown`) VALUES ('60', 'f', '2006-12-14', 48, '2021-12-21 10:23:44', 'aliquid');
INSERT INTO `profiles` (`user_id`, `gender`, `birthday`, `photo_id`, `created_at`, `hometown`) VALUES ('61', 'f', '1986-09-22', 2, '2020-12-12 21:01:48', 'fuga');
INSERT INTO `profiles` (`user_id`, `gender`, `birthday`, `photo_id`, `created_at`, `hometown`) VALUES ('62', 'f', '1992-01-07', 143, '2021-09-18 01:37:47', 'repellendus');
INSERT INTO `profiles` (`user_id`, `gender`, `birthday`, `photo_id`, `created_at`, `hometown`) VALUES ('63', 'm', '1985-06-11', NULL, '2020-09-06 17:46:21', 'fugit');
INSERT INTO `profiles` (`user_id`, `gender`, `birthday`, `photo_id`, `created_at`, `hometown`) VALUES ('64', 'm', '2007-07-18', 176, '2021-10-04 04:56:21', 'tenetur');
INSERT INTO `profiles` (`user_id`, `gender`, `birthday`, `photo_id`, `created_at`, `hometown`) VALUES ('65', 'm', '1987-12-11', 172, '2020-06-25 15:28:18', 'voluptate');
INSERT INTO `profiles` (`user_id`, `gender`, `birthday`, `photo_id`, `created_at`, `hometown`) VALUES ('66', 'm', '2000-04-03', 119, '2020-08-11 11:08:49', 'fugit');
INSERT INTO `profiles` (`user_id`, `gender`, `birthday`, `photo_id`, `created_at`, `hometown`) VALUES ('67', 'f', '1971-07-25', NULL, '2020-01-19 01:40:53', 'sequi');
INSERT INTO `profiles` (`user_id`, `gender`, `birthday`, `photo_id`, `created_at`, `hometown`) VALUES ('68', 'f', '1964-09-23', 73, '2021-06-21 02:47:16', 'voluptatibus');
INSERT INTO `profiles` (`user_id`, `gender`, `birthday`, `photo_id`, `created_at`, `hometown`) VALUES ('69', 'm', '1957-03-22', 34, '2020-01-12 06:32:30', 'quidem');
INSERT INTO `profiles` (`user_id`, `gender`, `birthday`, `photo_id`, `created_at`, `hometown`) VALUES ('70', 'f', '1996-05-14', 104, '2021-10-28 18:30:12', 'placeat');
INSERT INTO `profiles` (`user_id`, `gender`, `birthday`, `photo_id`, `created_at`, `hometown`) VALUES ('71', 'm', '1995-09-11', NULL, '2021-12-16 10:40:31', 'ut');
INSERT INTO `profiles` (`user_id`, `gender`, `birthday`, `photo_id`, `created_at`, `hometown`) VALUES ('72', 'm', '1973-03-23', NULL, '2021-06-03 21:54:31', 'saepe');
INSERT INTO `profiles` (`user_id`, `gender`, `birthday`, `photo_id`, `created_at`, `hometown`) VALUES ('73', 'f', '2005-05-26', 77, '2020-12-22 05:50:43', 'aperiam');
INSERT INTO `profiles` (`user_id`, `gender`, `birthday`, `photo_id`, `created_at`, `hometown`) VALUES ('74', 'm', '2008-05-07', 109, '2021-08-14 11:13:43', 'quia');
INSERT INTO `profiles` (`user_id`, `gender`, `birthday`, `photo_id`, `created_at`, `hometown`) VALUES ('75', 'f', '1949-06-13', 4, '2021-12-11 00:06:09', 'nulla');
INSERT INTO `profiles` (`user_id`, `gender`, `birthday`, `photo_id`, `created_at`, `hometown`) VALUES ('76', 'm', '1934-03-07', 58, '2021-01-11 14:27:01', 'saepe');
INSERT INTO `profiles` (`user_id`, `gender`, `birthday`, `photo_id`, `created_at`, `hometown`) VALUES ('77', 'f', '1956-11-28', 102, '2021-10-08 11:44:53', 'asperiores');
INSERT INTO `profiles` (`user_id`, `gender`, `birthday`, `photo_id`, `created_at`, `hometown`) VALUES ('78', 'm', '2013-06-22', 78, '2020-01-11 15:07:41', 'quaerat');
INSERT INTO `profiles` (`user_id`, `gender`, `birthday`, `photo_id`, `created_at`, `hometown`) VALUES ('79', 'f', '1981-12-02', NULL, '2021-10-09 00:08:59', 'officia');
INSERT INTO `profiles` (`user_id`, `gender`, `birthday`, `photo_id`, `created_at`, `hometown`) VALUES ('80', 'f', '1938-06-21', NULL, '2021-09-23 13:12:53', 'et');
INSERT INTO `profiles` (`user_id`, `gender`, `birthday`, `photo_id`, `created_at`, `hometown`) VALUES ('81', 'f', '1989-12-15', NULL, '2020-08-20 12:35:37', 'itaque');
INSERT INTO `profiles` (`user_id`, `gender`, `birthday`, `photo_id`, `created_at`, `hometown`) VALUES ('82', 'm', '1949-09-28', 106, '2020-12-02 11:31:50', 'optio');
INSERT INTO `profiles` (`user_id`, `gender`, `birthday`, `photo_id`, `created_at`, `hometown`) VALUES ('83', 'f', '2001-04-28', 38, '2020-02-14 03:36:45', 'quia');
INSERT INTO `profiles` (`user_id`, `gender`, `birthday`, `photo_id`, `created_at`, `hometown`) VALUES ('84', 'm', '1930-07-26', 130, '2021-12-22 10:53:34', 'sed');
INSERT INTO `profiles` (`user_id`, `gender`, `birthday`, `photo_id`, `created_at`, `hometown`) VALUES ('85', 'm', '1969-07-12', NULL, '2021-06-09 11:25:57', 'culpa');
INSERT INTO `profiles` (`user_id`, `gender`, `birthday`, `photo_id`, `created_at`, `hometown`) VALUES ('86', 'm', '2008-02-23', NULL, '2021-06-15 08:52:12', 'vero');
INSERT INTO `profiles` (`user_id`, `gender`, `birthday`, `photo_id`, `created_at`, `hometown`) VALUES ('87', 'f', '2012-12-22', NULL, '2021-03-09 18:51:20', 'corrupti');
INSERT INTO `profiles` (`user_id`, `gender`, `birthday`, `photo_id`, `created_at`, `hometown`) VALUES ('88', 'f', '1960-06-05', NULL, '2020-06-26 03:02:21', 'fugiat');
INSERT INTO `profiles` (`user_id`, `gender`, `birthday`, `photo_id`, `created_at`, `hometown`) VALUES ('89', 'm', '1966-06-10', 49, '2020-09-17 01:44:01', 'voluptate');
INSERT INTO `profiles` (`user_id`, `gender`, `birthday`, `photo_id`, `created_at`, `hometown`) VALUES ('90', 'm', '1966-09-17', 101, '2021-09-28 20:46:26', 'accusantium');
INSERT INTO `profiles` (`user_id`, `gender`, `birthday`, `photo_id`, `created_at`, `hometown`) VALUES ('91', 'f', '1991-12-27', 65, '2020-11-24 06:21:54', 'blanditiis');
INSERT INTO `profiles` (`user_id`, `gender`, `birthday`, `photo_id`, `created_at`, `hometown`) VALUES ('92', 'm', '1961-01-11', 62, '2021-10-18 09:18:13', 'quis');
INSERT INTO `profiles` (`user_id`, `gender`, `birthday`, `photo_id`, `created_at`, `hometown`) VALUES ('93', 'm', '1957-10-26', NULL, '2020-01-12 09:56:39', 'odio');
INSERT INTO `profiles` (`user_id`, `gender`, `birthday`, `photo_id`, `created_at`, `hometown`) VALUES ('94', 'm', '1942-08-24', 16, '2020-06-02 16:12:10', 'libero');
INSERT INTO `profiles` (`user_id`, `gender`, `birthday`, `photo_id`, `created_at`, `hometown`) VALUES ('95', 'f', '1935-11-11', 122, '2021-11-19 17:03:49', 'cumque');
INSERT INTO `profiles` (`user_id`, `gender`, `birthday`, `photo_id`, `created_at`, `hometown`) VALUES ('96', 'f', '1941-04-09', NULL, '2021-05-18 07:41:39', 'repellat');
INSERT INTO `profiles` (`user_id`, `gender`, `birthday`, `photo_id`, `created_at`, `hometown`) VALUES ('97', 'f', '1972-05-08', 183, '2020-12-02 01:53:50', 'optio');
INSERT INTO `profiles` (`user_id`, `gender`, `birthday`, `photo_id`, `created_at`, `hometown`) VALUES ('98', 'm', '1950-06-26', NULL, '2021-08-21 20:46:40', 'aut');
INSERT INTO `profiles` (`user_id`, `gender`, `birthday`, `photo_id`, `created_at`, `hometown`) VALUES ('99', 'f', '1990-06-25', 12, '2021-10-12 00:46:10', 'eveniet');
INSERT INTO `profiles` (`user_id`, `gender`, `birthday`, `photo_id`, `created_at`, `hometown`) VALUES ('100', 'm', '1996-03-22', NULL, '2020-02-27 19:10:07', 'possimus');
INSERT INTO `profiles` (`user_id`, `gender`, `birthday`, `photo_id`, `created_at`, `hometown`) VALUES ('101', 'm', '1964-12-18', 136, '2021-06-24 17:09:27', 'accusantium');
INSERT INTO `profiles` (`user_id`, `gender`, `birthday`, `photo_id`, `created_at`, `hometown`) VALUES ('102', 'f', '1973-05-08', NULL, '2020-11-02 05:33:09', 'libero');
INSERT INTO `profiles` (`user_id`, `gender`, `birthday`, `photo_id`, `created_at`, `hometown`) VALUES ('103', 'f', '1963-12-26', 158, '2020-09-17 11:48:29', 'debitis');
INSERT INTO `profiles` (`user_id`, `gender`, `birthday`, `photo_id`, `created_at`, `hometown`) VALUES ('104', 'm', '1942-12-23', NULL, '2020-05-05 10:32:40', 'praesentium');
INSERT INTO `profiles` (`user_id`, `gender`, `birthday`, `photo_id`, `created_at`, `hometown`) VALUES ('105', 'm', '1951-10-08', 168, '2020-03-15 01:45:26', 'sequi');
INSERT INTO `profiles` (`user_id`, `gender`, `birthday`, `photo_id`, `created_at`, `hometown`) VALUES ('106', 'f', '2007-12-27', 39, '2020-01-03 05:46:45', 'quia');
INSERT INTO `profiles` (`user_id`, `gender`, `birthday`, `photo_id`, `created_at`, `hometown`) VALUES ('107', 'm', '1982-10-11', 145, '2021-04-19 20:25:33', 'voluptatibus');
INSERT INTO `profiles` (`user_id`, `gender`, `birthday`, `photo_id`, `created_at`, `hometown`) VALUES ('108', 'm', '1962-05-24', 6, '2021-06-27 10:29:10', 'error');
INSERT INTO `profiles` (`user_id`, `gender`, `birthday`, `photo_id`, `created_at`, `hometown`) VALUES ('109', 'm', '1963-08-28', 103, '2021-09-27 05:05:01', 'porro');
INSERT INTO `profiles` (`user_id`, `gender`, `birthday`, `photo_id`, `created_at`, `hometown`) VALUES ('110', 'm', '1944-11-18', 173, '2020-12-21 09:54:50', 'quas');
INSERT INTO `profiles` (`user_id`, `gender`, `birthday`, `photo_id`, `created_at`, `hometown`) VALUES ('111', 'f', '1941-08-27', NULL, '2021-04-03 10:14:18', 'eos');
INSERT INTO `profiles` (`user_id`, `gender`, `birthday`, `photo_id`, `created_at`, `hometown`) VALUES ('112', 'f', '1932-12-24', 197, '2021-07-15 14:32:46', 'libero');
INSERT INTO `profiles` (`user_id`, `gender`, `birthday`, `photo_id`, `created_at`, `hometown`) VALUES ('113', 'f', '1996-05-18', 108, '2021-04-07 16:06:13', 'consequatur');
INSERT INTO `profiles` (`user_id`, `gender`, `birthday`, `photo_id`, `created_at`, `hometown`) VALUES ('114', 'f', '1935-10-11', NULL, '2021-01-14 21:45:15', 'natus');
INSERT INTO `profiles` (`user_id`, `gender`, `birthday`, `photo_id`, `created_at`, `hometown`) VALUES ('115', 'f', '2009-07-24', NULL, '2021-04-03 06:47:09', 'aperiam');
INSERT INTO `profiles` (`user_id`, `gender`, `birthday`, `photo_id`, `created_at`, `hometown`) VALUES ('116', 'f', '1934-04-27', 27, '2021-08-04 09:04:32', 'maxime');
INSERT INTO `profiles` (`user_id`, `gender`, `birthday`, `photo_id`, `created_at`, `hometown`) VALUES ('117', 'f', '1941-04-26', 91, '2021-11-06 01:17:21', 'corrupti');
INSERT INTO `profiles` (`user_id`, `gender`, `birthday`, `photo_id`, `created_at`, `hometown`) VALUES ('118', 'f', '1999-10-13', 171, '2021-02-21 04:35:23', 'illum');
INSERT INTO `profiles` (`user_id`, `gender`, `birthday`, `photo_id`, `created_at`, `hometown`) VALUES ('119', 'f', '1971-03-26', 195, '2020-10-07 16:42:22', 'dolores');
INSERT INTO `profiles` (`user_id`, `gender`, `birthday`, `photo_id`, `created_at`, `hometown`) VALUES ('120', 'f', '1945-10-08', 157, '2020-12-08 09:13:32', 'quos');
INSERT INTO `profiles` (`user_id`, `gender`, `birthday`, `photo_id`, `created_at`, `hometown`) VALUES ('121', 'f', '2002-12-16', NULL, '2020-01-17 07:25:00', 'earum');
INSERT INTO `profiles` (`user_id`, `gender`, `birthday`, `photo_id`, `created_at`, `hometown`) VALUES ('122', 'f', '1962-04-26', 196, '2020-11-01 07:24:44', 'dolorum');
INSERT INTO `profiles` (`user_id`, `gender`, `birthday`, `photo_id`, `created_at`, `hometown`) VALUES ('123', 'f', '2005-10-27', 89, '2020-02-09 18:16:00', 'illum');
INSERT INTO `profiles` (`user_id`, `gender`, `birthday`, `photo_id`, `created_at`, `hometown`) VALUES ('124', 'm', '1936-02-05', 68, '2020-03-06 10:41:52', 'ducimus');
INSERT INTO `profiles` (`user_id`, `gender`, `birthday`, `photo_id`, `created_at`, `hometown`) VALUES ('125', 'f', '2009-10-07', 47, '2020-02-15 09:39:36', 'similique');
INSERT INTO `profiles` (`user_id`, `gender`, `birthday`, `photo_id`, `created_at`, `hometown`) VALUES ('126', 'f', '1950-05-16', 40, '2021-07-17 20:08:56', 'dignissimos');
INSERT INTO `profiles` (`user_id`, `gender`, `birthday`, `photo_id`, `created_at`, `hometown`) VALUES ('127', 'f', '1958-10-03', 113, '2021-03-04 15:15:29', 'obcaecati');
INSERT INTO `profiles` (`user_id`, `gender`, `birthday`, `photo_id`, `created_at`, `hometown`) VALUES ('128', 'm', '1979-03-13', NULL, '2021-04-09 13:29:19', 'atque');
INSERT INTO `profiles` (`user_id`, `gender`, `birthday`, `photo_id`, `created_at`, `hometown`) VALUES ('129', 'f', '1947-09-13', 146, '2020-09-23 10:37:37', 'cum');
INSERT INTO `profiles` (`user_id`, `gender`, `birthday`, `photo_id`, `created_at`, `hometown`) VALUES ('130', 'm', '1999-03-15', 127, '2020-10-28 23:07:28', 'consequuntur');
INSERT INTO `profiles` (`user_id`, `gender`, `birthday`, `photo_id`, `created_at`, `hometown`) VALUES ('131', 'm', '1971-10-02', NULL, '2021-05-17 13:22:20', 'eaque');
INSERT INTO `profiles` (`user_id`, `gender`, `birthday`, `photo_id`, `created_at`, `hometown`) VALUES ('132', 'f', '1943-08-21', 74, '2020-06-13 22:38:51', 'mollitia');
INSERT INTO `profiles` (`user_id`, `gender`, `birthday`, `photo_id`, `created_at`, `hometown`) VALUES ('133', 'f', '2000-05-04', 64, '2020-02-07 14:42:56', 'dolorem');
INSERT INTO `profiles` (`user_id`, `gender`, `birthday`, `photo_id`, `created_at`, `hometown`) VALUES ('134', 'f', '2002-11-17', 36, '2021-01-08 17:11:07', 'unde');
INSERT INTO `profiles` (`user_id`, `gender`, `birthday`, `photo_id`, `created_at`, `hometown`) VALUES ('135', 'f', '1971-03-23', NULL, '2021-08-04 23:36:48', 'nobis');
INSERT INTO `profiles` (`user_id`, `gender`, `birthday`, `photo_id`, `created_at`, `hometown`) VALUES ('136', 'f', '1936-05-20', 131, '2020-08-27 16:27:09', 'autem');
INSERT INTO `profiles` (`user_id`, `gender`, `birthday`, `photo_id`, `created_at`, `hometown`) VALUES ('137', 'm', '2014-01-19', 10, '2021-04-17 00:02:48', 'alias');
INSERT INTO `profiles` (`user_id`, `gender`, `birthday`, `photo_id`, `created_at`, `hometown`) VALUES ('138', 'm', '1988-08-06', 41, '2020-12-03 23:38:38', 'corrupti');
INSERT INTO `profiles` (`user_id`, `gender`, `birthday`, `photo_id`, `created_at`, `hometown`) VALUES ('139', 'm', '1985-04-07', 44, '2020-03-24 15:20:16', 'totam');
INSERT INTO `profiles` (`user_id`, `gender`, `birthday`, `photo_id`, `created_at`, `hometown`) VALUES ('140', 'm', '1980-06-18', 111, '2020-05-05 10:42:14', 'repudiandae');
INSERT INTO `profiles` (`user_id`, `gender`, `birthday`, `photo_id`, `created_at`, `hometown`) VALUES ('141', 'm', '1970-07-09', 181, '2020-06-02 01:32:36', 'id');
INSERT INTO `profiles` (`user_id`, `gender`, `birthday`, `photo_id`, `created_at`, `hometown`) VALUES ('142', 'f', '1978-08-06', NULL, '2021-05-15 11:53:24', 'doloremque');
INSERT INTO `profiles` (`user_id`, `gender`, `birthday`, `photo_id`, `created_at`, `hometown`) VALUES ('143', 'm', '1934-12-14', 24, '2021-05-02 12:51:45', 'qui');
INSERT INTO `profiles` (`user_id`, `gender`, `birthday`, `photo_id`, `created_at`, `hometown`) VALUES ('144', 'm', '1956-06-03', 159, '2021-07-10 16:29:43', 'eveniet');
INSERT INTO `profiles` (`user_id`, `gender`, `birthday`, `photo_id`, `created_at`, `hometown`) VALUES ('145', 'm', '1957-09-16', NULL, '2020-02-25 23:33:30', 'officia');
INSERT INTO `profiles` (`user_id`, `gender`, `birthday`, `photo_id`, `created_at`, `hometown`) VALUES ('146', 'm', '1949-08-08', 150, '2020-03-04 04:29:46', 'molestias');
INSERT INTO `profiles` (`user_id`, `gender`, `birthday`, `photo_id`, `created_at`, `hometown`) VALUES ('147', 'f', '2000-02-15', 80, '2020-04-07 04:51:40', 'facilis');
INSERT INTO `profiles` (`user_id`, `gender`, `birthday`, `photo_id`, `created_at`, `hometown`) VALUES ('148', 'm', '1978-05-21', NULL, '2021-02-12 07:52:29', 'doloremque');
INSERT INTO `profiles` (`user_id`, `gender`, `birthday`, `photo_id`, `created_at`, `hometown`) VALUES ('149', 'm', '2001-03-26', NULL, '2021-11-18 01:29:24', 'velit');
INSERT INTO `profiles` (`user_id`, `gender`, `birthday`, `photo_id`, `created_at`, `hometown`) VALUES ('150', 'f', '1961-06-07', NULL, '2020-06-12 05:54:17', 'accusantium');